970,环境
287,垃圾
267,我国
248,日月
248,光华
243,保护
227,环境保护
214,发信
210,生产
208,问题
199,城市
198,经济
198,发展
194,生态
189,国家
181,工作
159,社会
151,阶级
142,资源
139,主要
138,影响
136,部门
134,进行
128,清洁
127,中国
126,来源
126,全国
125,废物
124,工业
122,造成
116,企业
114,环境污染
114,文章
110,信区
109,处理
109,产生
107,重要
107,建设
107,地区
106,人类
106,世界
103,讨论区
101,阅读
101,返回
101,研究
100,破坏
100,上一
99,精华区
99,实施
99,事故
98,动物
97,计划
95,发生
94,人口
91,项目
91,系统
89,生活
89,物质
87,记者
86,难民
86,污染物
86,增加
85,美国
83,目标
83,加强
82,政府
81,规定
81,实现
80,标准
80,措施
79,减少
79,信件
77,技术
77,危险
76,综合
76,生态环境
75,重点
73,人们
72,过程
70,自然
70,水平
70,成为
69,要求
69,地震
68,森林
68,土地
68,卷心菜
67,新华社
67,小事
67,增长
67,人民
65,可持续发展
64,国务院
64,世纪
63,方面
62,北京
60,调查
59,意识
59,会议
58,规划
58,组织
58,方式
58,协调
58,具有
57,检查
56,海洋
56,导致
56,国际
55,日月光
55,投资
55,华站
53,重大
53,评价
53,空气
53,现象
53,年来
53,城市环境
52,结合
52,情况
52,关系
52,作用
51,水污染
51,包括
50,持续
50,开展
50,工程
49,健康
48,浓度
48,农业
47,自然保护区
47,第一
47,报道
47,开发
47,地方
46,出现
45,面积
45,全球
45,中心
44,需要
44,得到
44,大气
43,能源
43,法律
42,重视
42,达到
42,群众
42,存在
41,认识
41,直接
41,提供
41,应急
41,固体
41,内容
40,领导
40,长江
40,环境质量
40,焚烧炉
40,明显
40,恶化
40,原因
39,流动
39,林业
39,政策
39,执法
39,市场
39,居民
39,太湖
39,单位
39,介绍
38,野生动物
38,进入
38,解决
38,范围
38,能力
38,程度
38,燃烧
38,文化
38,指出
38,地球
38,台湾
38,决定
37,联合国
37,制度
37,为主
36,设施
36,绿色
36,比较
36,强调
36,带来
36,委员会
36,基础
35,消费
35,处置
35,之间
35,主管
34,气候
34,塑料
34,国土
34,区域
34,分析
34,体系
34,人员
34,产品
34,产业
34,专家
33,越来越
33,监督
33,生物
33,生存
33,死亡
33,条件
33,战略
33,因素
33,共同
33,价值
32,责任
32,表明
32,行政
32,行动
32,继续
32,有效
32,总量
31,这是
31,质量
31,时间
31,损失
31,成本
31,召开
30,颗粒物
30,统一
30,石油
30,焚烧
30,春天
30,效益
30,意义
30,促进
30,传统
30,今年
30,不断
29,运动
29,超过
29,行业
29,杀虫剂
29,效应
29,土壤
29,国家环保局
28,论述
28,落实
28,臭氧层
28,系列
28,科学
28,污染源
28,气体
28,明确
28,寂静
28,发现
28,历史
28,功能
28,公众
28,儿童
28,任务
27,降低
27,统计
27,浪费
27,污染防治
27,循环
27,工艺
27,威胁
27,合作
27,卡逊
27,人体
26,达标
26,趋势
26,荒漠化
26,经济发展
26,第二
26,用于
26,灾区
26,水质
26,星期天
26,平均
26,宣传
26,含量
26,剥削
26,上海
25,高度
25,资金
25,设备
25,行为
25,看到
25,模式
25,指标
25,执行
25,努力
25,利益
25,公约
25,事业
24,黄振
24,负责
24,臭氧
24,考虑
24,疾病
24,生命
24,现代化
24,流域
24,水资源
24,有毒
24,普遍
24,报告
24,扩大
24,万吨
23,进口
23,经济学
23,监测
23,污水
23,推动
23,指导
23,建设项目
23,年代
23,垃圾焚烧
23,合理
23,发布
23,原料
23,农药
23,公司
23,二氧化硫
23,下降
22,速度
22,进步
22,进展
22,资源保护
22,禁止
22,生态学
22,生态化
22,状况
22,汽车
22,水源
22,水体
22,构成
22,形式
22,废水
22,实行
22,多个
22,加快
22,加剧
22,农村
22,了解
22,主席
21,防汛
21,防止
21,避免
21,运行
21,较大
21,转移
21,观点
21,节约
21,结构
21,经济效益
21,突出
21,空气污染
21,相当
21,方法
21,数量
21,排污
21,思想
21,安全
21,化学
21,力度
20,领域
20,转变
20,芬兰
20,空间
20,科技
20,现有
20,温室
20,植物
20,推广
20,排放量
20,工厂
20,多种
20,处于
20,噪声
20,变化
20,发表
20,发电
20,原则
20,全市
20,交通
20,不要
19,鸟类
19,面临
19,附近
19,酸雨
19,迅速
19,试点
19,角度
19,耕地
19,绿化
19,组成
19,级地震
19,稳定
19,社会学
19,确定
19,相关
19,用水
19,环境管理
19,燃料
19,最近
19,最大
19,星期五
19,形势
19,完善
19,全民
18,鼓励
18,食品
18,阶段
18,道路
18,过去
18,财富
18,良好
18,自然界
18,经济文化
18,福建
18,社会发展
18,矛盾
18,理论
18,烟气
18,满足
18,海南
18,是由
18,日本
18,方针
18,方案
18,救灾
18,政治
18,改变
18,损害
18,指数
18,小组
18,孩子
18,央视
18,困难
18,同志
18,发挥
18,二氧化碳
18,一次性
17,风险
17,面的
17,遭到
17,贯彻
17,表现
17,经验
17,粮食
17,相应
17,目的
17,热能
17,火灾
17,漓江
17,泥浆
17,无法
17,房屋
17,想象
17,很大
17,巨大
17,学生
17,太湖流域
17,去年
17,压力
17,卫生
17,南部
17,削减
17,农田
17,保护区
17,上海市
16,预防
16,震感
16,隐患
16,运输
16,过度
16,财产
16,联合
16,纳入
16,立法
16,称为
16,热量
16,烘干
16,灾荒
16,淮河
16,污水处理
16,有所
16,有害
16,有利于
16,星期四
16,批准
16,局长
16,失去
16,大连
16,基本国策
16,商品
16,发达
16,包装
16,动植物
16,利用率
16,分类
16,决策
16,冲突
16,公民
16,公布
16,做到
16,保持
16,低于
16,事件
16,不足
16,上述
16,一氧化碳
15,风水
15,限制
15,还要
15,转化
15,资本
15,计算
15,联合国环境署
15,纸张
15,精神
15,监督管理
15,热值
15,注意
15,水域
15,正是
15,机构
15,无产阶级
15,文明
15,教育
15,意见
15,情境
15,恢复
15,废气
15,布局
15,市长
15,已有
15,大会
15,哮喘
15,名录
15,反应
15,印度
15,劳动
15,力量
15,初步
15,准备
15,信息
15,保证
15,主张
15,中华
14,连结
14,辽河
14,说明
14,证明
14,观念
14,英国
14,自然生态
14,自治区
14,能量
14,给予
14,第三
14,社区
14,示范
14,确立
14,河流
14,水土流失
14,植被
14,木材
14,手段
14,所谓
14,强化
14,废弃物
14,层次
14,实际
14,大自然
14,多人
14,墨西哥
14,坚持
14,地位
14,受灾
14,发展观
14,厄尔
14,化肥
14,净化
14,再生
14,中毒
13,青海
13,阶层
13,防治法
13,铜鼓岭
13,选择
13,身体
13,足迹
13,购买
13,议程
13,讨论
13,节水
13,经营
13,空气质量
13,研究所
13,直辖市
13,环保意识
13,物品
13,炉排
13,灾害
13,消息
13,沿海
13,正常
13,概念
13,来源于
13,李鹏
13,方便
13,新中产阶级
13,整体
13,数据
13,提倡
13,接触
13,承担
13,战士
13,总理
13,开放
13,开发区
13,干部
13,尿布
13,小时
13,对策
13,容易
13,宣传教育
13,实践
13,定量
13,国民
13,呼吸道
13,呼吁
13,化工
13,化学药品
13,办法
13,制订
13,创造
13,公共
13,全世界
13,先后
13,余热
13,伤亡
13,代价
13,人与自然
13,中国政府
13,中上游
13,严峻
12,颁布
12,需求
12,雨水
12,降雨
12,降解
12,防护林
12,部长
12,认真
12,西藏
12,获得
12,自由
12,能够
12,缺水
12,突发性
12,秘密
12,种植
12,生长
12,生态农业
12,环保局
12,状态
12,特征
12,烟尘
12,潮湿
12,温度
12,法规
12,江苏
12,毒性
12,机会
12,星期三
12,日常
12,指针
12,拒绝
12,报告书
12,快速
12,必要
12,异化
12,应用
12,工人
12,工业化
12,客观
12,处理厂
12,培训
12,地面
12,危机
12,十年
12,化学品
12,制品
12,列入
12,农民
12,农场
12,全省
12,党中央
12,交界
12,义务
12,世界各国
12,专业
11,高温
11,革命
11,集训
11,金属
11,野生
11,辽河流域
11,超标
11,贮存
11,负担
11,许可证
11,议题
11,言之
11,袭击
11,蛇岛
11,蒸气
11,落后
11,联合国环境规划署
11,编制
11,第一次
11,移民
11,科学家
11,确保
11,相比
11,登记
11,申报
11,环境科学
11,特色
11,特点
11,物资
11,灾民
11,沿岸
11,水环境
11,殖民
11,正式
11,格木
11,树立
11,标志
11,机关
11,本溪市
11,有利
11,效果
11,提到
11,抢救
11,技术改造
11,成效
11,慰问团
11,心理
11,建成
11,废纸
11,废墟
11,干燥
11,市民
11,容器
11,家园
11,宣布
11,太阳能
11,天气
11,大气污染
11,多样性
11,复杂
11,塑料袋
11,含有
11,协定
11,分布
11,公害
11,保护法
11,估计
11,令人
11,代表
11,云南
11,事业单位
11,举行
11,中华人民共和国
11,中一
11,不见
11,上午
11,上升
11,三大
10,鱼类
10,面对
10,遭受
10,道德
10,适应
10,转载
10,距离
10,贫穷
10,谈到
10,设置
10,解振华
10,良性
10,肥皂
10,结束
10,经济建设
10,等于
10,科学技术
10,省政府
10,省市
10,痛苦
10,电池
10,生活污水
10,珠峰
10,珍惜
10,环保厅
10,王俊
10,特殊
10,深入
10,淮河流域
10,测定
10,氨氮
10,气温
10,模范
10,桂林市
10,条例
10,机制
10,有力
10,最高
10,普通
10,普吉
10,显著
10,显示
10,旋风
10,探讨
10,报纸
10,成功
10,总体
10,广州
10,居住
10,定义
10,宋健
10,妇女
10,女士
10,失灵
10,大卡
10,处罚
10,增强
10,基础设施
10,城市污水
10,国民经济
10,听众
10,台网
10,古树
10,参数
10,劳工
10,刺激
10,创建
10,分配
10,出发
10,关闭
10,关键
10,体现
10,优势
10,以往
10,从事
10,事情
10,乡镇企业
10,主义
10,中产
10,东部
10,丙烯腈
10,世界环境日
10,下水道
10,上游
10,一家
10,一体化
9,龙卷风
9,高于
9,重要性
9,退化
9,远远
9,进程
9,转向
9,资料
9,贺卡
9,财政
9,调整
9,论点
9,视为
9,规范
9,联系
9,美丽
9,罚款
9,罕见
9,组成部分
9,约有
9,粒子
9,管辖
9,筷子
9,科研
9,知识
9,相当于
9,皮肤
9,症状
9,界线
9,由此
9,生活环境
9,生态平衡
9,生产力
9,环境状况
9,物种
9,深化
9,消费者
9,河南
9,沈阳
9,水中
9,氰化物
9,比例
9,欧共体
9,森林覆盖率
9,栖息
9,未能
9,有限
9,有着
9,替代
9,明了
9,敏感
9,推进
9,拥有
9,成员
9,成分
9,患者
9,引进
9,废料
9,废塑料
9,年底
9,平衡
9,帮助
9,巴塞尔
9,工业生产
9,寿命
9,对此
9,宾馆
9,大型
9,填埋
9,城乡
9,地球化学
9,地下
9,国际合作
9,名木
9,参观
9,厦门
9,南京
9,协会
9,华北
9,医院
9,北部
9,前提
9,列为
9,做起
9,倾倒
9,低热
9,人数
9,人才
9,交换
9,事实
9,主任
9,丰富
9,不利
8,黑龙江
8,高速
8,马克思
8,饮用
8,饮料
8,面向
8,陕西
8,长时
8,铁路
8,野兽
8,造纸
8,适合
8,远景
8,近年
8,输出
8,资产
8,谈判
8,设计
8,西方
8,蔓延
8,草原
8,节日
8,自觉
8,职责
8,纲要
8,粉尘
8,管理制度
8,社会主义
8,短缺
8,省级
8,省会
8,白色
8,病人
8,珍贵
8,现实
8,环节
8,环保产业
8,热工
8,火山
8,濒危
8,潜在
8,湖北
8,渔业
8,海域
8,海南省
8,法国
8,法制
8,泄漏
8,江泽民
8,江河
8,水蒸汽
8,水灾
8,水位
8,每一
8,欢迎
8,树木
8,林业部
8,材料
8,李新彦
8,服务
8,月份
8,普吉岛
8,方向
8,文化研究
8,放生
8,放在
8,捕杀
8,挑战
8,指挥部
8,成就
8,慢性
8,悬浮
8,态度
8,开采
8,建筑
8,建构
8,府河
8,年间
8,工业炉
8,工业废水
8,山东
8,将于
8,富裕
8,学科
8,学校
8,子孙
8,威海
8,妈妈
8,大连市
8,大规模
8,堵塞
8,城市化
8,国家环保总局
8,品质
8,后果
8,同意
8,受损
8,危险性
8,北京市
8,利润
8,分拣
8,全国人大常委会
8,全国人大
8,儿子
8,健全
8,倒塌
8,促使
8,体制
8,价值观
8,以前
8,人格
8,人大
8,交流
8,二恶英
8,事项
8,习惯
8,之地
8,义务植树
8,举办
8,主题
8,不到
8,下午
7,高山
7,食物
7,预测
7,韦伯
7,非法
7,野菜
7,野外
7,重复
7,都市
7,近期
7,达成
7,辐射
7,资本家
7,责令
7,课题
7,访问
7,观察
7,见到
7,衡量
7,草案
7,草场
7,节目
7,自然保护
7,肯尼亚
7,职工
7,紧缺
7,素质
7,第四
7,福建省
7,社会性
7,盲目
7,申请
7,珍稀
7,现状
7,环保署
7,牺牲
7,爱鸟
7,燃煤
7,烟头
7,灾情
7,灭火
7,湖泊
7,清扫
7,深度
7,淡水
7,涉及
7,消失
7,海面
7,流入
7,泰国
7,治污
7,河水
7,沙漠化
7,汇报
7,水生
7,氮氧化物
7,森林资源
7,核心区
7,李美洁
7,昆虫
7,时期
7,时代
7,日前
7,旅游
7,新型
7,教授
7,效率
7,改革开放
7,损坏
7,指挥
7,抢险
7,抓紧
7,所在
7,战争
7,愿意
7,心
7,德国
7,当事人
7,废弃
7,干旱
7,干扰
7,市政府
7,市场经济
7,工作者
7,对象
7,审核
7,审批
7,实验
7,实用
7,安排
7,失衡
7,太钢
7,大火
7,大幅度
7,多年
7,外交
7,增多
7,基地
7,城镇
7,地面水
7,园林
7,团体
7,回顾
7,回答
7,回收率
7,噪声污染
7,和平
7,听取
7,台北
7,取向
7,发展经济
7,发展战略
7,发出
7,反对
7,又是
7,厕所
7,博物馆
7,动员
7,加工
7,前述
7,制约
7,切尔
7,出生
7,减轻
7,减弱
7,共生
7,全社
7,全球性
7,党员
7,先进
7,充满
7,允许
7,停留
7,体积
7,位于
7,伴随
7,伦敦
7,优美
7,以为
7,人工
7,交易
7,争取
7,乌斯曼
7,主体
7,不适
7,上空
7,一带
7,一书
6,黄河
6,高技术
6,高德占
6,马路
6,食物链
6,飓风
6,鞍钢
6,集团
6,陈俊生
6,防护
6,错误
6,锅炉
6,野蛮
6,遇难
6,速报
6,通讯
6,途径
6,违法
6,近代
6,过多
6,足够
6,起诉
6,赶到
6,走上
6,费用
6,责任制
6,贡献
6,负责人
6,调节
6,设在
6,讲话
6,警告
6,角色
6,规模
6,规律
6,覆盖
6,装修
6,表面
6,蒸发
6,获利
6,膨胀
6,能见度
6,缺乏
6,绿地
6,结论
6,纪念
6,紧张
6,粪便
6,管理体系
6,签署
6,第三世界
6,第七
6,称之为
6,研讨会
6,研制
6,眼睛
6,省长
6,省里
6,省份
6,相信
6,疏离
6,电站
6,电子
6,生产过程
6,瓦砾
6,珠穆朗玛峰
6,珠海
6,环境权
6,环境教育
6,环保科技
6,独特
6,照片
6,热带
6,烟花爆竹
6,灾难
6,火场
6,满意
6,清醒
6,消灭
6,海底
6,海岛
6,流失
6,洁净
6,波动
6,波兰
6,泛滥
6,水龙头
6,水库
6,水分
6,氧气
6,步伐
6,模型
6,核心
6,树种
6,李鹏说
6,权力
6,本文
6,未经
6,日至
6,无害化
6,旅馆
6,新技术
6,斯维尔
6,斗争
6,文件
6,改进
6,探索
6,指责
6,投票
6,所用
6,成长
6,成绩
6,感到
6,总结
6,忽视
6,形象
6,建设工程
6,建筑物
6,庞大
6,年时
6,带有
6,差别
6,山区
6,展开
6,尾气
6,小于
6,密切
6,家畜
6,家庭
6,实际上
6,定价
6,学者
6,子孙后代
6,妥善
6,头痛
6,大面积
6,大大
6,大地
6,处理量
6,增大
6,基金
6,城市规划
6,地震局
6,地下水
6,在内
6,国情
6,国会
6,因子
6,告诉
6,吸引
6,同步
6,合作关系
6,可达
6,可用
6,发电站
6,发展道路
6,反映
6,双方
6,华南
6,医药
6,北戴河
6,办公室
6,剩余
6,分级
6,凸显
6,减产
6,凌晨
6,决心
6,决口
6,农作物
6,内罗毕
6,关心
6,公路
6,公园
6,做法
6,余震
6,余热锅炉
6,位置
6,伤害
6,伟大
6,企图
6,价格
6,产量
6,互动
6,云南省
6,乡镇
6,之心
6,主观
6,中部
6,中央
6,丧失
6,东西
6,不够
6,下发
6,三河
6,三条
6,三废
6,三国
6,一座
5,黑手
5,黎明
5,高温区
5,高出
5,骨骼
5,首都
5,饮食
5,餐具
5,风景
5,预报
5,青年
5,震源
5,集体
5,降水
5,阻碍
5,长江流域
5,销售
5,钟燕明
5,重金属
5,配套
5,都可
5,道理
5,适用
5,违反
5,运送
5,运费
5,运用
5,过剩
5,辽宁省
5,边缘
5,转换
5,跨越
5,越多
5,走出
5,赔偿
5,贸易
5,评估
5,评为
5,论坛
5,西藏自治区
5,装置
5,藏羚羊
5,薄弱
5,营养
5,获悉
5,药品
5,苏州河
5,艰巨
5,自行车
5,脆弱
5,职能
5,职业
5,网络
5,缺少
5,缓解
5,结构调整
5,红树林
5,系数
5,类型
5,管理权
5,管理办法
5,管理体制
5,签订
5,窒息
5,秸秆
5,秘书长
5,科技成果
5,科技发展
5,离开
5,福州
5,祖国
5,白皮书
5,电视
5,用来
5,生灵
5,生时
5,生境
5,琼斯
5,理解
5,珠峰地区
5,玻璃
5,环境署
5,环境建设
5,环境工程
5,环发
5,环保工业
5,猴子
5,特定
5,爆炸
5,煤炭
5,烧荒
5,烟雾
5,灭绝
5,演化
5,淹没
5,深圳市
5,浙江
5,洪水
5,洛杉矶
5,洗衣粉
5,油漆
5,沙化
5,汽轮机
5,水面
5,水量
5,水系
5,水旱
5,氧化
5,氟化物
5,气象
5,每一个
5,植树
5,框架
5,桂林
5,核试验
5,核电站
5,来信
5,村庄
5,机遇
5,机械
5,术语
5,朝向
5,暴露
5,普及
5,昼夜
5,时尚
5,无情
5,无形
5,新增
5,新兴
5,文献
5,文字
5,数千
5,数值
5,救济
5,救护
5,政府部门
5,撤离
5,提前
5,损耗
5,抢险队
5,投诉
5,批评
5,扩散
5,执法监督
5,成果
5,感觉
5,恐惧
5,总统
5,性质
5,必要性
5,心态
5,微生物
5,当局
5,引发
5,开辟
5,延长
5,年第
5,年会
5,常见
5,常常
5,帐篷
5,市政
5,工程建设
5,工具
5,工作会
5,居住区
5,少有
5,对应
5,对大
5,富营养化
5,审计
5,实验室
5,宏伟
5,宋任穷
5,安得拉邦
5,学习
5,孔雀
5,奋斗
5,失败
5,天然
5,天津
5,天地
5,大片
5,大城市
5,大国
5,大众
5,大于
5,多吨
5,处理费
5,处理率
5,处以
5,塑料制品
5,基本形
5,培养
5,坚实
5,地表
5,地理
5,国家计委
5,国家环境保护局
5,国务委员
5,困
5,噪音
5,喷雾
5,商店
5,唯一
5,唐山
5,响应
5,吴承志
5,后代
5,名单
5,只能
5,古典
5,古代
5,受害
5,发泡
5,发明
5,原理
5,北京大学
5,化合物
5,动手
5,到达
5,刘文杰
5,分在
5,分为
5,冰箱
5,内涵
5,典型
5,公厕
5,全局
5,免受
5,储罐
5,停止
5,供给
5,传热
5,优点
5,以经济
5,人群
5,人祸
5,人士
5,人口日
5,产值
5,二天
5,争论
5,也就是
5,举报
5,为生
5,为人
5,中山
5,个体
5,丧生
5,两岸
5,丢弃
5,东京
5,专题
5,专款
5,不符
5,不知
5,下来
5,上来
5,万人
5,一道
5,一行
5,一致
4,鱼虾
4,高热
4,高浓度
4,高原
4,香格里拉
4,饲养
4,饮用水
4,餐盒
4,风沙
4,频繁
4,面貌
4,面纱
4,青海省
4,露天
4,震区
4,雪
4,集中控制
4,隔离
4,降雨量
4,陆地
4,阳光
4,防范
4,防火
4,阐述
4,闲置
4,金钱
4,释放
4,酒店
4,遵守
4,通风
4,通车
4,通讯员
4,选出
4,送入
4,追究
4,迪庆州
4,辽宁
4,轮胎
4,轨道
4,车间
4,践踏
4,超出
4,起点
4,起步
4,赫尔辛基
4,赞赏
4,资助
4,贷款
4,负荷
4,豪华
4,请教
4,试验
4,评审
4,设立
4,论证
4,论文集
4,论文
4,记录
4,记住
4,议定书
4,解释
4,视频
4,觅食
4,规格
4,西欧
4,西宁
4,西南地区
4,衰竭
4,表列
4,蓬勃
4,蓝天
4,蓄积
4,蒸汽
4,蒙特利尔
4,著名
4,营运
4,莫斯科
4,草坪
4,草地
4,范畴
4,范例
4,花园
4,节能
4,节约型
4,舆论
4,致死
4,致使
4,自来水
4,腐蚀
4,脉络
4,能耗
4,肉类
4,联单
4,耕作
4,老人
4,罐头
4,缩小
4,绿色食品
4,维持
4,经理
4,经历
4,终结
4,组织机构
4,组建
4,组合
4,红木
4,累计
4,粒径
4,类似
4,管理工作
4,简直
4,简化
4,签字
4,第五
4,第二十
4,章程
4,穿山甲
4,税收
4,积累
4,科技工作
4,社会调查
4,社会经济
4,社会生活
4,社会学家
4,社会化
4,破坏性
4,矿物
4,短期
4,看出
4,省委
4,直径
4,百年
4,白剑峰
4,癌症
4,畸形
4,电器
4,电厂
4,田鸡
4,用电
4,生理
4,生效
4,生成
4,生产总值
4,理想
4,理性
4,班达海
4,现出
4,环境规划
4,王丙乾
4,猎场
4,牲畜
4,片面
4,爆发
4,燃煤锅炉
4,燃烧室
4,照射
4,煤气
4,焦点
4,热带雨林
4,潜水
4,潜力
4,滥伐
4,滑坡
4,滇池
4,渠道
4,清水
4,深刻
4,涵养
4,液体
4,消防
4,海滩
4,海河
4,海区
4,流星雨
4,注重
4,泉州
4,沿线
4,沼泽地
4,治疗
4,治理区
4,治安
4,河段
4,河卡
4,汽油
4,江苏省
4,江南
4,水藻
4,水利
4,气态
4,气化
4,民众
4,死亡率
4,武警
4,正义
4,概括
4,检验
4,检测
4,桥梁
4,案例
4,染料
4,林宗棠
4,林地
4,来临
4,李永展
4,杂物
4,机构建设
4,本溪
4,末端
4,服装
4,是从
4,是不是
4,星期二
4,昂贵
4,早期
4,日平均
4,日均
4,日喀则
4,无色
4,施工
4,新德里
4,断层
4,文告
4,整顿
4,整改
4,教训
4,攻关
4,排污费
4,捡拾
4,损伤
4,振动
4,指标体系
4,指南
4,技能
4,承诺
4,扬尘
4,扑灭
4,所说
4,户主
4,战役
4,戈尔
4,慰问
4,感谢
4,感受
4,愈来愈
4,恶劣
4,总和
4,思路
4,忽略
4,忧患
4,心脏
4,心情
4,强大
4,强制性
4,开支
4,开幕式
4,开垦
4,建材
4,建国
4,广阔
4,广东
4,并将
4,平原
4,干警
4,工农业
4,工作人员
4,工业区
4,巢湖
4,岛屿
4,山西
4,山东省
4,局面
4,尚无
4,小小
4,将对
4,导向
4,对话
4,对待
4,对外
4,富集
4,富有
4,密级
4,密度
4,宿命
4,家具
4,实质
4,官员
4,孝感
4,委员
4,好处
4,奴隶
4,奋战
4,天然气
4,天敌
4,大雨
4,大虾
4,大河
4,大树
4,大学
4,大发
4,多条
4,复议
4,增高
4,城市发展
4,场所
4,圣诞树
4,国人
4,回声
4,四川
4,喜爱
4,唤起
4,周刊
4,启动
4,听到
4,含磷
4,后续
4,吉林
4,各界
4,可行
4,可能性
4,可知
4,可怕
4,可在
4,古人
4,受害者
4,发动
4,反复
4,及其他
4,参见
4,原文
4,印尼
4,华盛顿
4,北美自由贸易区
4,北美
4,包装物
4,势头
4,助燃
4,动作
4,加拿大
4,剧毒
4,前言
4,刺激性
4,制成
4,创新
4,划定
4,切入
4,分工
4,出路
4,出动
4,冶炼
4,决议
4,决策者
4,军队
4,养成
4,其生
4,其中包括
4,关怀
4,共和国
4,共产党员
4,共产党
4,公报
4,全过程
4,光顾
4,光化学烟雾
4,元素
4,储运
4,偏低
4,值得
4,倡导
4,信心
4,保密
4,侵蚀
4,供水
4,例子
4,体会
4,住在
4,低下
4,伦理
4,伤员
4,会见
4,优化
4,优先
4,他用
4,他指
4,人权
4,人文
4,产物
4,产业结构
4,亦可
4,交谈
4,交易会
4,事务
4,书记
4,书籍
4,乐观
4,之多
4,举措
4,主导
4,主动
4,中甸县
4,中央气象台
4,中国西藏自治区
4,中华民族
4,中午
4,中下游
4,个案
4,世界银行
4,不顾
4,不该
4,不当
4,不幸
4,不在
4,不合理
4,不仅仅
4,不义
4,下达
4,上报
4,上下游
4,三明
4,三年
4,万元
4,万亩
4,万个
4,一门
4,一环
4,一文
3,麻痹
3,鸟儿
3,魏源
3,高昂
3,高压泵
3,高兴
3,香港
3,饮水
3,饮品
3,餐馆
3,餐桌
3,顾问
3,须要
3,韩国
3,面积约
3,青蛙
3,青少年
3,集中供热
3,难于
3,随便
3,陷入
3,院长
3,限于
3,陌生
3,附图
3,阿特拉
3,阴宅
3,阳宅
3,队伍
3,长远
3,锐减
3,铁盖
3,钢铁
3,钢渣
3,钓鱼
3,金融
3,野驴
3,野味
3,重量
3,重组
3,重庆
3,采集
3,采矿
3,采样
3,采暖
3,采伐
3,酚类
3,配备
3,部队
3,部长会议
3,部级
3,部委
3,遗迹
3,遗憾
3,遗体
3,道光
3,造林绿化
3,造林
3,递增
3,透露
3,适度
3,连年
3,远离
3,进口设备
3,近海
3,运输费
3,运转
3,运营
3,运作
3,过客
3,迄今为止
3,辩论
3,输送
3,载体
3,轻工
3,身份
3,跨国
3,跨入
3,足以
3,超五类
3,起床
3,走向
3,赠送
3,资源化
3,资格
3,资本主义
3,资产阶级
3,贯穿
3,购物
3,责任状
3,负有
3,象征
3,谷物
3,谴责
3,谈话
3,诱捕
3,误服
3,试行
3,诊断
3,评选
3,证据
3,证书
3,许涤新
3,议事日程
3,警察
3,解放军
3,见诸
3,覆盖率
3,西江
3,西北
3,被迫
3,表演
3,蛋白质
3,蛇类
3,藏族
3,蓝色
3,蓄积量
3,莆田
3,茶楼
3,苏北
3,花草
3,花木
3,节省
3,艰难
3,良知
3,航空
3,致力于
3,至关重要
3,自然景观
3,自治州
3,腐蚀性
3,腐烂
3,脂肪
3,背景
3,背后
3,肺癌
3,肺泡
3,肺水肿
3,肯定
3,股市
3,聚集
3,耗费
3,耗竭
3,耍猴
3,考验
3,考量
3,老虎
3,美的
3,美好
3,网民
3,缩短
3,编写
3,缓慢
3,绿色和平组织
3,维护
3,维修
3,继承
3,绝迹
3,结构性
3,经济分析
3,织
3,细微
3,组长
3,组分
3,纽约
3,纪录
3,红豆杉
3,红牌
3,红树
3,紫外线
3,粗暴
3,米高
3,米深
3,管理部门
3,管理规定
3,管理条例
3,简称
3,简介
3,筹建
3,笼养
3,第２
3,第十
3,第一线
3,符合
3,稳固
3,程序
3,移动
3,称号
3,离子
3,禁放
3,神经
3,社会问题
3,社会文化
3,社会效益
3,碧水
3,石家庄
3,石化
3,眼光
3,省略
3,相同
3,相反
3,相互作用
3,目录
3,监理
3,盐碱化
3,皮大衣
3,百分点
3,白天
3,电压
3,田野
3,用水量
3,用地
3,用品
3,生物学家
3,生机
3,生化需氧量
3,生产基地
3,现设
3,环境标志
3,环保部
3,环保技术
3,率领
3,猪肉
3,猕猴
3,狭窄
3,狩猎
3,特纳
3,特大
3,特区
3,牵头
3,牧民
3,热爱
3,热分解
3,烘干机
3,炼焦
3,炉温
3,濒临
3,激发
3,潮流
3,溶解氧
3,源头
3,源于
3,湖北省
3,游览
3,渤海
3,渗透法
3,清洁工
3,清楚
3,清晨
3,涉及到
3,消耗量
3,海湾
3,海岸
3,海南人
3,测量
3,流行
3,活水
3,洗涤剂
3,泥石流
3,泡沫
3,法制观念
3,沿河
3,沼气
3,油墨
3,油城
3,沙井镇
3,沉降
3,汾河
3,汽水
3,污泥
3,污染控制
3,汇编
3,水鸟
3,水道
3,水具
3,水产
3,氧量
3,氧化碳
3,氟利昂
3,气溶胶
3,民族
3,毛额
3,毛皮
3,比重
3,母亲
3,毁坏
3,残渣
3,武警部队
3,武汉
3,正比
3,正常值
3,正值
3,歇斯底里
3,欧美
3,樊如钧
3,根本性
3,核心期刊
3,染有
3,枞树
3,果断
3,林火
3,林区
3,林业局
3,来回
3,来吧
3,来到
3,条款
3,杜绝
3,李炜
3,杂志
3,机器
3,机动车
3,本地
3,期限
3,期望
3,期待
3,有益
3,有权
3,有机物
3,有机体
3,有待
3,最多
3,最为
3,景观
3,是非
3,易于
3,时间表
3,旱灾
3,旨在
3,无知
3,无毒
3,无效
3,无一
3,旅顺
3,旅游业
3,施肥
3,新鲜
3,新闻发布会
3,文物
3,文本
3,数万
3,教育培训
3,教区
3,政委
3,放射性
3,攻击
3,收入
3,支队
3,搬迁
3,搅动
3,援助
3,提要
3,推迟
3,掠夺
3,排泄物
3,排污量
3,挂帅
3,拉萨
3,报刊
3,抛弃
3,技术转让
3,技术合作
3,扭转
3,扩建
3,打击
3,扑救
3,所属
3,我爱
3,成虫
3,成熟
3,成灾
3,意即
3,愉快
3,想到
3,情绪
3,恶果
3,恶心
3,总部
3,总指挥
3,总体规划
3,总产值
3,性能价格比
3,性格
3,急救
3,急性
3,很快
3,强度
3,强制
3,弊端
3,开设
3,建厂
3,度越
3,废渣
3,应有
3,应尽
3,应付
3,广州市
3,并存
3,年期
3,年头
3,年初
3,年代初
3,年产量
3,干线
3,干热
3,幅度
3,常规
3,带头
3,巴西
3,差距
3,工程项目
3,工业界
3,山西省
3,山坡
3,山地
3,履约
3,展为
3,屏障
3,屋顶
3,局限
3,尤为
3,小鸟
3,小标题
3,小康
3,小众
3,尊重
3,寻求
3,对外开放
3,察看
3,密集
3,密闭
3,家禽
3,害虫
3,宣教
3,审查
3,宛如
3,定结
3,定位
3,定为
3,官方
3,宗旨
3,宏观
3,完整
3,安排好
3,安全第一
3,学术
3,学报
3,孙中山
3,媒介
3,始于
3,好转
3,夹杂
3,头晕
3,夫妻
3,太阳
3,太空
3,天都
3,天象
3,天灾
3,天人合一
3,天下
3,大熊猫
3,多样化
3,多家
3,外部
3,外商投资
3,外出
3,复制
3,声音
3,声势
3,增长量
3,增产
3,堆肥
3,基本情况
3,城市建设
3,城区
3,型态
3,垃圾量
3,坚定
3,地点
3,地带
3,地域
3,地区性
3,国家经贸委
3,国家环境保护总局
3,国家标准
3,固定
3,困扰
3,团结
3,回落
3,四川盆地
3,四十年
3,器官
3,喜欢
3,啤酒
3,商业
3,唐代
3,命名
3,命令
3,呼应
3,呈现
3,吸热
3,吸水
3,名列
3,同学
3,同事
3,合理化
3,合法
3,合作项目
3,号召
3,台北市
3,可靠
3,可追溯
3,可观
3,可行性
3,可比
3,可喜
3,可吸入颗粒物
3,变迁
3,变形
3,受伤
3,取乐
3,发言人
3,发胶
3,发胖
3,发扬
3,发展目标
3,发展方向
3,反映出
3,反共
3,双环科技
3,原始
3,厂区
3,危害性
3,印象
3,占有欲
3,占地面积
3,南海
3,南极
3,南京市
3,南京大学
3,卑尔根
3,协议
3,协商
3,医疗队
3,医生
3,区别
3,匮乏
3,北纬
3,北方
3,包围
3,勇气
3,动态
3,动力
3,办公会议
3,副总
3,副主任
3,前进
3,前期
3,前景
3,列有
3,刑事
3,切都
3,切莫
3,分散
3,分区
3,出卖
3,凶猛
3,减量化
3,准则
3,冶金
3,况且
3,况下
3,决不能
3,冲洗
3,冲刷
3,冲击
3,冰川
3,冤枉
3,农业部
3,写作
3,内在
3,具备
3,其他国家
3,兴建
3,兴办
3,关行
3,共存
3,六氟化硫
3,全身
3,全线
3,全党
3,党组织
3,党政领导
3,克林顿
3,储存
3,偷猎
3,停产
3,停业
3,做为
3,债务
3,倡议
3,借鉴
3,候鸟
3,修订
3,保洁
3,保守
3,供应
3,何谓
3,住家
3,估算
3,伤人
3,传播
3,会所
3,会同
3,优秀企业
3,优惠政策
3,任期
3,任何一
3,仪器
3,以南
3,介质
3,今早
3,人次
3,人和
3,人力
3,享有
3,享受
3,交通运输
3,亚洲
3,于此
3,于各种
3,于其
3,二氧化氮
3,事实上
3,了解到
3,乱占
3,乡村
3,之际
3,主编
3,为由
3,中都
3,中西部
3,中美
3,中研院
3,中尼
3,中央人民广播电台
3,严禁
3,两区
3,业主
3,专用
3,专人
3,不清
3,不服
3,不易
3,不愧为
3,不宜
3,不均
3,不吃
3,不及
3,下去
3,下列
3,上级
3,上百
3,上海环境
3,七大
3,七十年代
3,一重
3,一群
3,一开
3,一句话
3,一体
3,一人
2,龙羊峡水电站
2,龙羊峡
2,黄浦江
2,麻烦
2,鲜血
2,魏红涛
2,高黎贡山
2,高质量
2,高空
2,高活性
2,高污染
2,高新技术
2,高怎么
2,高山栎
2,高层次
2,骨质疏松
2,骨质
2,骄傲
2,马上
2,首府
2,首届
2,饲养场
2,饮料瓶
2,饭菜
2,饭桌
2,飞行
2,飞来
2,飞机
2,飘尘
2,风险评估
2,风吹
2,风向
2,题目
2,颗粒
2,频率
2,预言
2,预热
2,预料
2,颁发
2,项基
2,鞍山
2,面粉
2,面包
2,面前
2,非离子氨
2,霞若乡
2,震中
2,需求量
2,零碎
2,雨林
2,雨季
2,集约化
2,雄性
2,难得
2,险段
2,除尘
2,限度
2,降水量
2,降尘
2,降到
2,陈维斌
2,陈安
2,阴天
2,防爆
2,防化
2,队员
2,阔叶
2,阁下
2,阀门
2,闹市
2,长流
2,长期性
2,长久
2,销售价
2,链式
2,银山
2,鉴定
2,鉴别
2,金额
2,金色
2,金山
2,金基鹏
2,量比
2,野鸭
2,重灾区
2,重于
2,里约
2,采访组
2,采访
2,采暖期
2,采摘
2,酿酒
2,酸化
2,配发
2,部副
2,郑春发
2,郊外
2,郅振璞
2,邓飞
2,邓小平
2,遵循
2,遥控
2,遗患
2,遗址
2,遗传
2,遗产
2,遇难者
2,逾期
2,造纸厂
2,逝世
2,通道
2,通川
2,递减
2,选票
2,选举
2,适当
2,适宜
2,送风
2,送给
2,送暖
2,迫切性
2,迫切
2,违规
2,违背
2,进步奖
2,还贷
2,近日
2,近乎
2,运河
2,迎来
2,过量
2,过电
2,过火
2,过敏症
2,过敏
2,迁徙
2,达标率
2,辛勤
2,辖区
2,轿车
2,轻度
2,轴心
2,软组织
2,转播站
2,转嫁
2,身心
2,路段
2,路子
2,跨境
2,跌落
2,越境
2,超市
2,起自
2,起火
2,起作用
2,走过
2,赤塔州
2,资源管理
2,贸易额
2,贵州
2,贱
2,贫困者
2,贫困
2,贪婪
2,贩子
2,贩卖
2,责任感
2,责任人员
2,负电荷
2,谣言
2,谢联辉
2,谢国雄
2,谋求
2,调集
2,调遣
2,调适
2,调运
2,调查研究
2,调查报告
2,调查员
2,调和
2,课本
2,读卖新闻
2,请求
2,说是
2,诱发
2,询问
2,诚意
2,识别
2,评量
2,访华
2,设法
2,讽刺
2,论者
2,论战
2,许是
2,讲座
2,让步
2,认证
2,计划单列市
2,警钟
2,警戒
2,觉醒
2,规范化
2,规章
2,规模大
2,观测站
2,观测
2,见地
2,覆盖面
2,西部
2,西弗
2,西南部
2,西北地区
2,裘皮
2,裂隙
2,表达
2,表层
2,衣物
2,衣服
2,行署
2,行政管理
2,行径
2,血液
2,螺丝
2,蝴蝶
2,蝮蛇
2,藻类
2,薄雾
2,蔬菜
2,蓄水
2,著作
2,落入
2,落伍
2,萧新煌
2,营员
2,获得者
2,莆田市
2,荣誉
2,荒芜
2,荒漠
2,荒山
2,茂盛
2,苏州
2,花鸟
2,花香
2,花种
2,节约能源
2,节电
2,节制
2,艰巨性
2,船舶
2,航拍
2,舒服
2,致癌物
2,致癌
2,致信
2,自称
2,自查
2,自我批评
2,自在
2,自古以来
2,脸红
2,脑组织
2,脑病
2,脏水
2,能见
2,胡跃平
2,肺病
2,肺炎
2,肺气肿
2,肮脏
2,肩负
2,股票
2,联想
2,聂拉
2,耸立
2,耗资
2,耕种
2,耐受力
2,翻开
2,羽毛
2,群峰
2,美加
2,置于
2,罗瓦
2,罗斯福
2,罗伯特
2,缺点
2,缴纳
2,缘由
2,编著
2,缔约国
2,缅甸
2,绿色标志
2,绿树
2,绿意
2,综合防治
2,综合处
2,维西
2,维尔
2,绥滨县
2,统计资料
2,统观
2,统治者
2,统治
2,绝缘材料
2,绝不
2,绒布
2,经费
2,经贸委
2,经济管理
2,经济社会
2,经济界
2,经常性
2,经典著作
2,细致
2,细心
2,细分
2,纺织品
2,纸浆
2,纸厂
2,纵横
2,纲领
2,纯净
2,级标准
2,级别
2,约束力
2,约束
2,红杉
2,红木家具
2,红唇
2,纠结
2,繁忙
2,累积
2,索取
2,素有
2,精密
2,粪坑
2,粗放
2,管道
2,管网
2,简要
2,筹措
2,筛选
2,等级
2,等一
2,第１
2,第四十
2,第六
2,第二届
2,第九
2,第三十
2,端囊乩
2,童山
2,竞选
2,竞争力
2,竞争
2,立足
2,立起
2,立方
2,窗户
2,突破性
2,突然性
2,穿着
2,空白
2,空洞
2,空中
2,穆鲁
2,稀薄
2,称赞
2,积聚
2,秩序
2,秦春
2,科研机构
2,科技计划
2,科技日报
2,科学研究
2,科学化
2,种草
2,种类
2,私有
2,禽蛋
2,福田
2,福州市
2,福岛
2,祸首
2,祥符
2,神州
2,神奇
2,祖宗
2,社会学所
2,磁选
2,碳氢
2,碧波
2,确认
2,硝酸
2,硕士
2,研讨
2,研究成果
2,研究工作
2,研究人员
2,矿藏
2,矿砂
2,矿石
2,矿渣
2,矿产
2,石碑
2,石油化工
2,石头
2,睾丸癌
2,督促
2,睡眠
2,着重
2,眼球
2,看过
2,看法
2,看作
2,省有
2,省委书记
2,省区
2,相差
2,相似
2,相仿
2,直升机
2,盛夏
2,监督司
2,益于
2,皮革
2,皮桦
2,百合
2,白露
2,登上
2,病虫
2,病症
2,病情
2,疼痛
2,留给
2,男性
2,电话
2,电视台
2,电能
2,电灯
2,电机
2,电力
2,田成平
2,用量
2,用纸
2,用作
2,生计
2,生物性
2,生活用品
2,生活服务
2,生机盎然
2,生态学家
2,生命力
2,生产设备
2,生产商
2,生产以
2,生产中
2,甘肃省
2,瑞典
2,理事会
2,班长
2,珠江口
2,珊瑚礁
2,玻璃瓶
2,现将
2,现存
2,现场会
2,环资
2,环境绿化
2,环境监测
2,环境生态
2,环境治理
2,环卫处
2,环保机构
2,环保总局
2,环保工程
2,环保型
2,王春潇
2,王振宏
2,王怡珩
2,王忠奇
2,王志铮
2,率高
2,玄武湖
2,猛烈
2,犹如
2,特约
2,特有
2,物耗
2,物化
2,物体
2,牧场
2,牧区
2,父母
2,爱护
2,爱动
2,爆炸性
2,熟知
2,熟悉
2,熄灭
2,照顾
2,煤烟
2,焦急
2,焦土
2,焚烧厂
2,热衷
2,热点
2,热效率
2,热心
2,热力学
2,烧炉
2,炼铁
2,炼钢
2,炼制
2,点源
2,点到
2,点击
2,炎症
2,炉膛
2,灼见
2,灵长类
2,灰尘
2,火药
2,火电厂
2,火源
2,火势
2,火力
2,濯濯
2,激情
2,激增
2,激动
2,潜热
2,潜水服
2,演讲
2,漂浮
2,滴水
2,滑落
2,源地
2,湿地
2,游人
2,温暖
2,渡边
2,渔船
2,清澈
2,清泉
2,清扫工
2,清兵
2,混浊
2,深远
2,深渊
2,深海
2,深感
2,深思
2,深圳
2,深切
2,深井
2,淤泥
2,淤塞
2,淡薄
2,涵盖
2,消费品
2,海藻
2,海浪
2,海洋局
2,海平面
2,海岸线
2,海口
2,海南藏族自治州
2,海南州
2,海关
2,流行病学
2,流程图
2,流失量
2,流域性
2,活着
2,活性碳
2,洪泽
2,洛杉矶市
2,洗澡
2,泪
2,泥沙
2,波及
2,法院
2,法律责任
2,法律法规
2,泄露
2,沿袭
2,治水
2,油类
2,沸点
2,河道
2,河身
2,河南省
2,河北
2,沦陷
2,沤肥
2,沙漠
2,沙滩
2,沉重
2,汪洋
2,污水治理
2,污染区
2,江西
2,江河湖泊
2,江段
2,江夏
2,汉水流域
2,汇总
2,永隔
2,永葆
2,永泰县
2,水闸
2,水蒸气
2,水草
2,水箱
2,水管
2,水电
2,水流
2,水泥厂
2,水枪
2,水文
2,水患
2,水土
2,水冷
2,水上
2,氧化物
2,氧化剂
2,气压
2,民间
2,民用
2,比率
2,毒素
2,毒气
2,毒杀
2,毁林
2,段话
2,残忍
2,殆尽
2,死者
2,武警总队
2,步骤
2,步行
2,正面
2,模糊
2,槟榔
2,榜样
2,楼宇
2,检查组
2,梁懿刚
2,梁从诫
2,档案资料
2,桃花
2,桂林人
2,格局
2,核废料
2,核实
2,栖息地
2,树皮
2,树叶
2,标本
2,查明
2,查处
2,染上
2,枯竭
2,林肯
2,极端
2,极好
2,杰出
2,杨明方
2,来都
2,条条
2,村镇
2,李军
2,权钱
2,权威性
2,杀虫
2,杀死
2,杀手
2,机械化
2,朱幼棣
2,本质
2,本省
2,末日
2,木杆
2,服从
2,有限公司
2,有碍
2,有用
2,有无
2,有土地
2,有助于
2,月底
2,最重
2,最快
2,最差
2,最佳
2,曾谓
2,曾多次
2,更深
2,更少
2,曝光
2,暴雨
2,暴涨
2,暂时性
2,智勇
2,晴朗
2,晴天
2,晚清
2,晚报
2,晚上
2,晃动
2,显现
2,显得
2,春风
2,春秋
2,春季
2,星期六
2,星报
2,昏迷
2,昆明
2,旷野
2,时限
2,时间与空间
2,时速
2,时能
2,时空
2,时报
2,时刻
2,旱涝
2,旧中国
2,日本人
2,日数
2,日报
2,无视
2,无味
2,无力
2,无关
2,旅游资源
2,旅游胜地
2,旅游景区
2,旅游区
2,方能
2,方便面
2,新华网
2,新产品
2,新一
2,斯德哥尔摩
2,断面
2,断言
2,断裂
2,断定
2,料及
2,料到
2,文法
2,文化界
2,整体观
2,敲响
2,数目
2,数字
2,敦促
2,教材
2,救急
2,救人
2,敌视
2,敌对
2,故乡
2,政治家
2,政治化
2,放热
2,放心
2,攻坚战
2,改观
2,收费
2,支气管炎
2,支气管
2,摘要
2,摒弃
2,摆在
2,摄入
2,提起
2,描绘
2,控
2,接踵而至
2,掠夺性
2,排污口
2,换来
2,捕鱼
2,捕捞
2,捐给
2,挥发酚
2,挤占
2,挣扎
2,指示
2,指定
2,挂牌
2,拨款
2,拨打
2,拒食
2,拍照
2,拉开
2,拆零
2,拆毁
2,担心
2,抽搐
2,抵达
2,报导
2,报上
2,护卫者
2,抚顺
2,投资额
2,投产
2,技术资料
2,技术支持
2,技术成果
2,承认
2,托儿所
2,打捞
2,打折
2,打入
2,手提袋
2,所在地
2,房间
2,截止
2,战胜
2,成群
2,成因
2,戈萨奇
2,懈怠
2,感激
2,感慨
2,意味
2,意向
2,惊醒
2,情节
2,情操
2,情商
2,悲观
2,悲哀
2,悲剧
2,患病
2,患上
2,悠久
2,恫吓
2,总计
2,总裁
2,总会
2,怪病
2,性能
2,性命
2,性别
2,急需
2,思考
2,怜惜
2,怀疑
2,快讯
2,快乐
2,忠告
2,必需品
2,必不可少
2,德钦
2,德斯
2,微粒
2,得知
2,得克萨斯
2,徐志坚
2,径流
2,往年
2,往复
2,形状
2,形容
2,当代人
2,强硬派
2,张非非
2,引火
2,引导
2,弄清
2,异味
2,开路
2,开窗
2,开来
2,开启
2,开发署
2,开发建设
2,开创
2,开会
2,建起
2,建筑材料
2,建制镇
2,延伸
2,廖声武
2,座谈会
2,座标
2,废除
2,废物利用
2,废品回收
2,废品
2,府尹
2,底部
2,应尽快
2,应充分
2,应充
2,应做
2,庐舍
2,序幕
2,广播
2,幼虫
2,并能
2,并处
2,并同
2,年度计划
2,年度
2,年制
2,年利
2,年中
2,平洋
2,平方
2,干粉
2,干流
2,干法
2,干净
2,常绿
2,常用
2,带领
2,带走
2,带回
2,布鲁塞尔
2,布袋
2,布满
2,布拉德利
2,市容
2,市委
2,巴结
2,已知
2,差异
2,差不
2,巩固
2,巧合
2,左派
2,工资
2,工程车
2,工具书
2,工作计划
2,工作组
2,工业部门
2,工业技术
2,山林
2,山岭
2,山上
2,屠杀
2,尼亚
2,尹秉高
2,尹克升
2,尘埃
2,尘土
2,少数民族
2,少年
2,封闭
2,寺庙
2,对立
2,对生
2,对比
2,对付
2,对不起
2,察隅
2,容后
2,家里
2,家乡
2,宣言
2,审核员
2,审批权
2,宠物
2,宠爱
2,实施细则
2,实施方案
2,实地
2,实力
2,实事
2,实习生
2,宝陵河
2,宝库
2,宝安区
2,定日
2,官兵
2,官僚
2,宏观调控
2,安装
2,安得
2,安危
2,安全标准
2,宁夏
2,学家
2,学到
2,学位授予
2,孤立
2,孤岛
2,季节
2,孟加拉虎
2,孟加拉湾
2,孟加拉国
2,孟加
2,孟仁泉
2,孙福文
2,子项目
2,子栏镇
2,媲美
2,媒体
2,娱乐
2,姜岩
2,委托
2,委员长
2,委副书记
2,妻子
2,奴隶制
2,女性
2,女孩
2,女大
2,女儿
2,奚哲占
2,套子
2,奇观
2,奇峰
2,夹带
2,夹子
2,头疼
2,头昏
2,头家
2,失调
2,失误
2,失控
2,太子河
2,太原
2,天鹅
2,天空
2,天人
2,大门
2,大衣
2,大水
2,大气层
2,大棒
2,大使馆
2,大乐
2,大为
2,大一
2,多来
2,多城市
2,多发
2,多元化
2,多伦多
2,多亿
2,多于
2,外观
2,外经贸部
2,外国
2,夏天
2,复查
2,复审
2,备案
2,声望
2,壮观
2,墨西哥城
2,填埋场
2,塞尔
2,塔尔
2,塌方
2,堪称
2,堤岸
2,堆存
2,基数
2,基因
2,培训班
2,培训中心
2,城市美容师
2,城市生活
2,城市交通
2,城乡建设
2,埋入
2,垃圾山
2,垃圾场
2,垂钓
2,垂直
2,坚硬
2,坚强
2,坚信
2,均衡
2,地形
2,地市
2,地学
2,地区级
2,地利
2,在家
2,在一起
2,土石
2,土层
2,图纸
2,国际社
2,国际标准化组织
2,国际会议
2,国际交流
2,国设市
2,国界
2,国家防汛总指挥部
2,国家技术监督局
2,国务院环委会
2,国务卿
2,围观
2,围堤
2,园艺
2,团伙
2,因地制宜
2,回归
2,回家
2,回去
2,回到
2,喷洒
2,喷发
2,喜马拉雅
2,商讨
2,商业性
2,哈尔滨
2,哀鸣
2,咽喉
2,咨询
2,和蔼
2,和成
2,和县
2,呼唤
2,呼吸器
2,周淑贞
2,周期
2,周报
2,周志中
2,周德武
2,呕吐
2,呐喊
2,吸烟
2,吴兢
2,含水
2,向度
2,向前
2,向上
2,吐
2,后排
2,名词
2,名言
2,名城
2,同级
2,同等
2,同温层
2,同在
2,同一
2,吉隆
2,吉林市
2,合理性
2,合作建立
2,吃草
2,吃惊
2,司机
2,叶猴
2,叶松
2,史宗
2,台阶
2,可采
2,可谓
2,可耕地
2,可燃气体
2,可望
2,可感
2,可悲
2,可再生资源
2,可再生
2,可信
2,可以通过
2,可以使
2,只顾
2,另有
2,口头
2,变异
2,变废为宝
2,受益
2,取土
2,取一
2,发病率
2,发电设备
2,发电机
2,发生率
2,发展规划
2,反馈
2,反身
2,反省
2,反扑
2,反思
2,反动
2,双面
2,双手
2,友谊
2,友好
2,友善
2,参考文献
2,去除率
2,原矿
2,原有
2,原始森林
2,原住民
2,厉害
2,历程
2,历时
2,历史文化
2,厂长
2,印度报业托拉斯
2,印制
2,卫士
2,卢比
2,占全
2,博士
2,南粤
2,南北
2,单设
2,单元
2,单个
2,协助
2,华沙
2,华北平原
2,华人
2,半径
2,升高
2,千里
2,十佳
2,医疗
2,医护
2,区政府
2,区域环境
2,区分
2,北美洲
2,化纤
2,化建
2,化学家
2,化为
2,动物园
2,动物保护
2,务实
2,加州
2,加害人
2,加利福尼亚州
2,加利福尼亚
2,加利
2,加倍
2,功能区
2,力求
2,力争
2,割断
2,前面
2,前苏联
2,前文
2,前三
2,制造厂
2,制造业
2,制剂
2,制冷剂
2,到来
2,到新
2,到会
2,利率
2,判断
2,初期
2,创下
2,列举
2,划分
2,刑法
2,分表
2,分界线
2,分段
2,分摊
2,分属
2,分居
2,出版社
2,出炉
2,出没
2,出名
2,出台
2,凤凰网
2,减缓
2,减小
2,冷管
2,冷空气
2,冷漠
2,冷杉
2,决策层
2,冲毁
2,冲厕
2,冰芯
2,冰塔林
2,冬季
2,冬天
2,农户
2,写照
2,再见
2,再生纸
2,再生产
2,内政部
2,内容包括
2,内在化
2,典范
2,其成
2,兴趣
2,兴起
2,兴海县
2,兴地
2,关鸟
2,关键词
2,关联
2,关省
2,关爱
2,关帝庙
2,关中
2,共犯
2,共和
2,兰屿
2,公安
2,全民族
2,全境
2,全国绿化委员会
2,全体
2,全人类
2,党委
2,免疫
2,克服
2,克尔
2,先哲
2,充实
2,偿还
2,做工
2,值班
2,俱乐部
2,修辞
2,信任
2,保护局
2,促销
2,便有
2,侥幸
2,依法行政
2,供热量
2,使馆
2,使用量
2,使命
2,作法
2,作孽
2,作业
2,余次
2,余年
2,余名
2,体系认证
2,体制改革
2,住宅区
2,住宅
2,伴有
2,伦理观
2,伤口
2,传真
2,传染
2,优越
2,优秀
2,众生
2,休闲
2,休息
2,伏龙桥
2,企业化
2,任何时
2,仪表
2,仪式
2,仪器仪表
2,以期
2,以北
2,以利
2,令人不安
2,代名词
2,仙游县
2,仙游
2,仓库
2,今晚
2,亿多元
2,亿只
2,人际
2,人民日报
2,人民大会堂
2,人有
2,人大常委会
2,人口政策
2,人中
2,产生量
2,产出
2,交织
2,亚热
2,五金
2,五年计划
2,五一劳动奖章
2,互利
2,于含碳
2,于一体
2,二硫化碳
2,二次污染物
2,买来
2,习性
2,乘车
2,乔松
2,乐章
2,之首
2,之称
2,之士
2,之友
2,之利
2,乃是
2,举出
2,主轴
2,主流
2,主干
2,主峰
2,为民
2,为副
2,为准
2,中牟
2,中期
2,中旬
2,中平
2,中常
2,中带
2,中山市
2,中外
2,中国环境监测总站
2,中国人
2,中华人民
2,中包
2,中上
2,严峰
2,严于
2,两面
2,东电
2,东方宾馆
2,东南亚
2,世袭
2,世界经济
2,世界纪录
2,世界性
2,世俗
2,专项
2,专家分析
2,专业化
2,与会
2,不足以
2,不负
2,不平
2,不喜欢
2,不停
2,不严
2,下游
2,下流
2,下旬
2,下决心
2,上马
2,上海等地
2,上海人民出版社
2,上岗
2,上去
2,上千
2,三方
2,三合一
2,三北防护林
2,三个一
2,万条
2,万张
2,万头
2,万只
2,万余
2,一首
2,一面
2,一线
2,一百多
2,一氧化氮
2,一棵树
2,一根
2,一声
2,一代
2,一世纪
