1174,比赛
703,选手
435,中国队
582,冠军
576,亚运会
340,金牌
236,锦标赛
270,运动员
205,健美
370,成绩
354,女子
417,新华社
290,队员
215,决赛
345,世界
202,夺得
334,举行
321,获得
282,男子
578,中国
364,北京
310,全国
404,记者
91,联赛
122,战胜
118,世界杯
330,进行
87,击败
165,亚洲
71,半决赛
182,第二
116,对手
133,训练
98,足球
87,亚军
110,三名
114,教练
86,参赛
118,体育
196,国际
67,乒乓球
226,项目
174,日本
140,结束
165,第一
60,名将
65,比分
104,实力
46,总成绩
100,日至
87,运动
93,团体
88,纪录
61,银牌
48,全英
42,球队
57,铜牌
55,曼谷
69,组委会
57,赛区
52,珠峰
72,运动会
61,名列
75,大赛
45,赛场
57,二名
59,裁判
101,第三
46,举重
87,苏联
60,游泳
61,今晚
51,全能
73,观众
99,一名
55,第十一届
46,获胜
76,将于
36,女排
34,足球赛
35,羽毛球
50,登上
38,负于
106,水平
44,队友
54,朝鲜
59,领先
49,登山
95,进入
56,意大利
39,夺冠
46,失误
38,上届
75,青年
43,田径
33,网球
122,国家
31,帆板
28,名次
35,分获
44,海拔
27,自由泳
54,动作
108,今年
45,争夺
36,邀请赛
35,失利
41,世界纪录
61,小组
34,夺取
50,级别
27,釜山
37,肌肉
108,美国
28,足球队
61,优势
34,出色
26,排球
39,跳水
28,东道主
33,健身
27,大本营
63,成功
23,战绩
46,第十
30,出场
67,发挥
47,第四
41,主力
53,欧洲
49,法国
55,下午
50,协会
33,自行车
22,迎战
42,赢得
46,资格
47,韩国
58,小时
68,去年
32,战术
32,种子
42,代表团
23,锦标
29,公开赛
37,甲级
65,我国
47,表演
38,辽宁
38,最佳
20,参赛选手
51,准备
26,国家体委
37,南朝鲜
35,开幕
31,拉萨
20,李晓霞
20,摔跤
32,国家队
47,机会
53,表现
23,夺走
28,火炬
24,交锋
30,代表队
27,奖牌
20,选拔赛
57,这是
25,米尔
47,举办
48,阶段
21,齐齐哈尔
44,状态
39,第一次
18,四强
41,通讯员
55,上海
34,集资
44,广东
27,瑞典
27,荷兰
47,人们
17,名古屋
35,激烈
21,围棋
22,丹麦
23,第四名
36,年轻
37,胜利
29,队长
27,营地
17,比赛项目
32,印尼
59,地区
43,采访
20,跳跃
26,姑娘
81,工作
19,世锦
24,接力
29,哈尔滨
24,赛事
32,泰国
18,球迷
22,六名
23,冬季
16,好手
19,上场
21,李娜
33,加拿大
28,首届
18,伤残人
20,劲旅
26,联合会
16,种子选手
33,组成
31,男女
25,突击
21,终点
22,高手
21,联邦德国
27,捐款
47,和平
17,外电
19,元老
18,出线
29,东京
35,澳大利亚
21,南极
22,较量
33,大会
18,教练员
16,应发
17,复赛
47,报道
21,珠穆朗玛峰
17,无缘
15,发奖
46,技术
25,筹备
22,单项
20,奥地利
56,情况
25,竞赛
49,时间
29,巴西
23,四名
35,创造
42,超过
23,篮球
41,决定
26,射击
29,天津
24,第八
28,年龄
23,积分
19,长跑
15,探险
38,代表
35,正式
47,成为
29,山东
17,得主
18,五名
26,第五
13,对阵
18,领队
48,主要
32,上午
14,跳板
16,陈龙
17,桂冠
31,宣布
36,英国
21,阵容
17,有希
15,主场
14,小威
32,香港
17,中学生
12,王力
12,客场
26,紧张
29,北京市
23,进攻
33,人数
25,身体
24,电视
38,人民
37,双方
18,大奖赛
32,产生
13,拳击
13,打法
22,报名
34,最大
17,花样
33,广州
25,感到
17,奥运
33,了解
18,奥林匹克
12,体院
19,得了
15,匈牙利
11,雪橇
11,悉尼奥运会
11,全队
13,吉米
17,场馆
15,大利
31,先生
60,问题
19,体重
12,体协
16,总分
28,经验
25,已有
23,受伤
18,体育馆
23,未能
26,优秀
32,主席
33,中方
18,得分
13,胜负
13,输给
33,精神
38,出现
19,办好
16,保加利亚
16,集训
14,亚运村
21,云南
20,谈到
11,山峰
20,美方
16,营养
14,国际奥委会
13,台球
23,多名
20,上级
15,印度尼西亚
17,全场
13,分在
30,比较
25,竞争
11,击剑
19,南斯拉夫
12,洛桑
14,球员
22,邀请
31,介绍
16,首场
20,满意
12,滑雪
11,行家
16,俱乐部
15,三国
13,顶峰
31,中心
23,浙江
23,印度
21,四川
16,观看
28,内容
15,体育场
14,备战
31,目标
18,翻译
20,第七
16,至此
29,保持
16,捐赠
21,相信
9,勇夺
9,亚奥
15,第二届
18,参观
21,是由
14,大阪
19,不错
25,平均
15,第四届
20,别为
27,原因
10,中国女排
13,第三届
14,首轮
17,巴黎
17,昆明
16,中日
16,一流
10,卡巴
12,高尔夫球
20,武汉
31,单位
33,方面
25,之间
15,抵达
19,心理
21,先后
16,瑞士
19,江苏
13,南昌
19,素质
10,李明
19,一轮
16,到达
13,体育中心
10,大胜
23,联合
15,身高
19,感觉
14,退役
11,跳出
12,比利时
15,遗憾
32,要求
19,对方
9,女子组
20,职业
11,中国香港
18,令人
25,年来
23,过去
12,辛格
13,兰州
17,晚上
17,河北
12,回旋
15,身材
15,三方
13,斯坦
15,蒙古
17,以往
14,场地
11,张军
12,挪威
19,队伍
12,体力
15,主办
12,新秀
17,湖北
29,规定
8,花剑
16,江西
24,明显
9,主教
15,平壤
21,主任
21,认真
25,领导
23,得到
20,不足
9,球场
8,拦网
10,勇士
14,新西兰
16,沈阳
12,大河
17,差距
19,正常
12,开局
10,中国青年
16,河南
8,体育界
9,能参
16,副主席
17,进步
17,自治区
13,第五届
8,全运
10,英格兰
11,蝉联
17,成都
11,阿根廷
17,友谊
12,小标题
13,黑龙江省
8,庆华
10,败给
21,良好
18,俄罗斯
27,影响
9,运动队
10,本社
16,意外
9,连胜
15,前来
13,甘肃
14,天气
20,无法
8,赛制
16,外国
8,铁人三项
8,终场
15,选拔
15,祖国
12,在意
14,大师
10,桥牌
13,横穿
18,信心
12,鲜花
8,游泳队
11,花木
36,发展
12,二轮
13,气氛
11,汉城
10,帷幕
17,贡献
26,开展
15,著名
13,青岛
10,总决赛
8,突击队员
17,下来
15,古巴
17,事情
11,过关
17,透露
14,马来西亚
15,日晚
25,组织
14,相同
12,西班牙
27,重要
10,罗马
12,拉开
12,第九
13,内蒙古
17,欢迎
15,唯一
15,很快
15,退出
8,黄华
14,仪式
11,荣获
8,跆拳道
11,新人
8,犯规
9,冰雪
16,挑战
9,肇庆
10,打的
10,新手
13,现出
11,索尼
10,运动场
10,武术
23,增加
17,拥有
19,任务
7,福寿
11,历时
11,相遇
9,达瓦
14,难度
9,可惜
20,消息
10,图形
8,曾以
15,山西
18,委员会
17,较大
16,说明
13,步枪
10,榜首
19,努力
7,张雄
7,七名
7,交手
16,集体
13,罗马尼亚
9,芬兰
7,里亚
12,回国
9,主队
7,铁人
14,冲击
7,菲利
13,排名
20,历史
11,前三
15,位置
15,哈萨克斯坦
14,友好
13,热情
15,部长
8,京津
26,城市
11,漂亮
13,小姐
12,伊朗
8,青鸟
10,赠送
10,昨晚
17,形势
8,抽签
21,不断
7,李莉
7,体育场馆
10,签名
20,包括
17,最高
6,颐和园
6,参赛队
20,西藏
16,安排
15,心
8,揭幕
10,二天
10,第一届
15,只能
7,赛道
14,威胁
8,并列
12,分为
16,人民币
13,全体
13,总结
12,纪念
21,发现
9,取胜
7,诺夫
13,最多
9,饮食
15,保证
7,双倍
14,不够
16,重视
10,白云
15,很大
7,前锋
8,奖杯
17,看到
7,洲际
10,符号
11,美丽
8,洛娃
18,达到
15,相比
7,兴奋剂
15,速度
17,具有
21,提供
7,新闻部
7,卫东
7,铁饼
7,胜者
11,普及
12,出发
10,强国
7,南充
12,越南
11,率领
6,移师
7,出征
15,困难
8,少先队员
11,占据
9,长春市
22,加强
9,晋级
6,弗莱
6,乒乓
7,出人意料
13,湖南
9,精彩
13,新疆
10,南宁
8,帐篷
8,简介
6,全胜
6,赛车
11,落后
14,最近
15,召开
12,新加坡
9,日到
11,估计
13,还要
8,人民共和国
8,预报
8,掌声
8,出局
17,生活
6,强项
10,青海
10,史上
7,田径场
8,攀登
7,老外
7,挥出
15,访问
18,会议
6,金海
6,打球
6,一记
8,包揽
7,桑布
12,展开
7,拼搏
7,斯特
16,计划
6,伊藤
10,坐在
8,特级
12,发出
12,记录
9,雪
22,合作
13,科学
7,得手
14,确定
7,南华
12,吸引
19,需要
15,传统
19,继续
96,预赛
16,条件
7,跑道
9,一开
10,想到
10,解放军
6,陈红
11,秘书长
9,孟加拉国
6,龙舟
8,乌鲁木齐
13,大陆
11,喜欢
10,实习生
5,高尔
5,打平
5,志在
5,上半场
10,支队
17,发生
9,前夕
7,踢球
6,小鸟
8,最强
10,发达
14,关键
7,评委
8,雄厚
7,山地
10,安徽
6,季军
9,高兴
11,感谢
18,显示
11,离开
12,祝贺
8,心情
8,波兰
6,库克
5,文俊
9,列为
7,国家体育总局
10,一人
14,官员
13,艺术
6,下坡
10,组建
91,日本队
15,研究
7,机械厂
9,开幕式
9,抗议
12,面的
5,长野县
12,大型
10,汇报
9,济南
10,中一
9,奖金
6,吉林市
10,新闻发布会
7,一金
17,实现
8,风采
13,目的
5,爆冷
5,德国队
11,知识
9,攻势
11,争取
10,等一
9,音乐
8,不住
9,民主德国
10,莫斯科
10,时刻
9,理事会
5,田径队
7,苏美
11,经费
6,总成
6,李锡铭
10,女性
7,贝尔格莱德
10,失去
7,内蒙
6,对决
8,加油
6,最高峰
7,曾获
9,为期
11,来到
16,安全
9,超出
11,发行
14,直接
10,距离
5,路易斯
8,用电
7,第六届
8,组织者
8,弱点
8,之光
7,游泳馆
9,爱好者
13,能够
6,腿部
9,捷克
9,动员
9,显得
9,同一
9,一行
11,先进
11,多人
6,体育设施
13,专家
9,在场
5,车手
12,工作人员
6,南斯
8,英雄
7,红领巾
8,座谈
5,出战
16,群众
5,休斯
9,会员
14,月份
7,经国
10,广东省
13,告诉
6,自选
6,高分
8,天都
6,国宝
5,赛会
15,解决
5,强攻
7,优异
5,冷门
7,在后
6,经验丰富
10,放弃
8,阿里
9,陕西
6,技艺
8,宁夏
12,增强
5,陈丽娜
6,加坡
7,快讯
5,美和
5,四川队
9,在一起
11,状况
16,人员
9,是非
10,关心
6,本田
5,伯明翰
9,名字
13,分析
5,共设
8,愿望
14,调整
6,全力以赴
6,决战
6,千里
9,标志
7,高大
6,特写
11,德国
8,高峰
6,朝鲜人民军
7,生日
9,说是
5,平平
9,指挥
18,公司
10,肯定
12,变化
9,回答
8,其中包括
12,造成
12,高度
12,人士
7,年仅
7,台北
7,分成
9,以为
11,方案
8,造型
8,风格
6,体育运动
10,月底
5,沉着
5,头衔
6,友好城市
10,特点
8,笑
7,北京军区
7,鞍山
5,荣光
10,日前
9,充满
9,街道
7,少年
7,张家口
9,规则
4,铸造厂
4,训练馆
4,抢跑
4,保持者
7,艰苦
8,失败
5,右脚
12,强调
13,能力
8,模型
5,裁判员
11,价值
8,顶
6,预料
7,自信
11,突出
7,丰台
8,到来
7,穿着
74,登山队
6,赢家
9,获悉
5,一比
12,压力
6,名人
13,指出
6,打入
4,维佳
4,球门
4,机器厂
4,接力赛
4,路易
5,奇招
7,激动
5,布里斯班
7,约旦
5,铸造
7,大连
4,顶替
4,记者团
6,刻苦
7,中都
6,伤残
5,改写
9,兴趣
9,相当
9,正是
5,黑子
10,意义
6,想起
5,王忠奇
10,证明
4,银花
6,一身
4,跳高
4,国家足球队
7,风波
5,佳绩
5,中村
11,工程
10,设施
6,编排
7,招待会
6,点燃
10,形式
7,一面
6,食谱
4,国运
4,中国足球
5,有把握
13,存在
8,路线
7,克服
5,高难度
5,大鼻子
6,军团
4,超群
4,赛季
4,男子气
4,朱琳
7,服装
7,广播
4,济南军区
6,赞助
6,手枪
6,吃惊
6,联欢
6,线条
7,通讯
6,共和国
5,喜悦
4,收兵
11,台湾
4,最高分
11,综合
4,盐湖城
5,咸阳
6,食物
6,分数
9,多年
8,回到
7,称号
10,指导
6,出自
11,学校
10,成员
7,一座
5,九江
5,无人区
6,评为
5,云集
9,方法
10,确保
11,重大
6,后台
7,首位
6,民主主义
9,朋友
9,地位
4,对垒
6,墨西哥
8,列入
7,截止
8,危险
9,普遍
7,剩下
5,明朗
7,中午
8,丰富
8,大学生
5,欢呼
8,成熟
8,飞机
5,运气
6,称赞
5,组队
6,第二十
12,地方
8,广西
5,踏上
7,黑龙江
4,马克斯
5,跑出
7,过多
8,期待
6,实战
7,垄断
13,服务
7,带领
66,美国队
66,团体赛
5,郭晶晶
5,表演赛
6,能进
9,评价
6,行列
8,局面
4,小野
5,形体
10,系列
6,荣誉
5,建设者
6,水上
7,年第
5,落下
7,对比
6,星期
10,购买
7,不在
65,荷兰队
6,甘肃省
7,警察
6,获得者
8,副主任
6,团长
4,王蒙
9,认识
5,落入
4,象棋
7,不知
7,红色
7,吉林
5,一口气
8,缺乏
6,开会
5,牦牛
5,闯入
7,节奏
7,协作
6,弟子
8,视为
4,齐齐哈尔市
4,村长
7,奖励
6,珍惜
4,玛利亚
7,前面
6,行程
9,叙利亚
4,就绪
9,改变
8,以前
4,配对
5,斯洛伐克
5,斯基
63,单打
63,体操
9,旅游
6,新颖
8,有望
4,马拉多纳
4,起跑
6,高水平
10,深圳
4,守门员
9,为主
4,温哥华
7,所得
6,江西省
6,供电
4,滑翔
9,处于
5,手臂
8,委员
11,下降
7,父子
6,家乡
6,占有
4,宝座
5,分组
7,下去
9,有所
7,首都
4,小肖
6,美的
4,高台
4,雪豹
6,四年
4,佼佼者
4,伤病
7,听取
4,利时
4,集体舞
4,擂台赛
4,机床
7,明年
4,足协
4,山川
4,打成
6,明星
5,兴奋
5,莱斯
61,滑水
6,打架
4,娴熟
6,饭店
4,五轮
6,伦敦
8,迅速
7,理想
6,摄影
7,具备
6,期望
7,过来
7,中学
4,自新
6,大门
11,坚持
5,流血
5,高潮
6,位居
6,休息
8,设备
10,过程
9,质量
5,特长
60,南朝鲜队
4,名分
5,主办单位
6,太原
6,直辖市
4,场馆建设
4,中曾
7,前往
6,欧美
5,大图
6,竣工
4,分居
5,渥太华
5,同在
7,公路
8,主动
4,体质
7,青少年
6,谈及
6,评选
5,紧接
6,长春
6,指示
4,花束
10,居民
8,多个
8,科技
4,越野
5,全都
5,鞍钢
9,因素
4,首日
5,四周
6,第六
4,马拉松
4,日第
4,有伤
7,情绪
5,里约热内卢
6,村里
9,带来
6,夏季
8,同志
6,独特
4,世界排名
10,基础
4,降下
6,熟悉
7,我军
7,强劲
8,自由
10,共同
6,早晨
5,名额
6,又是
4,无望
5,合影
9,整体
6,西德
4,抚州
4,会馆
4,山下
8,面对
9,选择
5,总会
6,联邦
3,比利
3,橄榄球
3,有戏
3,日本京都大学
3,北京市旅游局
6,应有
5,餐厅
4,斗志
6,心态
4,大脚
4,标枪
5,百人
4,黑马
10,报告
7,上一
6,崛起
5,之星
5,七月
5,惟一
5,开战
7,食品
6,应邀
5,呼声
9,行动
4,不吃
6,西安
4,纪念品
5,颇具
55,双打
3,重剑
3,进山
3,现代五项
3,段位
3,孙志刚
3,好客
3,判罚
3,体总
3,伤愈
3,中央政治局常委会
3,中国足协
3,咬牙
4,德克
5,卡特
7,培养
4,士气
7,担任
4,健身房
8,交通
4,飞马
5,全身
5,冬奥会
7,基地
6,福建
5,银川
3,转播
3,竞速
4,第十一
6,名单
7,讲话
5,煤矿
4,清真
5,卫星
5,全国性
7,满足
54,女队
8,力量
7,讨论
4,顶住
5,回去
5,盛会
5,选出
4,包袱
5,世界各国
4,竞技
5,入选
3,沙丘
3,刘易斯
7,农民
3,雄风
3,实收
5,中亚
4,赌场
6,决心
8,事件
4,激战
5,目光
5,完毕
4,英国广播公司
4,已获
5,白色
5,专访
6,有利
5,悉尼
4,谈起
5,天津市
4,地利
4,丹尼尔
4,黄石
4,维也纳
4,练习
3,那晚
3,身手
3,许海峰
3,练球
3,矮小
3,杨阳
3,张庭
3,失手
3,大肠
3,喜乐
3,军旗
3,花乡
3,航海
3,分多
8,导致
4,振奋
7,限制
6,座谈会
4,器械
4,一首
5,水准
3,日本广播协会
5,吃饭
5,中包
5,临近
6,地点
52,男排
13,企业
4,引人注目
7,注意
5,台阶
4,登场
4,优美
5,最小
3,群众体育
3,捐赠者
5,设在
5,爱国
6,平衡
6,不利
5,不佳
3,此役
3,次席
4,倒数
5,高出
5,有待
7,效果
5,完美
5,我要
4,大战
4,沿途
5,温州
5,不算
5,十佳
3,国际田联
8,结合
4,东城区
51,苏联队
5,颁发
5,兰州军区
5,留在
4,占优势
6,强大
9,中央
3,转播权
3,云岩区
5,阿尔
3,握手言和
7,表明
5,报纸
5,承办
9,环境
4,归来
6,道德
8,规模
3,抢攻
3,哈希姆
3,两强
4,镇静
4,碱性
7,不到
7,大学
4,上得
6,承认
5,苏丹
7,会见
6,有力
6,小学
5,不让
8,力度
5,宾馆
6,是从
3,计分
6,访华
7,快速
5,余名
4,健儿
3,古奇
3,发子
7,统计
4,骄傲
6,图片
4,科夫
3,破门
3,皇冠
3,小冬
5,锻炼
3,相等
6,扎实
4,哈尔滨市
4,科研成果
5,亮相
6,放在
3,赛风
3,北京站
4,礼貌
3,独霸
3,九段
4,小女孩
4,评分
5,签字
7,宣传
4,建树
4,进取
5,看着
4,闭幕式
3,张宁
3,明晚
3,山中
4,喜爱
3,利群
3,腾空
3,杰夫
7,思想
7,专业
3,落选
3,体坛
5,形态
4,隆重
5,美好
4,还好
6,预测
5,上面
5,揭开
5,力争
5,弥补
4,前天
4,第２
4,拉夫
4,表情
5,科研
3,常人
3,马娇
4,技巧
6,女儿
5,工作会
7,帮助
4,广州军区
7,党员
3,马林
5,菲律宾
5,定于
4,缺席
3,队列
3,驻京
7,申请
7,现象
6,实际上
5,指定
4,每一次
4,国家标准
5,看好
7,检查
4,维尔
5,基金会
6,医生
5,藏族
4,门将
4,跻身
4,的卡
3,偶然性
6,年初
3,胜过
3,显赫
3,圣保罗
3,和黄
7,负责
4,协议书
3,维拉
3,助威
5,不久
6,身份
5,每一个
4,昌平
5,发起
4,联想
3,主任委员
4,葡萄牙
3,看台
7,考虑
4,中将
3,杰克逊
5,鼓掌
46,柔道
3,宽大
5,脂肪
5,月初
4,揭晓
3,下场
3,用兵
4,暴露出
3,迷上
3,零下
3,定日
4,基本功
3,雄心勃勃
5,同胞
4,气温
7,给予
3,体格
3,优胜者
3,回合
3,耐力
4,法国人
4,动人
6,觉得
5,总数
5,年轻人
4,成都军区
5,出生
3,锦旗
5,习惯
3,冰糖
4,全美
3,喀麦隆
45,男队
3,情理之中
4,精心
6,儿子
3,常到
3,高下
3,火车头
4,八十年代
3,饱满
3,摆正
4,许是
4,空前
4,誉为
4,来华
4,凯旋
4,公里处
4,颁奖
3,预演
3,失常
5,流动
5,回来
5,节目
4,意在
5,引进
3,目睹
3,平洋
3,卡尔
5,活跃
3,小杰
7,实际
4,挑选
44,杯赛
3,贡布
3,瓦尔德纳
3,拉希德
3,张锦芳
3,尼西亚
3,参加者
5,对付
3,弯道
3,中游
4,地上
8,教育
6,巨大
6,道路
6,从严
4,沙漠
4,联谊会
5,点击
3,在先
4,摄取
4,与会者
3,击打
3,生大
3,东丽
4,缅甸
3,东京都
4,水面
4,有如
4,残疾
4,宝贵
3,尼桑
4,其他国家
3,戏剧性
4,姐姐
4,百名
4,三轮
3,礼服
3,布宜诺斯艾利斯
3,克里斯
7,标准
3,马丁
3,科威特
3,本特
5,理由
3,开场
3,麻将
43,意大利队
3,惠娟
4,也门
4,之称
3,平和
4,面貌
4,传出
4,空中
3,北欧
3,世界性
3,争夺战
3,中创
6,设计
3,海大
3,雅典
3,落幕
3,如能
3,崇拜
3,急躁
3,优胜
3,下棋
6,人才
5,一道
3,易卜拉欣
3,重于
3,优雅
3,沈阳军区
3,报以
5,势头
4,汗
8,关系
5,宗教
4,对抗
5,走向
5,返回
6,鼓励
4,常常
4,预约
3,掩饰
3,悬念
3,就任
4,灯光
6,交流
3,第十二
3,米处
3,图案
5,主题
4,幼儿
3,跃居
3,中国网
4,急需
3,汉堡
6,程度
4,小伙子
3,成年
3,大同
4,停留
4,码头
3,乔纳森
3,光彩
4,起步
3,里拉
3,腹肌
3,中体
41,登顶
4,洛阳
3,罗德曼
4,差不
3,男士
4,摆在
6,协调
3,江钱峰
3,达卡
5,上来
4,杂志
5,毕业
3,联合主办
3,本年度
5,东西
3,李强
3,打一
3,太少
3,响起
4,埃及
4,说话
3,临沂市
7,文化
5,特殊
4,泰州
4,艰难
4,被迫
4,毕竟
3,琼斯
4,进驻
7,系统
3,喝彩
3,露面
6,巴基斯坦
40,决出
3,体能
3,占优
4,涌现
4,月前
4,着手
4,中表
5,从事
5,容易
6,医院
3,微弱
7,行业
5,适应
5,理论
6,办法
4,伊拉克
4,缺少
4,线路
4,人和
4,机场
4,新德里
3,山上
3,升入
4,眼睛
6,学习
4,起点
3,众人
5,团结
3,王军
3,到手
3,一通
4,游泳池
4,等级
5,批准
39,朝鲜队
8,信息
3,每年举行
4,不小
5,愿意
4,电视台
4,湖北省
3,连连
3,料到
3,入水
3,治军
3,埋头
3,上阵
3,着实
7,公布
3,普尔
4,贵阳
4,土耳其
3,青岛市
7,意见
3,向导
5,累计
5,妻子
4,诞生
3,无线电
8,部门
3,出道
4,闭幕
4,想象
3,笑脸
3,广播电视
3,赫尔辛基
5,希腊
3,自信心
3,练兵
3,哈尔
3,国都
3,乌兹别克斯坦
3,评述
3,对内
3,号称
3,耗资
3,报告书
3,原定
4,工程建设
3,有趣
3,年成
5,年度
2,阵脚
2,球团
2,星湖
2,强悍
2,大功
2,唱主角
2,列夫
2,下风
3,李铁映
3,天赋
4,打算
3,显露
5,密切
3,老牌
3,出钱
4,西部
6,公开
5,培训
3,反击
3,九十年代
3,五天
3,不俗
3,马来
4,他指
3,肤色
3,同台
3,传真
3,手表
4,省市
3,充当
3,不禁
3,三周
4,看出
4,印象
3,并有
3,避开
4,增多
37,冰球
3,不顺
6,发布
4,贵州
3,风貌
3,堪称
5,态度
3,贝尔
5,事实
3,尼日利亚
4,疲劳
3,科学家
3,风尚
3,席位
3,大全
4,将对
4,眼看
4,见到
4,适合
3,佩服
3,生涯
2,闭卷
2,沈阳队
2,桑珠
2,所向披靡
2,布加勒斯特
2,大林
2,六家
2,主攻手
2,业务费
2,上佳
3,越好
5,成果
2,李铁
2,月明
2,会集
4,航空
5,建筑
3,大哥
3,黄河
3,传奇
3,混战
3,旋转
3,功劳
3,设计师
4,乘客
4,兄弟
3,中产
4,不适
4,人物
3,保驾
2,聂卫
2,淘汰赛
2,攻防
2,庆功
2,剪影
2,刮起
2,休息日
3,新科
3,壮观
3,简直就
4,企业家
3,如愿
3,前去
3,愉快
3,难过
3,要好
5,承担
36,老将
36,瑞典队
4,舞台
5,电话
3,威力
3,判定
4,提交
3,犹豫
3,入场
4,最为
5,支出
3,微笑
5,方向
2,预选
2,自满
2,盛华
2,王秀兰
2,失掉
3,感冒
2,遥望
2,王小兰
2,月坛
4,共建
5,合理
3,立体
3,理事
4,中共
3,升起
3,大为
5,发表
3,概括
3,落成
3,看作
3,敏捷
4,积累
5,全市
3,西亚
3,美籍
3,禁区
3,工商联
3,进藏
5,领导人
5,一家
3,商店
3,十名
3,现年
3,黑色
2,鸿源
2,进球
2,组委
2,痛失
2,春光
2,小胜
2,占便宜
2,减重
2,中王
3,维奇
4,手术
3,抢眼
4,三大
2,将将
2,北京饭店
4,协助
4,各界
3,握手
3,北京市委
3,英文
4,平等
3,马德里
4,照片
4,多元
3,颜色
5,上述
5,反映
3,了不起
2,陈希同
2,荣生
2,晴朗
2,俄语
2,拿大
3,少见
3,仅次于
3,授予
4,获奖
2,龙舟队
2,远征
2,称雄
2,查理
2,旅游部
2,攻守
2,安东尼奥
2,奥克
4,落马
3,伤势
4,人生
3,精干
3,通俗
3,菊花
4,大局
2,微量元素
3,追赶
3,东莞市
4,协同
2,迷彩服
5,全省
34,辽宁队
34,惠勒
3,挑战者
5,有限公司
3,天时
3,客人
4,十年
3,传达
2,李勇
2,归队
2,如常
2,豆类
2,若林
2,脱手
2,名手
2,侧身
3,游园
3,复出
4,广州市
3,较差
3,事中
3,青春
2,停办
3,常有
3,小小
3,旅游者
2,月球
3,媒介
3,场面
3,失望
2,征途
2,夹击
2,劲敌
3,幸运
6,作用
2,五星
4,提到
3,外籍
2,包办
4,所在
3,庆祝
4,人类
3,组织工作
3,博览会
3,进军
3,服从
2,老哥
2,竞技体育
2,在握
4,提前
4,错误
3,圣火
2,着迷
2,海姆
3,重重
3,学士
3,石家庄
4,遭遇
3,凶猛
3,意志
3,身影
3,交谈
3,一头
2,跟前
2,美妙
2,硬朗
2,版主
2,次序
2,贺龙
2,海鸥
33,邓亚萍
33,巴西队
33,亚澳
6,方式
2,拚搏
2,失之交臂
2,和信
2,占得
5,生产
4,活力
4,现代化
3,感慨
3,少于
6,重点
3,切都
3,一幕
2,长白
2,第三十七
2,总结会
2,战将
3,江泽民
3,迈进
3,走过
3,草原
3,秦皇岛
6,稳定
4,解释
3,跑到
3,小林
3,多方面
3,夸张
2,月成立
2,最前面
2,多谢
2,北京日报
3,途中
4,舞蹈
3,抗衡
2,背面
2,次高
3,厚爱
2,陈莉
2,苦练
2,郝秀梅
2,荆棘
2,斯旺
2,人制
2,阻截
2,杨扬
3,彩色
3,上台
3,细致
3,不懂
2,售完
4,之路
4,提醒
2,骨架
2,见长
2,出众
2,凌厉
2,一蹶不振
5,上升
4,杭州
32,中国女队
4,前景
4,自然
3,体会
3,人气
3,出任
3,环球
5,商品
3,建起
2,郎平
2,松散
4,秩序
2,领奖
2,泄气
2,凶狠
3,档次
3,妹妹
3,风吹
3,中队
3,工作情况
3,会场
2,红牌
2,田村
2,张晶
2,安德烈
3,足迹
2,不相上下
4,初步
3,时有
4,收获
4,对外
2,驱散
2,韩东
2,绿化工程
2,竞争者
2,坎普
3,何在
2,大比
2,以示
2,下首
4,联盟
4,父亲
3,武警
3,晋升
4,文明
3,热门
2,特制
2,杨波
2,赵勇
2,磨砺
2,枯燥
2,怀中
3,设有
4,计算
2,斯科特
2,放飞
3,经典
3,官兵
2,山田
3,送给
3,骚乱
2,瓦尔
3,人称
2,汇款单
31,热身赛
31,中国台北
3,远东
3,米高
2,狩猎
3,从小
3,培训班
3,双向
3,好好
4,运用
2,飘扬
2,单从
3,变为
4,高于
3,同年
3,酒吧
2,更衣室
2,同机
2,加尔
2,世界报
3,县城
2,舞姿
2,横生
2,平易近人
2,姐们
2,大漠
2,喝彩声
2,上乘
3,困
2,练就
2,拉锯战
2,闯进
2,跑上
2,超人
2,盟主
2,梅利
2,弧线
2,巴厘
3,实物
3,凌晨
6,落实
5,孩子
3,来访
2,默契
2,领带
2,盐田
2,扯皮
4,特色
3,心愿
2,意料之中
2,单调
3,年级
3,痛苦
2,练出
3,罕见
3,着重
2,运动员村
2,紫色
2,意大利人
2,点头
3,有意
2,高中组
2,球类
2,教鞭
2,运往
2,宛如
2,后备力量
3,放心
2,走下
2,赛跑
2,狡猾
2,很难说
3,现任
3,致使
3,专业化
3,反映出
3,一代
3,器材
3,中共中央政治局
4,构成
2,萨马兰奇
2,文忠
2,宗翰
2,娜姐
2,大号
2,处女
2,乱世
3,创办
2,阿曼
2,袜子
3,害怕
30,梁金雄
2,糊涂
2,出水
3,波恩
2,青木
2,加拿
2,起哄
3,工作者
2,流畅
2,不凡
4,实践
4,视频
2,坎坷
2,共进
4,不要
2,问路
2,面值
2,阿拉伯联合酋长国
2,大拇指
3,相反
3,作战
2,鼓劲
2,无心
2,一席之地
2,安定门
2,兵分
3,水中
3,哥哥
4,时期
2,厚实
3,混乱
2,图兰朵
3,不具
3,全世界
5,执行
2,能想
2,秦皇岛市
2,挺进
2,掉下
2,实力雄厚
2,天将
3,佛山
2,湖面
2,后裔
2,代言人
3,基督教
2,捷克斯洛伐克
2,米远
2,短裤
4,判决
3,推迟
3,住在
3,一本
3,厦门
3,东南亚
2,阿根
2,获胜者
2,布鲁
2,汕尾
2,有法
2,文莱
3,早上
4,回升
2,三亚市
2,墨镜
2,我喜欢
2,学友
4,日方
2,下榻
2,比奥
2,单臂
2,单发
2,大街小巷
2,决胜
2,中意
3,读者
4,事业
3,个体
3,吉林省
29,开赛
2,怀柔
2,适应性
2,立志
2,宽阔
2,周前
3,想法
2,极点
2,年少
3,上世纪
2,静静
2,海水
2,往日
2,老杨
2,徐辉
3,衣服
2,纪念章
2,横扫
2,伴舞
2,开路
2,和美
3,区别
2,块头
2,第三十
2,杨文
2,出乎意料
3,步入
2,孝感
2,大将
3,长沙市
3,公报
2,雄的
2,电报
2,截肢
2,天开
2,发誓
3,初期
4,尼泊尔
3,文字
4,手段
2,扬州
3,检验
3,书面
4,用于
2,美洲
2,美味
2,两旁
3,学会
2,短评
2,驶过
3,药物
2,背包
3,河南省
3,年时
3,大大
2,叫到
2,乳白色
3,新华
2,博里
2,果实
2,第一站
2,指点
2,拉尼
3,郑州
3,梦想
2,瓦解
2,有失
2,旋风
2,哥伦比亚
2,奖品
2,顽强拼搏
2,跋涉
2,蜚声
2,任卫东
2,上坡
2,站立
2,条纹
28,小将
28,北京队
2,大兵
3,每一
3,干扰
2,高超
2,改判
2,钻研
2,旅游景点
4,通报
3,感受
3,过度
2,绵阳
2,小腿
2,鲜有
2,走向世界
2,笼罩
2,戴着
2,周到
2,北京人民大会堂
2,分发
2,风声
2,断层
3,西藏自治区
3,山东省
3,高中
2,着装
2,难忘
2,王晨
2,欣喜
3,角色
3,新版
3,听到
3,学员
2,颓势
2,戴维斯
3,中旬
2,考察团
2,执掌
2,大树
2,周报
2,他因
3,物质
2,迈克
2,花絮
2,舞厅
2,泳装
2,应战
2,同场
2,T恤
2,运筹
3,省长
2,风雨
2,打败
3,奋斗
3,否认
2,草坪
2,奋战
2,雷斯
2,断言
3,足够
2,右腿
3,重要讲话
2,抢手
3,上海市
2,无情
2,力图
2,年龄组
2,日大
2,滋味
2,争抢
2,一丝
2,六轮
4,程序
2,永胜
2,朝鲜中央通讯社
2,防水
2,有史以来
2,鼓手
2,赞叹
2,船长
2,糖果
2,现场直播
2,吸引到
2,田间
2,本想
2,米兰
3,组合
4,健康
27,古巴队
4,公共
3,不明
2,电厂
2,献给
2,海宁
2,外表
2,国际标准
2,北京地区
2,事例
3,罚款
2,呼和浩特
2,举起
3,看法
4,近日
3,帅
3,考验
3,万余
2,顶尖
2,日下
2,接纳
3,国防
3,增进
3,女孩
2,隐退
2,精湛
2,百分
2,民和
2,主动权
5,推动
2,自豪感
2,颇丰
2,把手
2,亚洲地区
2,党政领导
2,猛烈
2,挫折
2,中小学生
3,公园
2,述评
2,别来
2,战况
2,埃尔
2,仰光
3,局势
3,电力
3,办事
2,啤酒
2,周日
2,日光
2,利亚
4,协议
3,眼镜
3,批评
2,设计院
2,答卷
2,汗水
2,盆景
2,天同
2,赶上
2,完好
3,担忧
3,妈妈
4,国务院
2,接过
2,执教
2,体校
3,乐观
2,冶金
3,接触
2,苗木
2,各行各业
2,优质服务
3,稳健
3,创下
2,等候
2,一杯
2,斯里兰卡
2,闹市区
2,结出
2,职业生涯
2,满分
2,总算
2,多余
2,电世界
3,寻找
26,雄杰
26,速滑
26,赛中
26,藤球
2,了事
2,新星
2,李新
2,架子
2,爆出
2,足球场
2,应多
2,少先队
3,反应
2,启用
3,工厂
3,遭到
2,背心
3,不及
2,傍晚
2,老大难
2,稳住
2,烈日
2,噩梦
3,舆论
3,竞争力
2,五月
3,中国人
2,黑河
3,妇女
3,团队
2,身教
2,全村
2,光下
3,称为
3,公寓
2,勤奋
2,新老
2,发行量
2,洛杉矶
2,开玩笑
2,平淡
2,预定
2,前方
2,创纪录
3,等待
2,顺序
2,之旅
3,攻击
2,五金
2,宴会
5,干部
2,邮政编码
2,科研工作
2,专长
2,登山者
3,落地
2,况且
3,确认
2,记者招待会
2,请来
2,能比
2,行医
3,垃圾
2,世人
3,阿拉伯
3,有着
2,隐忧
2,来这里
4,负责人
3,迹象
2,粗糙
2,盛事
2,花卉
3,难题
2,只用
2,动弹
2,不善
3,家人
4,违规
3,方便
25,法国队
25,姜占国
2,老大
2,味道
2,偶然
2,心地
2,大打折扣
2,笔下
2,神奇
2,冲出
2,欣慰
2,个头
2,跑步
2,榜样
3,停止
2,领军
2,惨重
2,主角
2,贫穷
2,被评
2,偶像
2,亚历山大
2,背着
2,经受
4,有效
2,上身
3,推荐
2,驱车
4,家庭
2,酸性
2,航线
2,上进
3,冲突
2,惊险
2,好头
2,可乐
2,天河
2,主旋律
2,好象
2,亚美尼亚
2,养成
3,成效
2,驻地
2,相近
2,名气
4,开发
2,奥秘
2,奋起
2,作法
3,电子
2,多于
2,厂长
2,交替
2,中第
2,一码
3,判断
2,刘小明
3,部队
2,高原
2,尽力
2,书写
3,电影
2,顺德
2,矿山
2,掩盖
2,含义
2,毅力
2,庆贺
3,多种
6,建设
2,开心
4,学生
2,看成
2,会议室
2,细腻
3,深刻
2,号召
3,做法
3,年代
2,明说
2,力大
2,尚有
2,一关
2,看书
2,分出
3,儿童
2,航空公司
2,祖籍
2,拉伤
2,手术台
2,成份
2,四平
4,明确
2,落到
24,米跑
24,中国台北队
3,以色列
2,原地
2,乌克兰
2,总领事
2,可贵
3,作风
2,面包
2,审定
2,奖惩
2,劣势
2,隧道
2,提倡
3,同意
2,日新
2,东城
2,和平区
2,全家
2,不计
3,现有
2,严密
2,话语
2,接轨
3,相应
2,失守
2,华北
2,不解
2,不懈
2,珍贵
2,头部
2,极好
2,起开
2,生机
2,气功
2,跌倒
2,大汗
3,破坏
2,魅力
2,重量
2,历年
2,他用
2,争相
2,不说
2,厚重
2,功底
2,肚子
2,筛选
2,三角
4,处理
3,审查
3,建成
2,穆斯林
2,忘记
3,军队
2,宏伟
2,建行
3,处罚
2,高一
2,彩电
2,怀着
2,凯歌
2,会堂
2,一跃
2,海滩
3,成长
3,长沙
3,民主
2,辞去
2,得失
2,定居
2,于一体
2,紧随
2,延误
2,序幕
2,容纳
2,读物
2,知名人士
2,报刊
2,保卫
2,第１
2,水果
2,特有
2,一刻
2,过道
2,晚饭
2,选定
2,宗教界
4,机关
3,覆盖
3,协商
2,向北
23,羽毛球赛
23,李佳薇
23,姚滨
2,着急
2,来都
2,科学化
2,天后
3,父母
4,产品
2,赞扬
2,常好
2,国际性
2,副教授
3,酒店
2,可望
2,争执
2,孔雀
2,冒险
3,铁路
2,火车
2,争创
2,社团
5,社会
2,轰动
2,到场
2,中文
2,要说
2,于其
3,老人
2,检阅
3,值得
3,必要
2,时光
2,功夫
2,上旬
2,保守
4,持续
3,开放
2,为准
2,左手
2,十多
6,市场
4,行为
2,测量
2,水库
2,数年
2,人中
2,马路
2,修养
2,身为
2,便于
2,自编
2,手套
2,机动
2,任命
2,专场
3,海外
2,带上
2,可达
2,皮下
2,顶级
2,舒服
2,捍卫
2,双手
4,调查
2,民主党派
2,大户
2,外面
2,文明建设
2,议员
2,镜头
2,为生
2,险些
2,画面
2,服务工作
2,完了
3,汽车
3,资料
3,损失
2,湛江
2,可怕
2,大都
2,辛苦
2,前十
22,比拉尔
22,林沛渠
22,丹麦队
2,第十届
2,往年
2,宣告
5,投资
3,设立
2,写信
2,上街
2,说起
2,紧凑
2,冲向
2,汕头
2,次数
2,奏效
2,参与者
2,胳膊
2,奇怪
2,分开
2,有为
2,新开
2,告别
3,社会主义
3,时代
2,热心
2,景象
2,宴请
2,求实
4,创新
3,位于
2,姿态
2,不乏
2,车站
2,旺盛
2,不顾
2,少有
3,市民
4,基金
2,后排
3,数量
2,中大
2,好看
2,阴影
2,聘请
2,同于
2,边缘
2,当成
2,大街
2,占地
2,得来
3,探索
3,城镇
2,高质量
2,仪器
3,局长
2,下功夫
2,远离
2,处以
2,天才
2,部将
3,教师
2,护航
2,热爱
2,惊人
2,降到
2,完工
3,指标
2,谱写
2,综合性
2,好评
2,辉煌
2,华盛顿
2,个性
21,张百发
21,印度尼西亚队
21,俞斌
21,伍绍祖
2,丰硕
2,当作
2,填写
2,通用
2,累
2,赞赏
2,阿联酋
2,更快
2,历程
2,不易
2,维吾尔族
2,丧失
2,皮肤
2,无力
2,封闭
2,中等
3,声明
2,主人
2,记忆
2,人选
2,龙江
2,烟台
3,对此
2,杜绝
2,英语
2,礼品
2,澳门
2,暗示
2,任何一
2,不理
2,越多
2,富裕
4,万元
2,柏林
3,维持
2,精英
2,渗透
2,参照
2,相撞
2,增大
2,汉族
2,意图
3,越来越
2,屁股
2,我爱
2,前人
2,马上
2,欢乐
2,艰巨
2,机械
2,耶夫
2,清水
2,制药厂
2,不停
2,说道
2,合格
2,勇敢
2,流失
2,暴露
2,提请
2,宣称
2,正规
2,前列
2,厕所
2,专用
2,缩短
2,手软
2,差别
3,基层
2,下肢
2,效力
2,课题
20,花样滑冰
20,澳大利亚队
20,印尼队
20,出线权
2,清扫
2,丢掉
2,略有
2,吸引力
3,强化
3,附近
2,勇于
2,董事
2,封信
2,定为
2,龙头
2,研制
2,正面
2,同伴
2,暂停
2,崇高
2,感动
2,资助
2,总裁
2,年到
2,改为
2,四川省
2,参战
2,周末
2,恶劣
2,上表
3,民族
2,陌生
2,善于
2,爱看
2,明白
2,慢慢
2,不幸
2,标准化
2,最快
2,人大常委会
2,证件
2,物资
2,展望
2,不见
2,纽约
2,下面
2,进水
3,职工
2,上去
2,数额
2,弟弟
2,前进
2,河北省
2,无奈
2,浪费
2,快乐
2,祝愿
2,宗教信仰
2,为人
2,三等奖
2,电网
2,教训
2,通往
2,简直
2,循环
2,用来
2,减弱
2,中华
2,古老
2,二等奖
2,晚报
2,新华网
2,可谓
2,有权
2,弘扬
19,韩国队
19,阿根廷队
19,篮球队
19,奥委会
2,放松
2,学术
2,余人
2,规范化
2,外贸
2,身份证
2,薄弱
2,相当于
2,直径
2,爱国主义
2,远远
2,有何
2,激励
2,也就是
2,小伙
2,区委
2,旨在
2,女人
2,乐队
2,商场
2,在家
2,合适
2,非洲
2,途经
2,落在
2,绝不
2,全社
2,全县
2,阳光
2,长时
2,亮点
2,部副
2,恶化
2,反复
3,纪律
3,利益
3,农村
2,都可
2,在线
2,请求
2,激发
2,娱乐
2,每日
2,成就
2,发言
2,指挥部
2,钢铁
2,湖南省
2,幼儿园
2,会长
2,做人
3,措施
2,日内瓦
2,一声
2,升温
18,钱宇平
18,西班牙队
18,申雪
18,挺举
18,射箭
18,冠军赛
18,主教练
18,中国男队
18,世界杯赛
2,严峻
2,好友
2,针对性
2,血管
2,低迷
2,声音
2,家里
2,寺庙
2,能量
2,编制
2,配备
2,酷
2,录像
2,潜力
2,陷入
2,分局
2,面向
2,走出
2,转弯
3,收入
2,完整
2,好转
2,遵守
2,欣赏
2,固定
2,委副书记
2,年至
2,制约
2,获取
2,影片
2,热点
2,传递
2,打开
2,寻求
2,有助于
2,施工
2,巩固
2,补充
2,类型
17,陈宏
17,赵宏博
17,英格兰队
17,王永治
17,李贺普
2,积极性
2,观念
2,三年
3,机构
2,卫生
2,男人
2,改进
2,幸福
2,场所
2,数字
2,树立
2,深圳市
2,工人
2,观察
2,客观
2,母亲
2,类似
3,领域
2,大国
2,学院
2,背后
2,幅度
2,失踪
2,日报
2,分配
2,党中央
2,设置
2,担心
2,高速
2,家长
2,角度
2,签订
2,计算机
2,南京
2,刺激
16,马来西亚队
16,赛时
16,抓举
16,帆船
16,尤伯杯
16,中国青年队
2,市委
2,学者
2,注重
2,居住
2,避免
2,经理
2,典型
2,会谈
2,论坛
2,不服
2,老师
2,沟通
2,经历
2,防止
2,进程
2,一致
2,中美
2,恢复
2,公众
2,普通
2,有利于
2,谈判
2,带动
2,新兴
2,岗位
15,陶菲克
15,苏方
15,珠穆朗玛
15,一球
2,签署
2,动力
2,做到
2,体现
2,总书记
2,品牌
2,年底
2,危机
2,费用
2,最低
2,低于
2,女士
14,马艳萍
14,马文
14,皮划艇
14,游泳赛
14,小组赛
14,佳木斯队
14,体委
2,合同
2,实行
2,意识
2,商业
2,总统
2,运行
2,执法
2,近期
2,登记
2,面临
2,趋势
2,领导干部
2,面积
2,工业
13,黄旭
13,高低杠
13,赛上
13,自由式摔跤
13,甲级队
13,球赛
13,子荷
13,奥林匹亚
13,夺魁
2,资源
2,警方
2,统一
2,深入
2,业务
12,陈志斌
12,聂卫平
12,考察队
12,淑敏
12,汤姆斯杯
12,比赛结果
12,棋手
12,李永波
12,强队
12,夺金
12,加布
12,刘小光
12,仰泳
12,下撤
2,书记
2,法律
2,促进
2,机制
11,险胜
11,轻取
11,跳台
11,肖爱华
11,王志良
11,牌中
11,潘兵
11,格拉夫
11,杨新民
11,杨威
11,曲棍
11,曲北林
11,扬托
11,战幕
11,平衡木
11,山东队
11,射击赛
11,唐九红
11,卫冕
11,卧射
11,单人滑
11,加拿大队
11,刘京
11,八一队
11,健美操
11,信鸽
11,伊万诺娃
2,预期
2,责任
2,制度
10,黄芩
10,预选赛
10,铅球
10,跳马
10,跳远
10,足坛
10,蝶泳
10,田径赛
10,滑联
10,柔道队
10,摩斯
10,快攻
10,广岛
10,奖券
10,哈萨克斯坦队
10,古桥
10,发球
10,友谊赛
10,半决赛权
10,决赛圈
10,中国足球队
10,上海队
2,相关
2,资金
2,政府
9,霍尔金娜
9,试跳
9,自行车赛
9,盖德
9,男篮
9,王楠
9,江苏队
9,李雪梅
9,文凯
9,戴维斯杯
9,广东队
9,射门
9,女将
9,加拿大杯
9,刘璇
9,克斯
9,健美运动
9,体操队
9,体操赛
9,伊朗队
9,云程
9,中国男排
8,龚睿
8,马志涛
8,雷吉娜
8,赛车场
8,贝格尔
8,菲律宾队
8,肖海英
8,维克多
8,短跑
8,球手
8,泰国队
8,河南队
8,汉城奥运会
8,森隆
8,梁月云
8,梁伟棠
8,投手
8,执黑
8,扣球
8,惠飞
8,循环赛
8,张国伟
8,对抗赛
8,客队
8,女篮
8,夏令时
8,垒球
8,地安
8,加赛
8,关渭贞
8,举重赛
8,世乒赛
8,七段
2,经济
7,鲍春来
7,马小林
7,飞镖
7,领奖台
7,青年组
7,陈妍
7,赛艇
7,赛程
7,败北
7,训练局
7,蜂王精
7,英国队
7,联邦德国队
7,羽坛
7,索伦
7,米兰队
7,王德明
7,王娴
7,江锡兴
7,气手枪
7,森纳
7,桑普
7,柯万
7,旺加
7,新西兰队
7,斯蒂格
7,扣杀
7,打比
7,惠英
7,快棋
7,弧圈球
7,张家昌
7,山本
7,山岳
7,尤伯杯赛
7,射击队
7,宝力
7,女队员
7,国际排联
7,呼伦贝尔盟
7,后卫
7,史方静
7,南斯拉夫队
7,凌洁
7,凌一
7,军体
7,关颖珊
7,俱乐部队
7,何振梁
7,以色列队
7,争得
7,乐茂盛
7,乌拉圭队
7,中锋
7,中盘
7,中国登山协会
7,中国奥委会
7,上海体院
6,陕西队
6,赵大豚
6,赣县
6,赛经过
6,赛于
6,赖彩勤
6,资格赛
6,贾亚
6,西藏登山协会
6,蛙泳
6,营屯
6,自由泳接力
6,肖英
6,罗马尼亚队
6,罗尼
6,网球队
6,网球赛
6,纪念币
6,精英赛
6,精彩瞬间
6,稳获
6,皮艇
6,湖北队
6,湖分村
6,混合泳
6,比赛成绩
6,比利时队
6,次登
6,李粉姬
6,最後
6,明星队
6,斯卡娅
6,攻入
6,拉尔森
6,报话机
6,战平
6,徐丹
6,广西队
6,嵊县
6,屈居
6,奥林匹克体育中心
6,夺标
6,夏加平
6,国手
6,国家集训队
6,周雷
6,双人滑
6,力士
6,划艇
6,击球
6,傅博
6,佩尔森
6,伏明霞
6,中国香港队
6,中国登山队
6,中国女垒
6,个人赛
6,个人混合泳
5,黄玉斌
5,麦拿仑
5,马玉芹
5,马卡
5,飞碟
5,顾拜旦
5,青年队
5,霍顿
5,陈康
5,陈国明
5,阿诺德
5,阿曼队
5,阿佩
5,长春队
5,金海湖
5,邦杰
5,跳水赛
5,赫特
5,贝利
5,谭宗亮
5,计时赛
5,覃彩妮
5,裁判长
5,翻成
5,米板
5,白其斗
5,田秉毅
5,球星
5,王子江
5,王义夫
5,熊国鸣
5,滑冰
5,洛加尼斯
5,比赛规则
5,正手
5,桂桑
5,林莉
5,曼谷亚运会
5,晓霞
5,昆明湖
5,施瓦辛格
5,方程式赛车
5,新疆队
5,新加坡队
5,斯鲁茨
5,文马
5,教头
5,排球队
5,挪威队
5,投篮
5,库尔曼
5,平积
5,布鲁日
5,尼斯
5,尔丹
5,姚芬
5,姚福文
5,大连队
5,夏蒙尼
5,夏煊泽
5,国际象棋
5,周蜜
5,周杰
5,双杠
5,参赛者
5,印度队
5,卡捷琳娜
5,北郊
5,冬季两项
5,俞顺福
5,亚洲杯
5,也门队
5,乔红
5,乔云萍
5,乒乓球赛
5,中国射击队
5,中国女足
5,中国国家队
5,中国体育代表团
5,万宝路
4,黄斌
4,马祖
4,马湘君
4,首战
4,飞人
4,鞍马
4,队里
4,钟焕娣
4,金牌数
4,郭力群
4,邱巧萍
4,追成
4,远投
4,越野赛
4,赵剑华
4,赛结果
4,赛亚
4,赛中以
4,贝文
4,读秒
4,设备厂
4,袁伟民
4,补剂
4,蔡烨清
4,蒋丞稷
4,蒂迪
4,萨莫
4,营养知识
4,菲卡
4,莱什
4,英格
4,苏尔
4,致胜
4,自由操
4,翻腾
4,米栏
4,米个人
4,竞走
4,竞赛规则
4,程丹彤
4,皮特里
4,登达
4,田亮
4,甘肃队
4,瑞士队
4,王永军
4,狄纳莫
4,法拉里
4,汤李梁
4,水球
4,比赛服
4,欧洲队
4,树杈
4,查特兹
4,林菱
4,林丽
4,杨桂林
4,杨兴民
4,李英淑
4,李明勋
4,朴裕渊
4,曼彻斯特联队
4,普里莫拉茨
4,普罗
4,日本队员
4,攻进
4,摩纳哥
4,挑战权
4,技高一筹
4,手球队
4,彭东
4,廖振云
4,廉姆斯
4,常昊
4,帕特雷
4,布洛金
4,巡回赛
4,峰顶
4,山地车
4,安德莱
4,安塔利亚
4,季耶夫
4,奥地利队
4,奎媛媛
4,奇兵
4,头球
4,大洋网
4,夏士
4,国际棋联
4,国际乒联
4,围棋队
4,围棋赛
4,周伟
4,告负
4,吴贵临
4,名人战
4,吉林队
4,吉新鹏
4,叶诚万
4,双循环
4,卢普
4,南京军区队
4,单杠
4,单循环赛
4,单循环
4,削球手
4,刘兴刚
4,分段赛
4,冰雪运动
4,冰球赛
4,冠军杯
4,八段
4,保加利亚队
4,体育竞赛
4,伦贾
4,伊伦
4,亚蒂
4,争光
4,中国羽毛球队
4,中国男篮
4,中国游泳队
4,中国女子足球队
4,中国体操队
3,黄强
3,麦队
3,麦金利峰
3,麦卡锡
3,魏仁君
3,高彦君
3,高崚
3,高军
3,马邦杰
3,马晓春
3,香港队
3,风尚奖
3,领奖服
3,韦德
3,青森
3,集资额
3,雅美
3,雅夫
3,陈桦
3,陈惠明
3,队员名单
3,长城杯
3,钱吉成
3,金东文
3,郭品君
3,郑明熙
3,邱洁明
3,迪弗尔
3,轮空
3,跨栏
3,越南队
3,超水平
3,起跳
3,赫拉霍
3,赛都
3,赛过
3,赛完
3,赛上以
3,赖亚文
3,负者
3,豪格
3,谢旭峰
3,谢光战
3,许新
3,许崇煌
3,认输
3,角球
3,西安体院
3,薛立
3,薛原
3,蔡萍
3,萨拉热窝
3,萨基里
3,营养师
3,莫娃
3,苦战
3,苏哈尔
3,苏哈亚
3,苏亚雷斯
3,自由滑
3,自由式
3,膝部
3,胡荣华
3,翟秀敏
3,羽毛球运动
3,美利
3,羌塘
3,罚球
3,罗宾逊
3,罗宾斯
3,罗则
3,罗仁淑
3,维埃拉
3,绣花
3,纳瓦罗
3,纳木那尼峰
3,索尔
3,系列赛
3,米０
3,米台
3,端点
3,竞赛部
3,穆朗
3,禾苗
3,神威
3,社会体育
3,省队
3,直落
3,登山队员
3,田兆运
3,田中
3,生运
3,瓦尔德内尔
3,瑞典男队
3,球艺
3,球会
3,王筱麟
3,王燕雯
3,王晓红
3,王华碧
3,爆发力
3,滑冰赛
3,淑伟
3,浪头
3,洛泽
3,法兹
3,河北队
3,江红
3,汉城亚运会
3,段世杰
3,武汉体院
3,武岚
3,次仁多吉
3,樊迪
3,棋王赛
3,棋王
3,梅拉
3,林队
3,林克
3,杨越
3,李菊
3,李美淑
3,李玲蔚
3,李楠
3,李根相
3,李晴
3,李增辉
3,李兴顺
3,李光珍
3,朝鲜女队
3,替补
3,曹立
3,曲棍球
3,日本女排
3,斯科
3,斯瓦
3,斯卡尔
3,斯伯里
3,斋藤
3,教练组
3,接待处
3,拉盖尔
3,拉什
3,报名表
3,抚州地区
3,扬科
3,扣人心弦
3,成年组
3,恶浪
3,恩格尔曼
3,德克斯特
3,得胜
3,徐海静
3,徐济成
3,徐天红
3,彩带
3,弧圈
3,广东电视台
3,广东大亚湾核电站
3,平谷县
3,干城章嘉峰
3,帕尔
3,希腊队
3,希夏
3,布蒂尔
3,布特尔
3,山西队
3,射击场
3,孙杨
3,孙春莅
3,女足
3,奥林匹克日
3,奥林
3,奥斯
3,失分
3,天津队
3,大显
3,墨西哥队
3,埃普森
3,埃弗顿队
3,垒球队
3,图克
3,国骏
3,国际足球
3,国足
3,回球
3,唐九
3,哥伦比亚队
3,周长
3,吴哲
3,同组
3,吊环
3,叶钊颖
3,叶普多
3,古典式摔跤
3,古典式
3,卢裕富
3,华以
3,匹克
3,北方网
3,利奇
3,分区赛
3,出界
3,净胜球数
3,净胜
3,决赛权
3,决胜局
3,冬运会
3,俱乐部赛
3,佳能公司
3,佟璐
3,体育盛会
3,优胜者杯赛
3,休闲椅
3,伊东
3,付勇
3,仁那
3,亚马
3,乙级队
3,乒坛
3,乒乓球队
3,乌兹卡
3,举重队
3,中国跳水队
3,中国足球协会
3,中国射箭队
3,中国女子垒球队
3,中国体育报
3,中国乒乓队
3,东道
3,不败
3,三金
3,三浦
2,龚智超
2,黎旭
2,黄穗
2,黄振家
2,鲍罗斯
2,魏香颖
2,魏文
2,马拉松赛
2,马克西
2,顾涓
2,霍尔门
2,霍娃
2,雪洞
2,集训期
2,陪练
2,陈艳青
2,陈翠婷
2,陈癸尊
2,陈新华
2,陈忠文
2,附加赛
2,阿莱西
2,阿纳托利
2,防波堤
2,阮云生
