自由光诚,1
陈光诚,1
诺贝尔和平奖,1
自由运动,1
支联会,1
胡平,2
苏晓康,2
贺卫方,2
谭作人,2
焦国标,2
万润南,2
张志新,2
辛灝年,2
高勤荣,2
王炳章,2
高智晟,2
司马璐,2
刘晓竹,2
刘宾雁,2
魏京生,2
爱国者同盟,2
学潮,2
罢课,2
民运,2
学运,2
学联,2
学自联,2
高自联,2
工自联,2
民联,2
民阵,2
民主中国,2
寻找林昭的灵魂,3
异议人士,3
民运人士,3
启蒙派,3
民一主,3
min主,3
民竹,3
民珠,3
民猪,3
chinesedemocracy,3
da选,3
投公,3
公头,3
宪政,3
平反,3
维权,3
昝爱宗,3
宪章,3
08宪,3
08xz,3
觉醒的中国公民日渐清楚地认识到,3
抿主,3
民主,3
敏主,3
人拳,3
人木又,3
人quan,3
renquan,3
中国人权,3
中国的人权,3
中国新民党,3
群体性事件,3
请愿,3
请命,3
公开信,3
8的平方事件,3
知道64,3
八九年,3
贰拾年,3
2o年,3
20和谐年,3
贰拾周年,3
六四,3
六河蟹四,3
六百度四,3
六和谐四,3
陆四,3
陆肆,3
198964,3
5月35,3
89年春夏之交,3
64惨案,3
64时期,3
64运动,3
4事件,3
四事件,3
北京风波,3
学潮,3
学chao,3
xuechao,3
学百度潮,3
门安天,3
天按门,3
坦克压大学生,3
民主女神,3
历史的伤口,3
高自联,3
北高联,3
维多利亚公园,3
thegateofheavenlypeace,3
bloodisonthesquare,3
为了忘却的纪念,3
血洗京城,3
四二六社论,3
颜色革命,3
雨伞革命,3
太阳花,3
占领中环,3
占中,3
学运领袖,3
学民运动,3
学民思潮,3
雨伞运动,3
黄之锋,3
港独,3
五毛,3
安门事,3
八九民,3
把学生整,3
