1263,艺术
937,创作
876,文化
822,文艺
667,作品
602,中国
413,群众
380,举办
373,全国
364,发展
361,工作
312,优秀
294,音乐
290,民族
283,观众
279,电影
261,人民
255,北京
251,单位
241,晚会
235,生活
234,合作
228,建设
226,精神
220,节目
209,组织
204,大型
202,事业
199,进行
199,精品
197,时间
196,舞蹈
192,市场
190,方式
189,表演
181,社会
177,年来
176,国家
168,艺术家
168,宣传
167,艺术节
166,繁荣
166,时代
165,联系
163,万元
159,济南市
158,舞台
158,比赛
156,社会主义
155,重要
155,广场
155,世界
154,思想
151,文化局
151,大赛
150,国际
147,形式
147,开展
146,获得
144,我国
142,戏剧
141,举行
139,领导
138,历史
137,要求
137,电话
137,演员
135,具有
134,成为
133,剧团
132,文学
132,拟定
132,传统
128,歌舞
125,地点
124,民间
124,剧院
123,剧目
123,人们
123,专业
121,歌曲
120,图书馆
120,协会
119,同志
119,剧场
117,记者
116,加强
115,方面
115,不断
113,群众文化
113,展览
113,坚持
111,新华社
111,全市
111,先进
110,资金
110,美术
109,文艺工作者
106,首届
106,表现
105,上海
104,青年
104,努力
103,获奖
102,服务
102,新疆
101,创造
100,文化部
99,香港
99,问题
99,特色
99,文化艺术
99,影响
98,需要
98,摄影
97,乐队
97,一等奖
96,团体
95,音乐会
94,重点
94,反映
94,作用
91,文化活动
91,全省
91,人才
90,深入
90,曲艺
89,著名
89,艺术团
89,戏曲
89,作家
88,文物
88,先后
86,学习
86,冠名权
85,得到
85,召开
85,代表
84,荣获
84,第一
84,基层
83,这是
83,成功
83,内容
83,中心
82,话剧
81,台湾
81,促进
81,京剧
80,企业
79,结合
79,文化馆
79,丰富
78,实践
77,精神文明
77,生产
77,文艺演出
77,主要
76,研究
74,重视
74,水平
74,方向
74,基础
73,高雅
73,文学艺术
73,二等奖
72,大众
72,农村
71,认真
71,电视
71,少数民族
70,文化站
70,导演
70,创新
70,书法
69,工程
69,学校
68,联合
68,日本
68,报价
68,博物馆
68,今年
67,风格
67,形象
67,三等奖
66,绘画
66,经营
66,活跃
66,提供
66,地区
66,健康
65,时期
65,审美
64,雕塑
64,欢迎
64,包括
63,产生
62,队伍
62,部门
62,艺术精品
62,系列
62,小品
62,天津
62,多个
62,培养
61,欣赏
61,景林
61,改革开放
61,报道
61,意识
61,实现
60,公司
59,深刻
59,政府
59,发表
59,发挥
59,体现
58,题材
58,影片
58,城市
58,价值
57,自治区
57,演唱会
57,歌剧
57,教育
57,指导
57,实施
57,全区
57,伟大
57,人员
57,书画
56,良好
56,文化市场
56,拍摄
56,心
56,夏雨
56,会员
55,认识
55,深圳
55,文艺家
55,弘扬
55,关系
55,主办
54,统一
54,文明
54,成绩
54,广州
54,人物
53,电视台
53,声乐
53,农民
52,美国
52,纪念
52,祖国
52,哈尔滨
52,单场
51,读者
51,第二届
51,理论
51,现实
51,歌手
51,年代
51,孩子
51,冠名
51,先生
51,中山
50,金奖
50,进入
50,效果
50,庆祝
50,少儿
50,人次
49,设施
49,曝光
49,成果
49,儿童
48,造型
48,研讨会
48,画家
48,政治
48,推动
47,营销
47,经验
47,科学
47,看到
47,电视剧
47,汇演
47,检察
47,条件
47,担任
47,广东省
47,大奖
47,场所
47,专场
46,观看
46,职工
46,经济
46,江泽民
46,探索
46,工作者
46,宫崎骏
46,多种
46,公演
46,人类
46,产品
46,交流
45,高度
45,走向
45,表演艺术
45,文化生活
45,好评
45,发行
45,前进
44,邀请
44,系统
44,突出
44,画展
44,潮剧
44,杂技
44,开幕式
44,存在
43,贵州
43,调演
43,独特
43,市民
43,市委
43,入选
43,作曲
43,主题
42,领域
42,革命
42,节目单
42,热情
42,正式
42,歌舞团
42,故事
42,力量
42,任务
42,世纪
41,评选
41,西方
41,现代化
41,最高
41,最佳
41,保护
41,会议
41,买断
41,乡镇
40,骨干
40,需求
40,评奖
40,方针
40,意义
40,广州市
40,发现
40,决定
40,共同
40,介绍
40,之间
40,专家
40,一名
39,首演
39,贡献
39,现有
39,满足
39,民族文化
39,最大
39,干部
39,为主
39,中央电视台
38,重大
38,选择
38,质量
38,规律
38,素质
38,社区
38,环境
38,昆曲
38,拥有
38,工人
38,回顾
38,合唱团
38,北京市
37,组成
37,第七
37,相声
37,生命
37,涌现
37,果陀
37,文化部门
37,战略
37,宣传部
37,地方
37,团结
37,出现
37,专题
36,运用
36,机关
36,投资
36,情况
36,多人
36,千里马
36,副主席
36,人生
36,下乡
35,能够
35,排练
35,媒体报道
35,主旋律
35,三个代表
34,魅力
34,面包车
34,部队
34,过程
34,语言
34,评为
34,观念
34,第二
34,空间
34,程度
34,日至
34,文艺活动
34,文化建设
34,思想性
34,引导
34,开幕
34,广播
34,巨大
34,图书
34,各界
34,会演
34,今晚
34,产业
33,首都
33,青春
33,门类
33,编导
33,继承
33,比较
33,收藏
33,学生
33,变化
33,参赛
33,充满
32,音像制品
32,达到
32,计划
32,杭州
32,普及
32,技术
32,成就
32,思考
32,声音
32,博览会
32,力度
32,中国画
32,中华
31,适应
31,辅导
31,讲话
31,艺术性
31,舞蹈团
31,群文
31,群众艺术馆
31,网络
31,结束
31,经济效益
31,特征
31,照片
31,文化厅
31,影剧院
31,延安
31,奖项
31,喜爱
31,去年
31,剧本
31,亚运会
31,业务
30,高清
30,陕西省
30,近日
30,规划
30,继续
30,神话
30,社会效益
30,目标
30,特点
30,毕业
30,标准
30,文化交流
30,指出
30,手法
30,将于
30,宣布
30,女儿
30,国庆
30,十六大
30,保证
30,从事
29,钢琴
29,赢得
29,落实
29,色彩
29,科技
29,现象
29,爱好者
29,歌舞剧
29,春天
29,新世纪
29,手段
29,很大
29,广东
29,市政府
29,多年
28,解决
28,英雄
28,群星
28,结构
28,称号
28,省级
28,浙江
28,服装
28,建国
28,展现
28,小说
28,媒体
28,大师
28,处理
28,呈现
28,内涵
28,五个一工程
28,了解
28,主席
27,音乐家
27,韩国
27,超过
27,贯彻
27,第三届
27,章丘市
27,海外
27,浙江省
27,济南
27,油画
27,新人
27,新中国
27,摄制
27,掌声
27,承办
27,思维
27,小姐
27,家乡
27,奉献
27,天河
27,培训
27,团长
27,回归
27,器乐
27,动画
27,作品展
27,中外
26,颁发
26,面对
26,道德
26,进步
26,规范
26,西藏
26,舞剧
26,职称
26,综合
26,精心
26,立于
26,法国
26,毛泽东
26,有着
26,所谓
26,感觉
26,强调
26,建成
26,富有
26,娱乐
26,困难
26,参观
26,动作
26,倾向
26,令人
26,乐团
26,中央
26,中华民族
26,专辑
25,邓小平
25,遗址
25,还要
25,辽宁
25,贵州省
25,行动
25,蓬勃
25,范曾
25,精湛
25,第三
25,直接
25,目的
25,现代戏
25,浓郁
25,歌颂
25,抢救
25,总书记
25,带来
25,完善
25,天山
25,唯一
25,区委
25,兄弟
25,侨乡
25,优势
24,食粮
24,面向
24,非法
24,诗歌
24,访问
24,设计
24,规模
24,西部
24,花鼓
24,肯定
24,美的
24,统计
24,称为
24,相当
24,理解
24,爱情
24,澳门
24,河南省
24,河南
24,民歌
24,有效
24,最近
24,普遍
24,显著
24,文华
24,改编
24,措施
24,振兴
24,录制
24,庆典
24,友谊
24,十年
24,分析
24,公园
24,传播
24,人士
24,中国电影
24,上演
24,三明
23,遗产
23,通俗
23,近年
23,艺术品
23,能力
23,胜利
23,组图
23,等一
23,理事
23,独奏
23,检查
23,机制
23,新剧目
23,文艺队
23,文艺界
23,扩大
23,感受
23,意见
23,总结
23,年度
23,帮助
23,导向
23,完美
23,女子
23,增强
23,场次
23,因素
23,发掘
23,为人
23,中国文联
22,风貌
22,选手
22,豫剧
22,证明
22,街道
22,艺术学院
22,经费
22,特殊
22,注重
22,机构
22,文体局
22,收入
22,心灵
22,座谈会
22,少年
22,家庭
22,实际
22,官兵
22,奖励
22,品位
22,吸引
22,向上
22,古代
22,历史文化
22,加快
22,创办
22,使命
22,个性
22,东巴
21,项目
21,过去
21,辉煌
21,越来越
21,评价
21,誉为
21,表达
21,营造
21,自然
21,第六届
21,立体
21,确定
21,省市
21,演艺
21,消费
21,泰勒
21,气氛
21,武汉
21,歌唱
21,欢乐
21,树立
21,时代精神
21,无锡市
21,方案
21,新浪娱乐
21,文章
21,整体
21,教授
21,摄影展
21,摄影作品
21,影视
21,应邀
21,大学
21,大会
21,地位
21,古城
21,历下区
21,创建
21,公共
21,全体
21,人数
21,万册
21,一致
20,风采
20,面的
20,青少年
20,银奖
20,铜陵
20,部长
20,退休
20,较大
20,觉得
20,花灯
20,自觉
20,臧天朔
20,缺乏
20,编辑
20,编剧
20,给予
20,粤剧
20,窗口
20,研究所
20,省委
20,电影院
20,电子
20,理想
20,王平
20,激情
20,注意
20,水利
20,氛围
20,气息
20,槐荫区
20,标志
20,明显
20,文艺理论
20,感染力
20,情感
20,心理
20,征集
20,开拓
20,开发
20,年轻
20,市场经济
20,山东
20,境界
20,培训班
20,喜欢
20,友好
20,原因
20,区政府
20,出生
20,亮相
19,音像
19,集团
19,集体
19,院团
19,阵地
19,队员
19,长清区
19,资料
19,负责
19,要闻
19,蒙古族
19,艺人
19,联欢
19,老师
19,经典
19,第一次
19,知识
19,盛会
19,热爱
19,泪
19,沈阳
19,民间舞蹈
19,歌星
19,构成
19,日晚
19,无锡
19,新作
19,文物保护
19,政策
19,改变
19,提倡
19,推进
19,感情
19,感到
19,思路
19,强化
19,对象
19,安排
19,和平
19,合作方
19,协调
19,创作奖
19,出版物
19,关心
19,公布
19,儿子
19,余场
19,书法家
19,主流
19,中央音乐学院
18,阶段
18,道路
18,选出
18,运作
18,调查
18,规定
18,观摩
18,艺术界
18,综艺
18,组合
18,管弦乐
18,社区文化
18,社会文化
18,画廊
18,电脑
18,电台
18,现出
18,爱你
18,活力
18,歌咏
18,来到
18,杂技团
18,机会
18,本溪市
18,有力
18,显示
18,日前
18,旋律
18,文化室
18,文化中心
18,收缴
18,摄影家
18,幸福
18,市场管理
18,小组
18,小学
18,对此
18,宁夏
18,委员会
18,大奖赛
18,基地
18,参展
18,协奏曲
18,办公室
18,前来
18,冲击
18,关键
18,党中央
18,保持
18,事迹
18,事业单位
18,之路
18,中共
18,三大
18,一座
17,鼓励
17,马克思主义
17,首歌
17,青铜
17,集成
17,造成
17,趣味
17,越剧
17,话剧团
17,评委
17,蒙古
17,莫伊谢耶夫
17,节日
17,考虑
17,考古
17,精彩
17,第四届
17,稳定
17,确保
17,画面
17,画册
17,琵琶
17,珍贵
17,灵魂
17,湖北
17,深厚
17,泥人
17,正是
17,歌剧团
17,智慧
17,是由
17,既有
17,方法
17,新片
17,文学作品
17,摇滚
17,指挥
17,技艺
17,成员
17,总体
17,快乐
17,形势
17,帷幕
17,展板
17,局面
17,尝试
17,学员
17,多样化
17,增加
17,团队
17,品牌
17,告诉
17,台山
17,只能
17,北京音乐厅
17,力求
17,制度
17,初步
17,出发
17,关怀
17,余人
17,体制
17,仪式
17,京剧团
17,交响乐
17,书记
17,主管
17,东京
17,上映
16,颁奖
16,音乐剧
16,雅韵
16,长篇
16,诞辰
16,行为
16,行业
16,苏联
16,联合主办
16,群众性
16,美术作品
16,美丽
16,维吾尔
16,经历
16,社会生活
16,知名
16,电视连续剧
16,献给
16,物质
16,物体
16,深化
16,消息
16,流传
16,母亲
16,欧洲
16,梧州市
16,栏目
16,本质
16,有限公司
16,有所
16,曲艺团
16,明确
16,文化娱乐
16,整顿
16,揭晓
16,授予
16,技巧
16,成长
16,成熟
16,慰问
16,录音
16,录像
16,建筑面积
16,建筑
16,广西
16,年至
16,布依
16,已有
16,宗旨
16,女人
16,太阳
16,大图
16,场面
16,国画
16,围绕
16,商洛
16,古老
16,发生
16,劳动
16,办法
16,剧作
16,再现
16,关闭
16,借鉴
16,作曲家
16,体系
16,代表团
16,亚洲
16,五月
16,乡村
16,主任
16,中宣部
16,东西
16,一道
15,鼓掌
15,阵容
15,队长
15,采风
15,迅速
15,起风
15,走进
15,走出
15,评出
15,论文
15,训练
15,观点
15,表演艺术家
15,荣誉
15,自由
15,考入
15,老年
15,策划
15,第四
15,第五届
15,离开
15,研究会
15,环节
15,独唱
15,港姐
15,汇报
15,曲目
15,是从
15,明珠
15,时空
15,日报
15,无法
15,文字
15,推荐
15,捐赠
15,拉开
15,批准
15,戏剧节
15,愧于
15,恢复
15,必要
15,开放
15,年底
15,巡回演出
15,崇高
15,小型
15,学会
15,娜娜
15,委约
15,天使
15,多名
15,外国
15,复出
15,国立
15,名家
15,同年
15,变革
15,发出
15,反响
15,又是
15,创造性
15,分为
15,准备
15,内蒙古
15,公开
15,元旦
15,元宵
15,儿童剧
15,体制改革
15,传达
15,会长
15,事物
14,高占祥
14,香洲
14,风情
14,音乐舞蹈
14,音乐作品
14,金穗
14,邮票
14,选举
14,轰动
14,赞助
14,负责人
14,说明
14,设备
14,视觉
14,营养
14,范围
14,英国
14,纪录
14,筹备
14,第六
14,第五
14,画案
14,生产中
14,现代艺术
14,献礼
14,灵感
14,海陵区
14,泉城
14,江苏
14,校园
14,杂志
14,木兰
14,期待
14,朝阳
14,朋友
14,有利于
14,月份
14,曾获
14,景象
14,明星
14,施光南
14,教师
14,报刊
14,感人
14,态度
14,德国
14,得意地笑
14,建党
14,广告牌
14,广告
14,工艺品
14,层次
14,局长
14,导师
14,密切
14,奋斗
14,天津市
14,天河区
14,大陆
14,大地
14,基础设施
14,商河县
14,呼唤
14,历程
14,南京
14,十佳
14,剧种
14,出版社
14,决议
14,党委
14,充实
14,倡导
14,优美
14,人民大会堂
14,人文
14,享受
14,云冈石窟
14,争取
14,之情
14,主张
14,不要
14,下午
13,黄河
13,馆藏
13,陈凯琳
13,问世
13,闭幕
13,铜奖
13,采访
13,酷
13,郑于鹤
13,进程
13,走过
13,赞扬
13,赞
13,资源
13,诞生
13,评比
13,设立
13,表演者
13,藏书
13,范曾假
13,苗族
13,花心
13,芭蕾舞
13,艰苦
13,致力于
13,老区
13,群体
13,美好
13,结晶
13,经营者
13,经济建设
13,精美
13,笑
13,章子怡
13,积累
13,票友
13,神雕侠侣
13,礼堂
13,百年
13,登峰
13,男声
13,生命力
13,现身
13,现任
13,湖北省
13,消夏
13,海报
13,济阳县
13,流派
13,水彩画
13,梁洛施
13,核心
13,曹操
13,普通
13,春秋
13,明暗
13,新颖
13,文华奖
13,效益
13,放在
13,描写
13,推广
13,打击
13,延安地区
13,廊坊市
13,应有
13,幽默
13,工艺
13,工作人员
13,小龙
13,小戏
13,尊重
13,对外
13,实力
13,女友
13,复活
13,复制
13,壁画
13,城乡
13,在内
13,名城
13,合理
13,原则
13,历时
13,南海
13,功能
13,分会
13,决赛
13,冠军
13,军营
13,兴趣
13,公安
13,全国性
13,健全
13,值得
13,俱乐部
13,信息
13,佳作
13,余幅
13,体育馆
13,人口
13,二为
13,主角
13,为期
13,中一
13,专项
13,不够
13,三年
13,一家
12,黄胄
12,鲁迅
12,面积
12,面临
12,阅览室
12,郑州
12,通讯员
12,透视
12,违法
12,辽宁省
12,责任
12,说是
12,说唱
12,话题
12,诗集
12,设有
12,讲座
12,讨论
12,获奖作品
12,花会
12,艺术教育
12,脱离
12,肩负
12,联合会
12,老人
12,细致
12,组歌
12,组成部分
12,纽约
12,精华
12,第一部
12,称赞
12,破坏
12,石窟
12,省政府
12,相关
12,画作
12,珠海
12,珍品
12,爱国主义
12,热潮
12,源于
12,港澳
12,流行
12,沟通
12,梁斌
12,桥梁
12,服饰
12,有序
12,曹禺
12,文工团
12,挑战
12,报纸
12,报告
12,批评
12,执导
12,扎实
12,成效
12,情趣
12,性感
12,影院
12,影响力
12,应征
12,幼儿
12,年初
12,带动
12,寻找
12,客观
12,威尼斯
12,失去
12,多家
12,多元
12,地域
12,围观
12,团员
12,商业
12,唱片
12,命运
12,听众
12,名人
12,同行
12,史上
12,原作
12,卡拉
12,动人
12,力作
12,公民
12,做到
12,修养
12,俄罗斯
12,作画
12,佛教
12,传统文化
12,仇志海
12,京剧院
12,五年
12,书画展
12,书画作品
12,之光
12,为人民服务
12,中华民族园
12,专著
12,不夜城
12,一流
12,一代
11,露天
11,重庆
11,遵循
11,象征
11,读书
11,诗人
11,访华
11,设计师
11,角色
11,观赏
11,见面
11,表演奖
11,衡量
11,胃痛
11,职能
11,美图
11,网友
11,经理
11,纪念馆
11,精力
11,粤剧团
11,管弦
11,笔会
11,秧歌
11,矛盾
11,百名
11,生于
11,班子
11,状态
11,状况
11,父亲
11,满意
11,海陵
11,河北梆子
11,民乐
11,比例
11,模式
11,梅花奖
11,格法
11,木卡姆
11,期刊
11,有益
11,春节晚会
11,明年
11,新加坡
11,文明建设
11,文工
11,文学奖
11,数量
11,摄影艺术
11,振奋
11,指示
11,承认
11,执法
11,战士
11,愿意
11,感动
11,情人
11,引进
11,开播
11,延安文艺座谈会
11,年轻人
11,年成
11,布依族
11,市长
11,山东省
11,宝贵
11,女神
11,奖金
11,天地
11,大小
11,壮大
11,城区
11,在一起
11,唱响
11,史诗
11,台州
11,台北
11,可喜
11,召集人
11,发布会
11,反对
11,单弦
11,前提
11,制片厂
11,全国优秀
11,党员
11,偷笑
11,体育
11,代表队
11,仙桃
11,书籍
11,乐器
11,主编
11,主义
11,中青年
11,中原
11,东西方
11,不知
10,龙舞
10,龙母
10,黄梅戏
10,鲜花
10,魔术
10,高级
10,饰演
10,音乐学院
10,雪
10,集资
10,隆重
10,长江
10,走向世界
10,贵阳
10,谈到
10,调动
10,讴歌
10,角度
10,藏族
10,节水
10,艺术院团
10,舞蹈家
10,背景
10,联展
10,联办
10,老公
10,美学
10,编排
10,经济发展
10,终极
10,组织奖
10,组委会
10,线条
10,纳西族
10,纪录片
10,红旗
10,累计
10,精益求精
10,签订
10,第九
10,竞争
10,空前
10,科学技术
10,祝贺
10,示范
10,知名度
10,看见
10,相信
10,盗版
10,物象
10,爱好
10,熟悉
10,源泉
10,深深
10,深层
10,深圳市
10,泰州市
10,汉城
10,汇集
10,每一
10,步伐
10,歌声
10,概念
10,检验
10,梦想
10,景点
10,日常
10,新编
10,新秀
10,斗争
10,斑马
10,收获
10,携手
10,描绘
10,指引
10,戏迷
10,意味
10,总裁
10,总监
10,思潮
10,征文
10,彩色
10,录像片
10,强大
10,开办
10,开创
10,序曲
10,年龄
10,常委
10,师生
10,工作会
10,山西
10,山区
10,展览会
10,展开
10,定位
10,定为
10,安徽省
10,安徽
10,安全
10,学者
10,学术
10,孔乙已
10,婚礼
10,大学生
10,大专
10,外来
10,复杂
10,复古
10,地方特色
10,回报
10,哲学
10,吸引力
10,启动
10,吕剧
10,名誉
10,合唱节
10,另有
10,占地
10,博士
10,协会会员
10,加拿大
10,前往
10,制约
10,分手
10,出色
10,写意
10,内容丰富
10,典型
10,六十年代
10,公主
10,全国青联
10,作风
10,余名
10,传奇
10,优秀奖
10,以往
10,京城
10,京剧艺术
10,云南
10,书画家
10,丽江
10,主体
10,丰厚
10,中山市
10,下功夫
10,一书
9,高水平
9,首位
9,领导人
9,项奖
9,韵味
9,音乐周
9,面前
9,震撼
9,集训
9,难题
9,陈列
9,金刚
9,郭晶晶
9,部副
9,途径
9,透露
9,远远
9,路线
9,赠送
9,财政
9,评剧
9,警察
9,西安
9,表演赛
9,落后
9,荟萃
9,苏州市
9,节庆
9,艺术大师
9,艺术交流
9,艺术中心
9,自编
9,腰鼓
9,耕耘
9,老百姓
9,老干部
9,美术家
9,美展
9,羊城
9,结婚
9,组曲
9,组建
9,第十
9,第八
9,童话
9,秦腔
9,种类
9,票价
9,硕果累累
9,石狮市
9,真理
9,相反
9,盛况
9,盘点
9,画院
9,男孩
9,电影界
9,生日
9,版本
9,爸爸
9,点击
9,灯会
9,澳大利亚
9,演讲
9,温馨
9,温州
9,清新
9,涉及
9,浓厚
9,泰州
9,法规
9,水墨画
9,水准
9,气势
9,民间文化
9,民主
9,每一个
9,殊荣
9,武汉电视台
9,检察官
9,梧州
9,梦幻
9,格局
9,杭州市
9,材料
9,机遇
9,本溪
9,月底
9,最美
9,显得
9,是不是
9,昨晚
9,时装
9,新闻发布会
9,新路
9,新生活
9,新浪
9,新歌
9,文化发展
9,教学
9,故事片
9,故乡
9,技法
9,承担
9,打击乐
9,才华
9,所说
9,战斗
9,战争
9,情缘
9,快板
9,张蕴华
9,开设
9,开元区
9,广播电台
9,幻想
9,平面
9,差异
9,巡展
9,小镇
9,小时
9,小提琴
9,容易
9,实行
9,完整
9,学院
9,孙中山
9,娱乐场所
9,女孩
9,大片
9,大大
9,大使
9,多姿多彩
9,多出
9,场地
9,地处
9,土壤
9,国务院
9,国产
9,回忆
9,四川
9,哈林
9,品味
9,告别
9,听到
9,吉祥
9,可谓
9,可爱
9,发达
9,发扬
9,反复
9,参演
9,历史剧
9,印象派
9,半年
9,升华
9,千年
9,十一届三中全会
9,北京市文联
9,加工
9,办好
9,办公
9,利益
9,创意
9,出租
9,军民
9,内在
9,具备
9,全书
9,入伍
9,党组
9,光盘
9,光彩
9,信念
9,优劣
9,仲夏
9,人心
9,亮丽
9,产业发展
9,交流会
9,交响乐团
9,书画艺术
9,书报刊
9,中学
9,中国人
9,专家学者
9,不到
9,下来
9,上级
9,上午
9,上一
9,万余
9,一首
9,一生
8,黑陶
8,风景
8,面貌
8,阐述
8,阎志才
8,门票
8,镇区
8,铁路
8,钱学森
8,酒店
8,邀请赛
8,道教
8,选送
8,适合
8,进展
8,进取
8,近期
8,迈向
8,辛勤
8,载体
8,软件
8,转变
8,足迹
8,走上
8,贴近
8,贩卖
8,谱写
8,调研
8,词曲
8,评审
8,证书
8,设置
8,讲述
8,解放区
8,视频
8,视角
8,观赏性
8,观察
8,西洋
8,西北
8,萌
8,莫愁
8,艺苑
8,艺术生涯
8,舞者
8,舞曲
8,舆论
8,脉搏
8,胡云鹏
8,老一辈
8,编纂
8,维修
8,结局
8,纽带
8,纳西
8,精英
8,筹委会
8,第十届
8,符合
8,立足
8,穿越
8,积淀
8,票房
8,祥和
8,社长
8,研习
8,石油
8,省区
8,男星
8,男人
8,电子游戏机
8,理性
8,现代主义
8,独立
8,特色文化
8,特有
8,特别奖
8,物质文明
8,版画
8,漫画
8,演说
8,漂亮
8,清醒
8,淡水
8,消防
8,流动
8,江苏省
8,江南
8,汉字
8,水墨
8,民俗
8,正月十五
8,正月
8,正常
8,歌唱家
8,槐荫
8,概括
8,梨园
8,梁庄
8,桂花
8,格萨尔王传
8,柴可夫斯基
8,查处
8,杨过
8,机械
8,术语
8,朗诵
8,暑期
8,晋级
8,春联
8,无情
8,旗帜
8,新貌
8,新时代
8,新年
8,文坛
8,文化宫
8,散文
8,放映队
8,撰写
8,接轨
8,拨款
8,投票
8,才艺
8,成本
8,戏剧家
8,感谢
8,感慨
8,忽略
8,徽州
8,微雕
8,得了
8,张国强
8,引发
8,开辟
8,建平
8,建于
8,底蕴
8,序幕
8,广阔
8,年第
8,带有
8,市场营销
8,巧妙
8,工程师
8,工厂
8,山花
8,屈原
8,小标题
8,对话
8,对比
8,宣武
8,实际上
8,宝库
8,宗教
8,宁化
8,孟新
8,委员
8,好莱坞
8,女演员
8,夺得
8,太庙
8,大展
8,大厅
8,声誉
8,增长
8,图片
8,回应
8,商品
8,唱法
8,品格
8,启迪
8,名字
8,吉祥物
8,吉他
8,合影
8,古典
8,口味
8,双方
8,原有
8,印象
8,卫视
8,医院
8,医生
8,动员
8,动力
8,力争
8,前夕
8,列入
8,列为
8,刊物
8,出访
8,出炉
8,出新
8,出任
8,全新
8,全场
8,光辉
8,信心
8,作词
8,体验
8,体育场
8,体会
8,位置
8,伴奏
8,传媒
8,人和
8,交响曲
8,五个一工程奖
8,云南省
8,于一体
8,事情
8,事件
8,习惯
8,乐小
8,乐力
8,之春
8,之声
8,义务
8,主动
8,丰硕
8,中秋
8,中旬
8,中央台
8,中国音乐学院
8,中国共产党
8,中华人民共和国
8,个人专辑
8,不足
8,不仅仅
8,下去
8,上海市
8,三团
8,万里
8,万人
8,一群
8,一体
7,黄勇
7,高质量
7,高于
7,马来西亚
7,马克思
7,首场
7,风气
7,频繁
7,预告
7,音乐系
7,音乐厅
7,霍启刚
7,雷锋
7,院长
7,闭幕式
7,销售
7,鉴赏
7,金钱
7,重要讲话
7,邓小平理论
7,遭到
7,道具
7,遇见
7,迎来
7,达标
7,路子
7,趋势
7,调整
7,诙谐
7,评论家
7,讲究
7,记录
7,记住
7,视野
7,衰
7,表现力
7,血肉
7,蔡依林
7,著作
7,落成
7,草原
7,花漾
7,芭蕾
7,艺术工作者
7,艺术展
7,色调
7,舞龙
7,自豪
7,聘请
7,联络
7,老婆
7,绿色
7,素材
7,粤曲
7,类型
7,筹集
7,笔墨
7,竣工
7,穿着
7,积极性
7,神奇
7,石狮
7,知识分子
7,看过
7,相应
7,百日
7,白云
7,登台
7,画坛
7,男子
7,男友
7,电影音乐
7,电子琴
7,生存
7,璀璨
7,理论家
7,玫瑰
7,玉梅
7,玄黄
7,特辑
7,爆满
7,热血
7,热点
7,热心
7,火爆
7,激发
7,激励
7,激动
7,潜力
7,潘震宙
7,演奏家
7,演出剧目
7,海南
7,浪漫
7,流通
7,活泼
7,泰山
7,法律
7,沙溪
7,汉族
7,步入
7,歌词
7,欢笑
7,李孝利
7,本土
7,有近
7,有没有
7,有意
7,最初
7,最为
7,曾多次
7,曾任
7,晚上
7,明了
7,无伴奏合唱
7,无产阶级
7,旅游
7,方针政策
7,新闻出版
7,新春
7,新意
7,文件
7,故居
7,接见
7,指挥家
7,拍戏
7,拍卖
7,执著
7,打开
7,扎根
7,战线
7,愿望
7,情节
7,情景
7,恭喜
7,总数
7,性格
7,怀念
7,忽视
7,很快
7,张鸿毓
7,张柏芝
7,引起轰动
7,廊坊
7,广播剧
7,年间
7,平均
7,常常
7,市电
7,巴黎
7,巨作
7,工商
7,工作报告
7,少年宫
7,少女
7,小号
7,小分队
7,对照
7,富于
7,实用
7,定妆
7,宏大
7,宋代
7,安静
7,安塞
7,学期
7,学报
7,学历
7,孔子
7,娱乐业
7,姑娘
7,奏响
7,夸张
7,夫人
7,大牌
7,复制品
7,处长
7,基调
7,基本形
7,培训中心
7,城镇
7,地下
7,国际性
7,回家
7,商山
7,品质
7,周年纪念
7,听取
7,后现代
7,名画
7,名段
7,同步
7,同于
7,台阶
7,可辛
7,可贵
7,可怜
7,发明
7,参照
7,原始
7,原创
7,南方
7,南山
7,协助
7,协办
7,华人
7,十强
7,勇敢
7,动物
7,功夫
7,副主任
7,剪彩
7,前所未有
7,前列
7,刻画
7,制片人
7,初期
7,创作者
7,创作人
7,刘中东
7,分管
7,出自
7,出土
7,出动
7,凡高
7,决不
7,兴办
7,共鸣
7,共性
7,共创
7,全球
7,全国代表大会
7,克服
7,允许
7,儿女
7,修复
7,佳丽
7,作家群
7,作家协会
7,作品集
7,余部
7,余件
7,位于
7,伴随
7,伦敦
7,传统戏
7,传出
7,企事业
7,以高
7,以前
7,代表性
7,代表大会
7,仓库
7,从小
7,人生观
7,交响
7,亚历山大
7,于正
7,二胡
7,书画院
7,之际
7,主题曲
7,主观
7,主持人
7,主办单位
7,中表
7,中国音乐家协会
7,中国文化部
7,中国东方歌舞团
7,个体
7,丝路
7,丛书
7,专职
7,与会
7,上台
7,三代
7,丈夫
6,龙头
6,黄晓明
6,鸿沟
6,高跷
6,高科技
6,高潮
6,高层次
6,高尚
6,骑车
6,骄傲
6,驻村
6,香洲区
6,馆长
6,风流
6,风暴
6,风俗
6,题写
6,领衔
6,预告片
6,鞍钢
6,青睐
6,青春期
6,青岛
6,集团公司
6,隶书
6,陶冶
6,陕北
6,阿根廷
6,长相
6,锻炼
6,错误
6,钻研
6,金钟奖
6,都市
6,郭富城
6,郊游
6,邮展
6,遍及
6,迭出
6,迪士尼
6,违规
6,远离
6,进京
6,运动
6,迎春
6,边防
6,身材
6,身份
6,跨越
6,跨入
6,赞赏
6,赝品
6,购买
6,贫困
6,谢霆锋
6,课题
6,评委会
6,评书
6,访谈
6,讽刺
6,论述
6,论证
6,讲解
6,讨论会
6,计算机
6,解释
6,见到
6,覆盖
6,要点
6,表演队
6,行政
6,行当
6,蜡染
6,菲律宾
6,范仲淹
6,芳草
6,芦笙
6,节奏
6,艺校
6,艺术成就
6,艺德
6,色情
6,艰难
6,舞台剧
6,自筹
6,胜利者
6,联手
6,联合国教科文组织
6,职务
6,翻译
6,群像
6,美术馆
6,美术书法
6,美感
6,网吧
6,缺少
6,编辑部
6,维护
6,结集
6,细腻
6,纷呈
6,红色
6,红岩
6,精选
6,精致
6,精神生活
6,第十一届
6,第一届
6,笔下
6,立体声
6,空白
6,秘书长
6,票务
6,神韵
6,神秘
6,社团
6,社会发展
6,硬件
6,石刻
6,着重
6,着力
6,看着
6,相比
6,相机
6,百花
6,百姓
6,电视专题片
6,电影业
6,电信
6,申报
6,生机
6,生产力
6,瑰宝
6,理论研究
6,理念
6,现状
6,献艺
6,狠抓
6,特殊性
6,爱国
6,熏陶
6,照顾
6,灿烂
6,灯光
6,潮流
6,演绎
6,游客
6,温暖
6,清楚
6,清代
6,深邃
6,深沉
6,淫秽
6,浪费
6,泥塑
6,法制
6,河南电视台
6,河北省
6,河北
6,沙漠
6,汗水
6,气质
6,民乐队
6,殿堂
6,歌舞厅
6,歌坛
6,欢歌
6,欢庆
6,检察院
6,构想
6,构思
6,板块
6,村寨
6,李瑞环
6,李富春
6,李宗瑞
6,李安
6,服务工作
6,有特色
6,替代
6,曾荣获
6,景观
6,春潮
6,星期六
6,明清
6,昆明
6,时刻
6,早期
6,无偿献血
6,新鲜
6,新闻媒体
6,新剧
6,斯嘉丽
6,文献
6,文化资源
6,文人
6,整改
6,整容
6,数千
6,放弃
6,改进
6,收视
6,收藏家
6,收录
6,摆在
6,揭秘
6,提前
6,探讨
6,损害
6,指导思想
6,拓宽
6,抹布
6,抗洪
6,扶贫
6,扩建
6,执行
6,打分
6,所在
6,截止
6,戏剧系
6,想法
6,想到
6,惟一
6,情绪
6,总决赛
6,性质
6,性智
6,性文化
6,态势
6,快速
6,志愿者
6,心里
6,律师
6,彩塑
6,形态
6,形体
6,张馨予
6,开掘
6,开封
6,开元
6,建设工程
6,应用
6,广播电影电视部
6,幼儿园
6,并有
6,平庸
6,差距
6,工程建设
6,巡礼
6,巡回展
6,崛起
6,山水
6,山村
6,屏幕
6,居委会
6,就读
6,小队
6,小调
6,封面
6,对大
6,审视
6,审批
6,实验
6,实习生
6,定于
6,官司
6,宏观
6,委托
6,妹妹
6,女主角
6,奔腾
6,契机
6,太仓市
6,太仓
6,天人
6,大戏院
6,大好
6,大型活动
6,大合唱
6,大厦
6,多彩
6,多功能
6,复兴
6,处于
6,增进
6,塞浦路斯
6,堪称
6,基本功
6,埃及
6,图书室
6,国有
6,固有
6,回答
6,回来
6,喜剧
6,唱腔
6,哈尔滨人
6,命名
6,呼声
6,周恩来
6,向往
6,名作
6,同台
6,合肥
6,号子
6,古人
6,取缔
6,发起
6,厦门
6,厦禾
6,原理
6,压力
6,历史悠久
6,历史人物
6,历代
6,厅局
6,卡拉OK
6,占领
6,南阳
6,南通
6,华文
6,华东
6,北方
6,北大荒
6,勤奋
6,势头
6,劳作
6,动画片
6,动漫
6,制片
6,到来
6,出场
6,凝结
6,冲突
6,写实
6,内设
6,内心
6,内容包括
6,兴盛
6,共建
6,公路
6,公映
6,全民
6,全方位
6,全国重点
6,克拉玛依
6,先锋
6,偷乐
6,停止
6,做法
6,偏见
6,余年
6,何向阳
6,优化
6,企业形象
6,企业家
6,价值观
6,人民币
6,交通
6,交替
6,互动
6,争议
6,书法作品
6,书刊
6,乡亲
6,也就是
6,之称
6,主播
6,主导
6,中等
6,中央人民广播电台
6,中央乐团
6,中国作家协会
6,两岸
6,东海
6,东方歌舞团
6,世界观
6,专集
6,专业人员
6,不在
6,不乏
6,不久
6,上镜
6,上旬
6,三十多
6,万字
6,一身
6,一行
6,一派
6,一条街
5,龙凤
5,齐鲁
5,黑龙江省
5,黄金
5,高品位
5,马戏团
5,香魂女
5,风筝
5,题为
5,领先
5,颂歌
5,须要
5,顶
5,音响
5,革命家
5,面议
5,霍家
5,雕塑家
5,雄厚
5,陶冶情操
5,陕西
5,陈晓
5,阿炳
5,阳光
5,防止
5,阅读
5,长大
5,长城
5,镜头
5,铅笔
5,金鹰奖
5,金鸡奖
5,配音
5,都可
5,部委
5,邮政
5,遗迹
5,遗憾
5,造像
5,通讯
5,透过
5,迫切
5,连环画
5,迎新
5,迎合
5,辞典
5,轻音乐
5,轮廓
5,转为
5,轨道
5,车轮
5,身穿
5,身着
5,距离
5,超出
5,赶到
5,走到
5,赞誉
5,赛区
5,费用
5,贯穿
5,购置
5,豪宅
5,豪华
5,谢娜
5,调侃
5,请来
5,说起
5,诗化
5,词典
5,记者会
5,记忆
5,订婚
5,规格
5,规则
5,观众席
5,覆盖面
5,西门
5,表面
5,表现手段
5,表明
5,行列
5,蜚声
5,蛮子
5,藏戏
5,薄弱
5,蒲公英奖
5,蒙古文
5,著名画家
5,著名演员
5,获得者
5,荷兰
5,荧屏
5,茶馆
5,茶话会
5,范冰冰
5,范世琦
5,苏荣
5,苏芮
5,花鸟
5,艾买提
5,艺术片
5,艰辛
5,良性
5,舞美
5,至关重要
5,肌肉
5,联欢会
5,耳朵
5,耗资
5,老虎
5,老东
5,翻身
5,美术师
5,美声
5,罕见
5,缩小
5,编印
5,绚丽
5,结合点
5,经营管理
5,终结
5,组织建设
5,纹身
5,纵深
5,纳凉
5,纳入
5,红楼梦
5,红旗飘飘
5,红旗谱
5,累
5,紧张
5,素养
5,精品展
5,粉丝
5,管理制度
5,简称
5,简易
5,简介
5,签约
5,筹办
5,筹划
5,等级
5,等待
5,笔触
5,笑容
5,笑声
5,童年
5,站长
5,突击
5,秧歌队
5,科研
5,福建省
5,祥林
5,神雕
5,确立
5,研究室
5,石景宜
5,知名人士
5,眼睛
5,省直
5,省会
5,直辖市
5,直观
5,盖茨比
5,白色
5,白发
5,痛苦
5,男女
5,电子游戏
5,申奥
5,由此
5,用于
5,生长
5,生涯
5,生前
5,甘肃
5,琉璃厂
5,理由
5,王力宏
5,玉田
5,玉洁
5,率领
5,牺牲
5,特邀
5,特等奖
5,特性
5,特区
5,物力
5,片断
5,片中
5,爷爷
5,爆乳
5,焦点
5,火车
5,澳门回归
5,澳洲
5,演职人员
5,演奏员
5,演唱者
5,演出队
5,湖南
5,游戏
5,渗透
5,海洋
5,海峡两岸
5,流程
5,活动室
5,波兰
5,沪剧
5,沙县
5,沈阳军区
5,沈星
5,江海
5,永不
5,民间舞
5,民间故事
5,民族性
5,民俗文化
5,比伯
5,死亡
5,武装
5,武汉市
5,武术
5,正规
5,歌王
5,欣喜
5,模范
5,概况
5,植根
5,梅兰芳
5,档次
5,框架
5,桂冠
5,样式
5,株式会社
5,校园文化
5,柏林
5,极端
5,杜汶泽
5,村镇
5,李伯安
5,期望
5,有志
5,最多
5,曲子
5,景物
5,显现
5,是非
5,昭示
5,春华
5,映山红
5,昆剧
5,时代感
5,旧址
5,无限
5,方便
5,新馆
5,新疆电视台
5,新娘
5,新发
5,新兴
5,文革
5,文物部门
5,文学史
5,文娱
5,文化界
5,文化处
5,数码
5,数字
5,散文集
5,教委
5,敏锐
5,故宫
5,故乡人
5,改为
5,撤销
5,摆脱
5,提名奖
5,接触
5,捐献
5,挚爱
5,拒绝
5,担纲
5,报名
5,抓紧
5,执着
5,手机
5,所长
5,成龙
5,成都
5,意境
5,想起
5,想象
5,惊喜
5,惊叹
5,情操
5,情怀
5,悠久
5,总统
5,思想道德
5,怀着
5,心血
5,心态
5,影展
5,影友
5,彩虹
5,彩练
5,当选
5,当作
5,当代艺术
5,张国立
5,张信哲
5,引来
5,座谈
5,座位
5,庙会
5,庆祝活动
5,广播电视
5,幸运
5,并存
5,年青
5,年中
5,平顶山
5,平江
5,干警
5,带给
5,希腊
5,工资
5,工委
5,工作室
5,岁月
5,山西电视台
5,属性
5,展览馆
5,居来提
5,居住
5,局机关
5,小曲
5,将军
5,导致
5,导演奖
5,导向性
5,对立
5,对外开放
5,寓意
5,宣武区
5,宝贝
5,学术交流
5,婚姻
5,娴熟
5,娱乐生活
5,姜妙香
5,姐妹
5,妈妈
5,妇女
5,好爱哦
5,好戏
5,女星
5,契合点
5,奇迹
5,奇幻
5,央视
5,夫妇
5,天桥区
5,大庆
5,大全
5,大为
5,多首
5,多平方米
5,多层次
5,夏季
5,场合
5,地市
5,在建
5,图案
5,图博
5,国道
5,国人
5,固定
5,园林
5,回族
5,四代
5,噱头
5,噢耶
5,喜迎
5,喜人
5,商洛市
5,唱片公司
5,唐朝
5,哥哥
5,咨询
5,和音
5,吴彦祖
5,吐槽
5,名师
5,名单
5,同学
5,吉它
5,古都
5,古筝
5,口号
5,发来
5,发布
5,发动
5,双年
5,友好城市
5,参评
5,县委
5,原名
5,历经
5,历城区
5,历史背景
5,印度
5,占据
5,博物
5,博得
5,单项
5,华丽
5,千与千寻
5,十足
5,十多
5,北京人民艺术剧院
5,北京世纪剧院
5,包含
5,勇于
5,助理
5,剪纸
5,剧照
5,剧中
5,前辈
5,前卫
5,前三
5,制成
5,制作人
5,到会
5,创优
5,创下
5,分配
5,净化
5,决心
5,冯绍峰
5,冯小刚
5,冯刚毅
5,农奴
5,写道
5,写真
5,写生
5,兼职
5,兼任
5,养育
5,兴建
5,公益
5,公安局
5,全文
5,全国政协
5,全剧
5,先进县
5,像是
5,做客
5,俊杰
5,侧重
5,使者
5,佳绩
5,佛教音乐
5,余家
5,余个
5,余万
5,体裁
5,体积
5,传承
5,休闲
5,价格
5,以为
5,代表作
5,他用
5,从艺
5,人间
5,人称
5,人民日报
5,人文景观
5,人性
5,人大
5,人力
5,人体
5,亲密
5,享有
5,产物
5,交往
5,于自己
5,于我们
5,二十多
5,了不起
5,乐章
5,乌兰牧骑
5,乌兰巴托
5,之子
5,举措
5,举报
5,丽江古城
5,主唱
5,主创
5,主人公
5,为民
5,为己任
5,丹青
5,中西
5,中文系
5,中小学
5,中央民族乐团
5,中国戏剧家协会
5,中专
5,严谨
5,业余组
5,专访
5,专栏
5,专干
5,专业人才
5,不顾
5,不见
5,不理
5,不正
5,不想
5,不尽
5,下旬
5,下基层
5,上面
5,上述
5,三部曲
5,三月
5,一车
5,一百多
5,一日
5,一体化
4,齐秦
4,齐全
4,鼓励奖
4,黎明
4,黄河流域
4,鲜活
4,鲁迅文学奖
4,魔幻
4,高雄市
4,高超
4,高玉倩
4,高涨
4,高兴
4,高低
4,高举
4,马季
4,香港演艺学院
4,首映
4,馆舍
4,飞天奖
4,飞天
4,风靡
4,风尚
4,风光
4,颇具
4,面向世界
4,非赢利
4,青年团
4,集邮
4,难得
4,难度
4,隐退
4,隐藏
4,隐患
4,降下
4,陈远
4,陈毅
4,陈学希
4,陈坤
4,陈列展览
4,陈乔恩
4,附件
4,阶层
4,队伍建设
4,阅览
4,长远
4,长沙
4,长时
4,长廊
4,锣鼓
4,银幕
4,鉴定
4,金色
4,金曲
4,金华
4,里面
4,采录
4,醒狮
4,酷爱
4,酷似
4,配有
4,配套
4,郭沫若
4,避免
4,逼真
4,造化
4,速度
4,退场
4,迷你
4,迷人
4,进军
4,进修
4,运动会
4,迈进
4,迈出
4,过来
4,过多
4,辛苦
4,辖区
4,输送
4,辐射
4,轻骑队
4,轻重
4,转折
4,转业
4,身为
4,跳舞
4,跑遍
4,足够
4,趣味性
4,赵寅成
4,赵兰英
4,走红
4,走出去
4,赠书
4,赞美
4,赞歌
4,赞叹
4,赛事
4,资格
4,质朴
4,责任感
4,财富
4,财力
4,调任
4,说唱团
4,诱惑
4,诠释
4,话筒
4,话剧院
4,诚恳
4,诚信
4,诗社
4,诗情
4,诗剧
4,评定
4,证实
4,讲习会
4,议论
4,认可
4,解放军
4,解娟
4,角落
4,规范化
4,要好
4,西藏自治区
4,西哈诺
4,西南
4,衬衫
4,表演唱
4,补充
4,行程
4,蠡县
4,蛋糕
4,蔡琴
4,蔡思贝
4,蔡卓妍
4,蒲公英
4,莫斯科
4,荣誉奖
4,荔枝
4,荒谬
4,茶座
4,苦难
4,苏北
4,花车
4,花开
4,花园
4,花卉
4,芭蕾舞团
4,芬兰
4,芙蓉花
4,节目组
4,节庆活动
4,艺术院校
4,艺坛
4,舞蹈诗
4,舞蹈系
4,舞狮
4,舞台美术
4,舞厅
4,自由化
4,自娱
4,自如
4,自信
4,自乐
4,能量
4,胶片
4,肤浅
4,联盟
4,联合国
4,职能部门
4,职业
4,老板
4,美誉
4,美少女
4,美女
4,罗马
4,网络建设
4,编织
4,编入
4,绿洲
4,综合性
4,绘画作品
4,经纪人
4,经受
4,经典作品
4,织
4,细节
4,组团
4,纵横
4,纪念章
4,纪念奖
4,纪元
4,红蓝
4,红灯记
4,红星
4,红日
4,红尘
4,繁华
4,精髓
4,精深
4,篇章
4,管理站
4,管理工作
4,管理局
4,管理体制
4,签名
4,等同
4,第２
4,笔者
4,笑傲
4,童趣
4,童声
4,竟是
4,立项
4,立场
4,稽查队
4,程序
4,移动
4,称之为
4,秩序
4,秘诀
4,离婚
4,离不开
4,福建
4,神州
4,硕果
4,研讨
4,研究员
4,石窟寺
4,短裙
4,短篇小说
4,短短
4,知音
4,知识性
4,瞩目
4,省民
4,省厅
4,相约
4,相声小品
4,相同
4,相亲
4,直属
4,益于
4,皮特什蒂
4,百花奖
4,百花园
4,百家
4,百人
4,登上
4,界限
4,畅销
4,画皮
4,画像
4,电影史
4,生活环境
4,生态平衡
4,甜美
4,甄子丹
4,瑞典
4,琼瑶
4,现存
4,现场直播
4,现代舞团
4,王子
4,独到
4,独具
4,特定
4,牡丹奖
4,片酬
4,片段
4,片方
4,父子
4,燃烧
4,焕发
4,热闹
4,热门
4,热衷
4,热播
4,激烈
4,漫画家
4,演技
4,演出团
4,滞后
4,滑稽剧团
4,滑稽
4,湖南省
4,湖南卫视
4,温州市
4,清风
4,清流
4,清查
4,混乱
4,深远
4,深情
4,深切
4,深井
4,海岛
4,浙江日报
4,流行音乐
4,流域
4,活动中心
4,洪楼
4,泰东镇
4,法轮功
4,汉子
4,求实
4,求婚
4,水粉画
4,水粉
4,水彩
4,气象
4,民警
4,民族化
4,毫无疑问
4,毛泽
4,比基尼
4,比喻
4,正版
4,正值
4,歌谣
4,欧美
4,欢快
4,横向
4,模型
4,榜样
4,梦鸽
4,梅花
4,格调
4,样子
4,某某
4,架子
4,构筑
4,松山
4,杰出
4,来信
4,村民
4,李泽楷
4,李慕良
4,权法
4,朱亚文
4,本科
4,本地
4,本体
4,未能
4,服装设计
4,有限
4,有害
4,月湖
4,月初
4,最爱
4,最深
4,曲谱
4,曲折
4,曙光
4,晚霞
4,晚报
4,春季
4,易懂
4,易凯
4,时节
4,时有
4,时尚
4,时光
4,日来
4,日中
4,旋风
4,方成
4,新石器时代
4,新乐
4,斯图加特
4,断代
4,文艺表演
4,文学工作者
4,文史
4,文化大革命
4,文化人
4,整形
4,敦煌
4,散发
4,教训
4,教益
4,政治部
4,政府部门
4,放过
4,攀登
4,撒花
4,摇篮
4,摇滚乐队
4,摄影技术
4,插图
4,提到
4,描画
4,排行榜
4,排练场
4,挥毫
4,指标
4,指定
4,持续
4,拿来
4,拥抱
4,拥军
4,招商引资
4,拍成
4,拉美
4,担负
4,抗日战争
4,抒发
4,技能
4,批文
4,扩展
4,手续
4,扇面
4,所属
4,房间
4,房屋
4,战友
4,我爱
4,戏剧界
4,慈善
4,感受到
4,意象
4,意蕴
4,意念
4,惊险
4,情歌
4,情有独钟
4,恨
4,恋情
4,总面积
4,总量
4,总公司
4,性虐
4,忘记
4,志书
4,心愿
4,心地
4,微笑
4,律动
4,待遇
4,待定
4,影星
4,形容
4,彝族
4,归根
4,归来
4,张艾嘉
4,张春郎
4,张力
4,引导人
4,异性
4,开业
4,建起
4,建设项目
4,建树
4,建宁
4,广阳区
4,并将
4,年级
4,年生
4,年代初
4,平等
4,平凡
4,常世琪
4,师从
4,布局
4,巨星
4,左手
4,工艺美术品
4,工会
4,川剧团
4,川剧
4,岗位
4,山乡
4,展播
4,展品
4,居民
4,层面
4,尺度
4,尤溪县
4,少于
4,小马
4,小生
4,小小
4,小区
4,小剧场
4,小伙伴
4,封闭
4,对方
4,富矿
4,家长
4,家族
4,家人
4,室内乐
4,宣传队
4,宣传品
4,客人
4,审核
4,实物
4,实业
4,宏伟
4,守法
4,宁波
4,学艺
4,季节
4,孔繁森
4,媳妇
4,娱乐圈
4,威武
4,姿态
4,姚璇秋
4,委员长
4,委副书记
4,妻子
4,如雨
4,好比
4,好朋友
4,好事
4,女王
4,女声
4,奥秘
4,奥地利
4,契合
4,奋发
4,奇妙
4,失落
4,失传
4,太湖
4,太开心
4,太原
4,天龙八部
4,天才
4,天安门广场
4,天后
4,天一
4,大鼓
4,大都
4,大连
4,大观
4,大潮
4,大江
4,大楼
4,大局
4,大唐
4,大发
4,大作品
4,夜店
4,多种多样
4,多渠道
4,多元化
4,夏日
4,处女作
4,填补
4,基金会
4,基德
4,坦诚
4,坚定
4,坐在
4,地带
4,地主
4,在职
4,国际电影节
4,国术
4,国家民委
4,国产片
4,团团
4,团中央
4,回首
4,回到
4,回乡
4,四重奏
4,四方
4,四年
4,四川省
4,器材
4,器乐曲
4,嘉奖
4,喝彩
4,喜庆
4,啤酒节
4,啤酒
4,商城
4,商场
4,商品经济
4,唱歌
4,唐代
4,哲学思想
4,品种
4,周迅
4,周期
4,周年庆典
4,吴镇宇
4,否认
4,后土
4,名牌
4,名演员
4,名曲
4,名士
4,名列前茅
4,同源
4,同族
4,吉隆坡
4,吉林
4,吉卜
4,合并
4,吃惊
4,史家
4,台湾省
4,台州市
4,台山市
4,可根
4,可乐
4,句号
4,古装
4,古今中外
4,古人类
4,古乐
4,受邀
4,取材
4,发言
4,发放
4,发展方向
4,反应
4,友人
4,及其他
4,厅长
4,印制
4,卫视台
4,占有
4,博大
4,南海市
4,南宁
4,南北
4,单曲
4,卓越
4,协商
4,华谊
4,华晨
4,华君武
4,华南
4,华北
4,华侨
4,千里
4,千秋
4,区别
4,北洋
4,化工
4,助于
4,加深
4,办成
4,力图
4,剧作家
4,前身
4,前人
4,削发
4,制度化
4,判断
4,判决
4,创造力
4,创价
4,刘英毅
4,刘溪
4,刘晓庆
4,刘三姐
4,切都
4,分获
4,分级
4,分布
4,出道
4,出版发行
4,出国
4,出台
4,凭着
4,凝重
4,冲击力
4,冠英
4,农闲
4,写出
4,兼备
4,其中包括
4,兴起
4,共识
4,共计
4,共工
4,共产主义
4,兰州
4,公认
4,公正
4,公安部门
4,公公
4,公众
4,八大
4,全额
4,全过程
4,全社
4,全团
4,全军
4,入手
4,光明日报
4,先进事迹
4,元月
4,偶像
4,信息化
4,保罗
4,促使
4,作曲系
4,余种
4,余杭
4,余台
4,余凤兰
4,余万册
4,余万元
4,何廉
4,低劣
4,伴舞
4,传授
4,传唱
4,会堂
4,优点
4,他指
4,仁杰
4,人民音乐出版社
4,人民剧场
4,人格
4,人员编制
4,亮点
4,享誉世界
4,享有盛誉
4,交响音乐会
4,五十年代
4,五十多
4,于正曝
4,二月
4,二名
4,二十年
4,事实
4,乱伦
4,书馆
4,乡情
4,乡土气息
4,乡土
4,也就是说
4,九龙镇
4,九重
4,九十年代
4,乔峰
4,乒乓球
4,乐舞
4,乐社
4,乐曲
4,乐园
4,之多
4,为题
4,丰满
4,中篇小说
4,中第
4,中文
4,中山纪念堂
4,中央芭蕾舞团
4,中国艺术研究院
4,中国美术馆
4,中国剧协
4,中国作协
4,中南海
4,中产
4,个人作品
4,东方电视台
4,业绩
4,世界大学生运动会
4,世界各国
4,不适
4,不说
4,不该
4,不符
4,不息
4,不利
4,上千
4,三度空间
4,三名
4,三井
4,一线
4,一等
4,一市
4,一刻
4,一人
3,龙须沟
3,龙王
3,龙新民
3,鼓曲
3,鼓吹
3,鼓乐
3,黑龙江
3,黑色
3,黑土
3,黄龙
3,黄渤
3,黄格选
3,黄圃
3,麦莉
3,鹭江
3,鲲鹏
3,鱼虾
3,魔镜
3,高龄
3,高素质
3,高潮迭起
3,高永
3,高标准
3,高扬
3,高峰
3,高分
3,高下
3,骚扰
3,验证
3,驼铃
3,驻地
3,驰骋
3,马连良
3,香江
3,首都博物馆
3,首映式
3,首席
3,首唱
3,餐厅
3,飞鸿
3,飞虹
3,飞华
3,风雨
3,风趣
3,风波
3,风景线
3,风姿
3,颜色
3,颜料
3,颇为
3,领悟
3,领导者
3,领导干部
3,顾问
3,顽强拼搏
3,顺应
3,韵律
3,音乐盒
3,音乐季
3,音乐奖
3,韩寒
3,革命战争
3,青铜器
3,震动
3,零散
3,雕塑艺术
3,集镇
3,集邮家
3,集萃
3,集市
3,难忘
3,障碍
3,陷入
3,陪哭
3,陨落
3,限于
3,陌生
3,陈爱莲
3,陈杰
3,陈旧
3,陈列馆
3,阿妹
3,阶级
3,阶段性
3,阴影
3,闻名
3,长短
3,长春
3,长度
3,长发
3,长久
3,锤炼
3,锡剧
3,铺开
3,银瓶
3,银牌
3,银川
3,铜陵市
3,铜都
3,钢琴家
3,针对性
3,鉴赏力
3,金银
3,金路
3,金狮奖
3,金牛
3,重返
3,重要性
3,重大活动
3,重在
3,鄭元暢
3,郭碧婷
3,郭德纲
3,部落
3,郎朗
3,邹文
3,邵建武
3,遭受
3,逻辑
3,造诣
3,逝世
3,通用
3,选集
3,选购
3,选址
3,选入
3,适用
3,送来
3,退出
3,迷宫
3,违禁
3,进口
3,过渡
3,过数
3,辽阔
3,转向
3,转台
3,转化
3,轨迹
3,车行
3,身心
3,身影
3,身家
3,身体
3,跳动
3,跋涉
3,趋向
3,越来
3,越好
3,越多
3,起飞
3,起跑线
3,起步
3,赵福君
3,赵普
3,走入
3,赚钱
3,赌博
3,赋予
3,赈灾
3,资源优势
3,资产阶级
3,资产
3,贺敬之
3,贵族
3,贴近生活
3,贫乏
3,质量高
3,质疑
3,质感
3,财务管理
3,贡献奖
3,贝尔格莱德
3,贝尔
3,贝壳
3,贝司
3,贝克汉姆
3,豪放
3,谢谢
3,谢幕
3,谢培哲
3,谚语
3,谈及
3,调查研究
3,请教
3,说法
3,说书
3,诱人
3,诗魂
3,诗韵
3,诗文
3,试想
3,译制片
3,译制
3,评估
3,访问团
3,设计制作
3,设施先进
3,设想
3,设在
3,论者
3,论坛
3,许文盖
3,许勇
3,讲学
3,讨饭
3,计算
3,警方
3,言之
3,视线
3,西藏高原
3,西洋画
3,西天
3,裴艳玲
3,装置
3,衰落
3,表情
3,表态
3,补助
3,行政管理
3,融化
3,蝉联
3,蜗牛
3,蛟龙
3,藏画
3,藏品
3,藏书量
3,蓝色
3,董事长
3,著有
3,著作权
3,落泪
3,落在
3,落下
3,营业性
3,菊花
3,获奖者
3,获取
3,莫高窟
3,荆门
3,荆楚
3,茶艺
3,范畴
3,茁壮
3,英文
3,苏有朋
3,苏州
3,花鼓戏
3,花絮
3,花圈
3,花儿
3,芭蕾舞剧
3,芒刺
3,节节
3,艺术馆
3,艺术培训
3,色相
3,色度
3,良心
3,舞龙队
3,致力
3,至此
3,自身建设
3,自费
3,自然界
3,自曝
3,自我批评
3,自导
3,自学
3,自娱性
3,自办
3,自主
3,腾飞
3,腐朽
3,脚步
3,背心
3,肯德
3,肖像
3,肇东
3,聚居
3,聚会
3,联谊会
3,联谊
3,联想
3,而起
3,老舍
3,老爸
3,老年组
3,老君山
3,老叶
3,翻开
3,翅膀
3,群舞
3,羞嗒嗒
3,美艳
3,美梦
3,美术史
3,美德
3,美好生活
3,置身
3,网站
3,网民
3,编选
3,编者按
3,编写
3,综述
3,综艺节目
3,维纳斯
3,维也纳
3,绝不
3,经营点
3,经营户
3,绍兴市
3,绅士
3,组长
3,组织部
3,线段
3,纵情
3,纲要
3,纪念品
3,纪实文学
3,纪事
3,约翰逊
3,红高粱
3,纠葛
3,繁星
3,紧随
3,素有
3,素描
3,精卫
3,粗糙
3,粗犷
3,类似
3,管理部门
3,管理机构
3,管理处
3,管理办法
3,管桦
3,简陋
3,简洁
3,筹措
3,筹备会
3,笛子
3,笑星
3,端倪
3,童心
3,章程
3,窝点
3,空间感
3,空气
3,稿纸
3,稿件
3,称作
3,秦海璐
3,秦杰
3,秦剧团
3,科学家
3,离骚
3,离退休
3,神态
3,祝酒歌
3,祝愿
3,祖籍
3,祖宗
3,祖先
3,礼物
3,礼品
3,示范点
3,示范性
3,示爱
3,磁带
3,确认
3,硕士
3,研究院
3,研究生班
3,石花
3,知情人
3,着眼
3,着手
3,真情
3,真心
3,真实感
3,真切
3,看电影
3,看出
3,眉户剧
3,省长
3,省立
3,省委书记
3,省城
3,相声名家
3,目光
3,监制
3,盆景
3,皮影
3,皇帝
3,百色
3,百家争鸣
3,白脸
3,登记
3,瘦身
3,痕迹
3,病魔
3,疯狂
3,疏密
3,留给
3,留念
3,留在
3,畅谈
3,畅想曲
3,画集
3,画者
3,画笔
3,画法
3,画报
3,画意
3,画布
3,画卷
3,画像石
3,男生
3,男演员
3,电视广告
3,电线
3,田野
3,田克兢
3,用笔
3,生活会
3,生力军
3,甘肃省
3,理顺
3,理事会
3,现实主义
3,现代舞
3,玛莉亚
3,玛纳斯
3,王韵壹
3,王洪迪
3,王树进
3,王朔
3,玉器
3,献上
3,独角戏
3,独舞
3,特级
3,特大
3,牵头
3,牧民
3,牛骨
3,牙齿
3,版权
3,爽朗
3,父母
3,爱情观
3,爱乐乐团
3,爆料
3,熔炼
3,照射
3,煤矿
3,煤业
3,热线
3,热瓦甫
3,热土
3,烟花
3,点画
3,灾难
3,灵车
3,灯谜
3,灯展
3,火炬
3,激光
3,潜意识
3,潇洒
3,演播
3,演变
3,演出形式
3,演出场
3,满天
3,滑稽戏
3,游览
3,游艺
3,游戏机室
3,游戏机
3,渭水
3,渠道
3,清纯
3,淹没
3,深造
3,深度
3,消费者
3,海盐
3,海清
3,浪漫曲
3,济南市委
3,济公
3,流失
3,洽谈会
3,活着
3,活动内容
3,洪流
3,津门
3,洛杉矶
3,泰国
3,注明
3,泛滥
3,泉州
3,沧桑
3,沙溪镇
3,沉重
3,沉浸
3,沃土
3,汽车
3,汪涵
3,池田大作
3,江格尔
3,江文也
3,汗
3,汉语
3,汉画馆
3,求新
3,水泥
3,水果
3,民间工艺
3,民族音乐
3,民族文化宫
3,民族之林
3,民俗风情
3,毛病
3,毛泽东思想
3,毕业生
3,比亚特
3,每届
3,武警
3,歌迷
3,歌舞队
3,歌会
3,欢送
3,欢声笑语
3,欢呼
3,横跨
3,横幅
3,模特
3,榜上有名
3,梦露
3,梁祝
3,梁厚民
3,桥牌
3,档案馆
3,根雕
3,栩栩如生
3,柯尔克孜
3,柏然
3,枯萎
3,林峰
3,构图
3,极富
3,杨宝玲
3,杨坤
3,杨修
3,来稿
3,来源于
3,来源
3,来华
3,来京
3,条幅
3,条例
3,李择红
3,李小璐
3,李家
3,李佩甫
3,权威
3,杂志社
3,朱玉霞
3,朦胧
3,期盼
3,朝鲜族
3,朝鲜
3,有趣
3,有色
3,有数
3,有情
3,有待
3,有名
3,有别
3,有利
3,最小
3,曾于
3,曲艺家
3,晋升
3,昨夜
3,春香
3,春笋
3,星期五
3,星光
3,易震
3,明快
3,时事
3,旱船
3,日记
3,日本动漫
3,日到
3,日上
3,无锡市歌舞团
3,无愧
3,无关
3,无一
3,族民
3,旅游开发
3,旅游业
3,旅日
3,施工
3,方来
3,新疆军区
3,新生
3,新潮
3,新曲
3,新局面
3,新声
3,新型
3,新华出版社
3,新华书店
3,新内容
3,新产品
3,新一代
3,斯特伍德
3,文艺部
3,文艺刊物
3,文物古迹
3,文教局
3,文化网
3,文化活动室
3,文化旅游
3,文化教育
3,文化报
3,敲定
3,数来宝
3,敬业
3,教育局
3,教育家
3,效应
3,故事大王
3,收官
3,支队
3,操守
3,擅长
3,摇滚乐
3,摄制组
3,搭台
3,握手
3,插曲
3,提问
3,提法
3,推崇
3,探班
3,捣毁
3,挣扎
3,指纹
3,指画
3,拜师
3,招生
3,担当
3,报酬
3,报社
3,报告文学集
3,报告会
3,报以
3,折子戏
3,抗战
3,抗争
3,技之乡
3,承平
3,批评家
3,扬琴
3,扬州八怪
3,打击乐团
3,打击乐器
3,扎布
3,手臂
3,手绘
3,手工艺
3,手工
3,所得
3,房方
3,戛纳
3,战斗力
3,我的作品
3,我爱你
3,成败
3,成分
3,成人
3,成书
3,戏班子
3,戏剧表演
3,戏剧团
3,感染
3,感悟
3,感叹
3,意趣
3,意大利
3,意在
3,情调
3,情境
3,恢弘
3,恋爱
3,总理
3,总工会
3,总分
3,总体规划
3,性情
3,急急
3,思想教育
3,思念
3,怀有
3,忧虑
3,忠诚
3,心连心
3,心目中
3,徽班
3,徘徊
3,得知
3,得意
3,得奖
3,得失
3,徐晓钟
3,征程
3,往常
3,彼得堡
3,影视剧
3,影射
3,影厅
3,彰显
3,彭德怀
3,彭于晏
3,彬彬
3,形神
3,归口
3,张阳阳
3,张铜
3,张溥
3,张淑英
3,张海
3,张根硕
3,张权
3,张性荃
3,张国
3,张剑
3,引退
3,引人
3,异彩
3,开花
3,开端
3,开口
3,开发建设
3,开发区
3,建设者
3,建设成就
3,建筑物
3,康熙
3,度过
3,应付
3,庆贺
3,庄园
3,庄严
3,广播站
3,广州市文联
3,广东省委宣传部
3,幽默感
3,幽灵
3,幼稚
3,年增
3,年半
3,年代中期
3,年仅
3,年产
3,平米
3,平民
3,平台
3,干净
3,常青
3,带到
3,带上
3,帝国
3,希澈
3,帅气
3,布展
3,市局
3,市中心
3,巩固
3,巨型
3,巨匠
3,工作计划
3,工作总结
3,工作团
3,山路
3,山西省
3,山歌
3,山城
3,山下
3,山上
3,展览室
3,展望
3,展厅
3,展区
3,展为
3,局领导
3,局限
3,尼雅
3,尴尬
3,就达
3,尤溪
3,尖叫
3,少见
3,小黄
3,小花
3,小綜
3,小王
3,小灵通
3,小浪
3,小报
3,小康
3,小吴
3,小伙子
3,小二黑结婚
3,尊严
3,封建
3,寻求
3,寺巷镇
3,对内
3,寂寞
3,宽广
3,容器
3,家里
3,家数
3,室外
3,宣扬
3,宣告
3,宣传部长
3,宣传画
3,宣传片
3,宣传教育
3,宣传工作
3,实质
3,实施方案
3,实录
3,实地
3,实力派
3,官员
3,宗教信仰
3,完了
3,宋丹丹
3,宁波市
3,学科
3,学术性
3,学位
3,学习班
3,季刊
3,字体
3,孔雀
3,嫌疑人
3,婚事
3,娱乐场
3,娄东
3,姓名
3,始末
3,如电
3,如火如荼
3,女婿
3,奥运
3,奥斯卡
3,套书
3,奖杯
3,奋进
3,奇特
3,夺下
3,头脑
3,头画市
3,失败
3,太平洋
3,太子
3,天鹅湖
3,天门
3,天空之城
3,天空
3,天然
3,天性
3,天国
3,天下
3,大鼻子
3,大餐
3,大雅
3,大酒店
3,大规模
3,大观园
3,大街
3,大舜
3,大自然
3,大腿
3,大肚
3,大炼
3,大沥
3,大棚
3,大提琴
3,大成
3,大戏
3,大开发
3,大幅度
3,大山
3,大城市
3,大名鼎鼎
3,大同
3,大军
3,大不相同
3,夜晚
3,多方面
3,多情
3,多媒体
3,外部
3,外快
3,外地
3,外国人
3,夕阳红
3,声势
3,墨西哥
3,增值
3,墓葬
3,基金
3,地质
3,地级
3,土地
3,圈子
3,图解
3,图画
3,图片展
3,图兰朵
3,国风
3,国际国内
3,国际儿童节
3,国语
3,国画家
3,国民经济
3,国民
3,国标舞
3,国家文物局
3,国伦
3,困扰
3,困境
3,园地
3,园区
3,团省委
3,回味
3,四通公司
3,四十年
3,四十多
3,嗓音
3,喜事
3,喇叭
3,善于
3,商店
3,商州
3,商家
3,商定
3,商业性
3,商业化
3,唱段
3,唱戏
3,售票
3,唢呐
3,唐顿
3,唐家湾
3,哲理性
3,哲理
3,响应
3,响亮
3,哈尔
3,周边
3,周显
3,吹打
3,吴宗宪
3,吴奇隆
3,启示
3,启悟
3,向前
3,吐
3,名称
3,名片
3,名录
3,名利场
3,名典
3,同胞
3,同甘共苦
3,同济
3,同名
3,合格
3,合办
3,各项活动
3,各行各业
3,司马义
3,史迹
3,台车
3,可读性
3,可以通过
3,召唤
3,古建筑
3,古兰
3,变形金刚
3,变形
3,变异
3,受过
3,受益
3,受伤
3,取向
3,取决于
3,发表论文
3,发给
3,发源地
3,反腐
3,反映出
3,反思
3,双眼
3,双月
3,双人舞
3,友爱
3,友协
3,参观者
3,参军
3,县政府
3,原为
3,厚重
3,压缩
3,历年
3,历史文献
3,历史事件
3,厂长
3,即日
3,危机
3,占地面积
3,博采
3,博览
3,南洋
3,单项奖
3,单间
3,协议书
3,华语
3,华裔
3,华表奖
3,千禧
3,千佛洞
3,十台
3,十世纪
3,区长
3,北王村
3,北宋
3,北京民族文化宫
3,北京工人体育馆
3,北京人艺
3,化石
3,化为
3,勇气
3,劳动者
3,劳动人民文化宫
3,劲旅
3,努斯勒
3,助阵
3,动态
3,动工
3,务实
3,功底
3,力宏
3,割断
3,副总
3,前途
3,前期
3,前景
3,前十
3,刻苦
3,刺绣
3,初恋
3,创编
3,创刊
3,创作组
3,刘德华
3,刘佩玥
3,列宾
3,分表
3,分社
3,分散
3,出院
3,出租车
3,出彩
3,出席会议
3,出发点
3,出于
3,凌晨
3,冷落
3,冷漠
3,冷气
3,冶炼
3,决策
3,冲印
3,冯牧
3,农民画
3,农历
3,写下
3,再创
3,内蒙
3,兴文
3,兴奋
3,兴地
3,关益全
3,关学曾
3,关咏荷
3,共产党
3,兰陵
3,公证
3,公共性
3,公元
3,公仆
3,八年
3,八十年代
3,全馆
3,全民健身
3,全局
3,全县
3,免费
3,光芒
3,光环
3,先导
3,健儿
3,做为
3,假日经济
3,假日
3,倾注
3,倾倒
3,俱佳
3,保护区
3,依托
3,依存
3,侗族
3,佟大为
3,佟丽娅
3,作品展览
3,作代会
3,佛像
3,余盏
3,余张
3,何洁
3,何慷民
3,体验生活
3,体育中心
3,体悟
3,住院
3,住宅楼
3,低俗
3,伴侣
3,伦理
3,伤心
3,传统节日
3,传真
3,会创
3,优胜奖
3,优秀专家
3,优异
3,伊始
3,任市
3,以文
3,令人瞩目
3,从没
3,亿利
3,亿万人民
3,人行
3,人眼
3,亲爱
3,京都
3,京剧名家
3,享誉
3,产权
3,产品促销
3,交谊舞
3,交融
3,交织
3,交易
3,五台
3,云霄
3,云集
3,云贵高原
3,云岗
3,于非
3,于此
3,于世
3,于一台
3,二重唱
3,二部
3,二天
3,争相
3,了解到
3,书法展
3,书架
3,书名
3,书写
3,书体
3,习俗
3,习仲勋
3,乐观
3,乐于
3,乌克兰
3,之风
3,之美
3,义演
3,主题歌
3,主题公园
3,主席团
3,主城区
3,为副
3,丹尼尔
3,丰收
3,中顾委
3,中都
3,中途
3,中老年
3,中短篇
3,中指
3,中心组
3,中市区
3,中山公园
3,中多
3,中国音协
3,中国美术家协会
3,中国画展
3,中国歌剧舞剧院
3,中国政府
3,中国摄影家协会
3,中和
3,中创
3,中共中央
3,个人主义
3,丞相
3,世界文学
3,世界之窗
3,专题片
3,专款
3,专业组
3,与会者
3,不竭
3,不清
3,不懂
3,不忘
3,不小
3,不失
3,不周
3,不可或缺
3,不可多得
3,不变
3,不减
3,不全
3,上门
3,上表
3,上网
3,上新
3,三明市
3,三下乡
3,万物
3,万张
3,万家
3,万众
3,七十年代
3,一面
3,一本
3,一新
3,一亮
3,　　市
3,　　区
2,龟兹
2,龙猫
2,龙江
2,齐飞
2,齐聚
2,鼓手
2,鼓劲
2,黔南
2,黔剧
2,黑马
2,黑管
2,黄金档
2,黄金时间
2,黄金周
2,黄金分割
2,黄胄姓
2,黄胄也
2,黄石市
2,黄润甫
2,黄岐
2,黄土地
2,黄国
2,黄佐临
2,鹅岭
2,鸬鹚
2,鲜为人知
2,鱼米乡
2,魔女
2,鬼神
2,高高
2,高音
2,高难度
2,高速公路
2,高贵
2,高晓松
2,高效
2,高山
2,高大
2,高台
2,高价
2,高人
2,高亢
2,骏马奖
2,骏马
2,验收
2,骆驼祥子
2,骆驼
2,驻华
2,马鞍山市
2,马路
2,马背
2,马派
2,马尼拉
2,马义
2,香港大会堂
2,香格里拉
2,香山
2,首饰
2,首都体育馆
2,首诗
2,首要
2,首发式
2,首发
2,馆址
2,餐馆
2,飞舞
2,飞檐
2,飞个吻
2,飘香
2,飘带
2,风骚
2,风韵
2,风车
2,风范
2,风正
2,风吹
2,风光片
2,风光摄影
2,频率
2,领袖
2,领舞
2,领略
2,领导班子
2,领唱
2,领会
2,预售
2,颂扬
2,颁布
2,项目招标
2,音色
2,音乐知识
2,音乐电视
2,音乐欣赏
2,音乐教育
2,音乐学
2,韩栋
2,韩振宇
2,韩庚
2,鞍山
2,革委会
2,革命根据地
2,面向社会
2,面包
2,面具
2,非非
2,非理性
2,非洲
2,非同小可
2,非一
2,静静
2,青铜峡市
2,青联
2,青海
2,青松
2,霓虹灯
2,霍启
2,震撼力
2,雷同
2,雪峰
2,雕塑系
2,雏形
2,集韵
2,集连续剧
2,集体舞
2,集体主义
2,集中地
2,雅集
2,隶属
2,随想
2,隆德县
2,陶瓷
2,院庆
2,院士
2,限度
2,降低
2,陈赫
2,陈绍
2,陈洪兴
2,陈晓东
2,陈怡
2,陈思诚
2,陈小奇
2,陈容森
2,陈婉雯
2,陈奎元
2,陈列室
2,陆瑛
2,陆世仪
2,附着
2,阿福
2,阿普
2,阿帕
2,阻碍
2,防火
2,防汛
2,阐发
2,闹市区
2,间断
2,问鼎
2,问道
2,问及
2,闪耀
2,门将
2,长进
2,长调
2,长袖
2,长流
2,长征
2,长寿
2,长安
2,长处
2,长卷
2,镜子
2,镇委
2,键盘
2,销毁
2,销售额
2,销售点
2,铺张
2,铸造
2,银耳
2,银狮奖
2,铜鼓
2,铜牌
2,铅笔画
2,铅印
2,钱欣
2,钱也买
2,钟山
2,钟嘉欣
2,金龙
2,金马
2,金瑞
2,金玛利
2,金润吉
2,金正
2,金杯
2,金岛
2,金山
2,金字招牌
2,金在中
2,金凤
2,重点工程
2,重操
2,重彩
2,重庆市
2,重奏
2,重复
2,重唱
2,重任
2,里程
2,里得
2,醉心
2,酿造
2,酣畅
2,酗酒
2,酒醉
2,酒吧
2,配齐
2,配备
2,配以
2,鄙薄
2,都来
2,郭采洁
2,郭新
2,郭廷标
2,郭延芬
2,部将
2,郑州市
2,郑健英
2,邵文
2,邮编
2,邮票展
2,邮局
2,邦交
2,邢履庄
2,邝美
2,邓鼓
2,邓昌伶
2,邓小
2,遭遇
2,遥远
2,遗嘱
2,遗作
2,遗体
2,遗传
2,道情
2,道义
2,遍布
2,造物
2,造形
2,速写
2,逛街
2,通道
2,通告
2,透明
2,透出
2,选调
2,选拔赛
2,选场
2,选中
2,适当
2,送行
2,退伍
2,追踪
2,迷情
2,迷恋
2,迪娜
2,迪厅
2,连获
2,连年
2,违心
2,远山
2,进贤
2,进藏
2,运行
2,迎宾
2,迈入
2,迈克
2,迄今为止
2,达达
2,达瓦孜
2,边关
2,辩手
2,辞条
2,辛亥革命
2,辑录
2,辐射力
2,辉映
2,辈出
2,辅导员
2,辅助
2,载文
2,载入
2,轻柔
2,轻快
2,轻信
2,轮训
2,转移
2,转换
2,转型
2,车辆
2,躲避崇高
2,身高
2,身教
2,踪迹
2,踏遍
2,践行
2,跳跃
2,路面
2,跟着
2,趣事
2,越能
2,越南
2,越剧团
2,起立
2,起底
2,起伏
2,赵金九
2,赵灼华
2,赵新良
2,走马
2,走访
2,走来
2,赫子铭
2,赢利
2,赖宁
2,赏析
2,资源配置
2,资本主义
2,贾松阳
2,贺梅获
2,贺思林
2,贺兰县
2,贺信
2,贵妃
2,购票
2,贫穷
2,贫弱
2,贫寒
2,贫困县
2,质谱
2,质地
2,败坏
2,贤俊
2,责任制
2,财务
2,负有
2,负于
2,豁达
2,谭盾
2,谭安
2,谋面
2,谈钱
2,谈男闺
2,谈恋爱
2,谈心
2,谈得
2,谈不上
2,调节
2,调子
2,调和
2,调人
2,课程
2,课本剧
2,读书处
2,诺克斯
2,诺亚方舟
2,说话
2,说服力
2,说出
2,误解
2,误区
2,误会
2,语言文字
2,详尽
2,详实
2,诗篇
2,诗意
2,试验
2,试映
2,试听
2,词作家
2,诈欺罪
2,评话
2,评论界
2,评论员
2,评议
2,评弹
2,评审团
2,评判
2,诀别
2,设计作品
2,设法
2,论断
2,讲清
2,记载
2,记者节
2,训练班
2,讨厌
2,认知
2,订购
2,计量
2,警策
2,誓言
2,詹航
2,言承旭
2,触角
2,解放军总政治部
2,解忧
2,觉悟
2,视听
2,视为
2,观赏者
2,观影
2,观察力
2,观后
2,见闻
2,要者
2,要义
2,西班牙
2,西湖
2,西河
2,西安电视台
2,西吉县
2,西厢记
2,褒贬
2,褒扬
2,装饰性
2,装订
2,装备
2,被迫
2,被评
2,袁雪芬
2,袁崇焕
2,表述
2,表白
2,表演家
2,衣服
2,街区
2,衔接
2,行进
2,行走
2,行政村
2,行政执法
2,行家
2,血站
2,血型
2,融汇
2,融会
2,蝴蝶结
2,蚊蝇
2,虚无主义
2,虚实
2,虎踞
2,蘑菇
2,藏语
2,薛夫彬
2,薇薇安
2,薄熙来
2,蕴藏
2,蕴蓄
2,蕴含
2,蔡琳
2,蔡楚生
2,蔡文姬
2,蓝图
2,蒙面
2,蒙古人
2,葡萄
2,营救
2,萎缩
2,菩萨
2,获美国
2,获悉
2,获奖情况
2,莅临
2,荷花节
2,荷花
2,药草
2,荣立
2,荣毅仁
2,荣宝斋
2,荒诞
2,荆门市
2,茶文化
2,茅子俊
2,范士琦
2,范儿
2,若想
2,苏打
2,苏六娘
2,苍梧县
2,花费
2,花篮
2,花痴
2,花丛
2,芯子
2,芭蕉
2,芭比娃娃
2,芭比
2,节期
2,节拍
2,节庆日
2,艾知生
2,艾拜都
2,艺海
2,艺术欣赏
2,艺术学
2,艺术创作者
2,艺博会
2,艳丽
2,艰巨
2,良知
2,船长
2,舞蹈队
2,舞艺
2,舞狮队
2,舞姿
2,舞团
2,舜帝
2,臻于
2,至上
2,自鸣
2,自负
2,自省
2,自然风光
2,自然景观
2,自文
2,自成
2,自愿
2,自律
2,自力更生
2,自制
2,自创
2,自主权
2,膨胀
2,腾龙
2,腹水
2,腐化
2,能进
2,能越
2,能歌善舞
2,胸部
2,胸襟
2,胸怀
2,胳膊
2,胡梦周
2,胎儿
2,背部
2,背景音乐
2,背光
2,胃病
2,胃口
2,肯尼迪
2,股神
2,肝硬化
2,肖邦
2,肖渝
2,肖像权
2,肉色
2,肉体
2,联系电话
2,联接
2,职称者
2,耄耋老人
2,考级
2,老鼠
2,老红军
2,老汉
2,老年人
2,老妈
2,老兵
2,翻滚
2,翻建
2,群英
2,群艺
2,美金
2,美育
2,美玲
2,美法
2,美术界
2,美人
2,美中不足
2,罩杯
2,罗湖区
2,罗志祥
2,罗布村
2,罗婷
2,网页
2,网络化
2,缺席
2,缺口
2,缩影
2,编钟
2,编审
2,编制
2,绿地
2,绿叶
2,绿化
2,绽放
2,综合型
2,综上
2,维吾尔族
2,维华
2,绯闻
2,统筹
2,绝非
2,绝境
2,绝交
2,绛州
2,给以
2,结论
2,结出
2,结为
2,结业
2,经验交流
2,经常性
2,经常化
2,经商
2,终南
2,细微
2,细则
2,组队
2,组织工作
2,练就
2,练功房
2,纺织
2,纵观
2,纵向
2,纲领性
2,纯洁
2,纯净
2,纪念鲁迅
2,纪念活动
2,纪律
2,纪实性
2,纪实
2,级旅游区
2,级别
2,约有
2,红领巾
2,红豆
2,红莲
2,红花
2,红楼
2,红唇
2,纠结
2,繁重
2,紧贴
2,索斯比
2,索取
2,系列作品
2,糖果
2,糊弄
2,精采
2,精良
2,精确
2,精熟
2,精气神
2,精彩纷呈
2,精干
2,精巧
2,粤语
2,粗暴
2,粗劣
2,粉嫩
2,米亚
2,籍贯
2,篆刻
2,管理者
2,管理系统
2,管理所
2,管局
2,管办
2,算了
2,简讯
2,简直就
2,简化
2,筹资
2,筛子
2,策略
2,等高
2,等候
2,等于
2,第４３届
2,第１１届
2,第二炮兵
2,第二十
2,笔名
2,笑林
2,笑傲江湖
2,竹笛
2,童真
2,童友
2,竞选
2,站起
2,站上
2,立轴
2,立意
2,立岗乡
2,立威廉
2,立功
2,窑洞
2,突破性
2,穿透
2,空话
2,空中
2,穹顶
2,稀土
2,称道
2,称得上
2,积蓄
2,科研项目
2,科研机构
2,科教片
2,科技成果
2,科幻
2,科学研究
2,科学性
2,种族
2,种子
2,种地
2,秋实
2,秋天
2,秀丽
2,离去
2,离别
2,福莱
2,福州
2,福利院
2,禁毁
2,禁不住
2,神魂
2,神探
2,神情
2,祝艳
2,祖上
2,社会责任
2,社会群体
2,社会化
2,礼赞
2,礼服
2,礼帽
2,磐石
2,碟片
2,硬质
2,硬汉
2,硕士学位
2,破鞋
2,破烂
2,破灭
2,研究馆员
2,研究成果
2,研究工作
2,研修班
2,石汉基
2,石新荣
2,石定
2,石可以
2,石像
2,短缺
2,短片
2,知识产权
2,知己
2,知之者
2,瞎子
2,睿智
2,着想
2,着力点
2,眼球
2,眼力
2,眼前
2,眼光
2,眷恋
2,真迹
2,真相
2,真地
2,真善美
2,真善
2,真品
2,真假
2,真人
2,看齐
2,看片
2,看点
2,看得出
2,看好
2,省里
2,省情
2,相融合
2,相联
2,相称
2,相异
2,相声演员
2,相国寺
2,相伴
2,直面
2,直辖
2,直觉
2,直管
2,目击
2,盛装
2,盛泽
2,盛基
2,盛事
2,盖头
2,监督
2,皮囊
2,的哥
2,百首
2,百艺
2,百老汇
2,百灵鸟
2,百灵
2,百戏
2,百姓家
2,白龟
2,白鹤
2,白玉兰
2,白梅
2,白子
2,白天
2,白云区
2,白举纲
2,痴情
2,痴心
2,病房
2,病床
2,疼痛
2,疲惫
2,疗养
2,疑似
2,疏离
2,留美
2,留学生
2,留下来
2,界线
2,界碑
2,画派
2,画板
2,画幅
2,男明星
2,男性
2,男子汉
2,电视节目
2,电视系列片
2,电视片
2,电视局
2,电脑音乐
2,电脑设计
2,电脑培训
2,电脑化
2,电影队
2,电影电视
2,电影版
2,电影家
2,电影城
2,电影厅
2,电影厂
2,申非
2,田汉
2,田朴珺
2,田地
2,用法
2,用人
2,生者
2,生病
2,生活照
2,生活方式
2,生息
2,生态区
2,生平
2,生发
2,生于北京
2,甄选
2,瓷器
2,琴键
2,琴师
2,琴书
2,理论研讨
2,理沙
2,珠海市
2,珠江
2,珍珠
2,珍惜
2,玻璃
2,现年
2,现实性
2,现场会
2,现代雕塑
2,现代科技
2,玩命
2,玛雅
2,王陵
2,王苏芬
2,王桂荣
2,王振
2,王室
2,王宝
2,王宏剑
2,王安
2,王国
2,王世光
2,玉雕
2,献身
2,献计献策
2,猪八戒
2,猛男
2,猎枪
2,狮舞
2,狭隘
2,独钟
2,独行侠
2,独有
2,独奏曲
2,独具特色
2,狗儿爷
2,狐狸
2,犹疑
2,状元郎
2,特约
2,特技
2,特出
2,牵绊
2,牵动
2,物质生活
2,牧歌
2,牧区
2,牛斗
2,片长
2,片尾
2,片头
2,父老
2,爵士乐队
2,爵士
2,爱琴海
2,爱护
2,爱心
2,爱妻
2,爱乐
2,爆笑
2,熊黛林
2,焦利
2,热忱
2,热吻
2,烦恼
2,点评
2,炎黄艺术馆
2,灾区
2,灯光音响
2,灭亡
2,火花
2,火种
2,火灾
2,灞陵
2,瀚海
2,瀑布
2,濮阳市
2,濒危
2,濒临
2,激荡
2,激流
2,潮汕
2,潜在
2,漫长
2,演艺界
2,演奏者
2,演奏会
2,演唱组
2,演出商
2,满载
2,满族
2,滑坡
2,滋养
2,溶解
2,溜冰
2,源头
2,游艺室
2,游离
2,游泳
2,游击队
2,渴求
2,渴望
2,港湾
2,港币
2,渭源县
2,渭源
2,渔港
2,渔歌
2,清贫
2,清河
2,清晰
2,深部
2,深水
2,深圳经济特区
2,深圳特区
2,深圳市委宣传部
2,深圳商报
2,深刻性
2,深入到
2,淮河流域
2,淡漠
2,淡淡
2,淘汰率
2,淘气
2,淋漓
2,涉足
2,涉案人员
2,涉外
2,涅槃
2,海选
2,海燕出版社
2,海峡
2,海军
2,浮躁
2,浪淘沙
2,浙江小百花越剧团
2,浙江卫视
2,浑厚
2,浅水
2,洽谈
2,活动站
2,活动月
2,津贴
2,洛林
2,洗衣
2,洒脱
2,洋房
2,洋县
2,泼墨
2,泳装
2,泰西
2,泰县
2,泰东
2,泪流满面
2,泪水
2,注解
2,注目
2,泥巴
2,波浪
2,泡泡
2,法院
2,法拉
2,法律法规
2,法官
2,法制宣传
2,法制化
2,法兰西共和国
2,泉路
2,泉城路
2,泄私愤
2,治病
2,治疗
2,油画艺术
2,油画展
2,油画家
2,油画作品
2,油田
2,沸腾
2,河道
2,河北梆子剧团
2,沧海
2,沦为
2,沙家浜
2,沙头
2,沉思
2,沈阳市
2,沈曾华
2,池田
2,江西
2,江苏省文化厅
2,江美琪
2,江姐
2,汕头市
2,汕头
2,汉白玉
2,汉宫
2,汇聚
2,求索
2,求变
2,求去
2,永祥
2,永安
2,永宁镇
2,永久
2,水野
2,水色
2,水火不容
2,水乡
2,水上
2,气球
2,气度
2,民营经济
2,民族舞
2,民族工作
2,民兵
2,毛脚
2,毕竟
2,毕生
2,毕夏
2,比比皆是
2,比利时
2,比作
2,毒化
2,每周五
2,每一次
2,母爱
2,母子
2,毋庸讳言
2,殷切
2,殷之光
2,段子
2,段中
2,殡葬
2,死者
2,死神
2,歧视
2,武周山
2,正果
2,正常化
2,正向
2,歌舞表演
2,歌曲奖
2,歌厅
2,款式
2,欲望
2,欣赏者
2,欣赏性
2,欣慰
2,欢迎来电
2,欢度
2,欢呼声
2,次要
2,横生
2,横栏
2,横扫
2,模特队
2,榜首
2,楼台
2,楷模
2,森林
2,棋类
2,棋牌室
2,棉裤
2,检索
2,梨花
2,梅等
2,梅林
2,梁树年
2,梁斌都
2,梁斌还
2,梁斌因
2,梁天
2,桥儿沟
2,档案
2,桑树
2,桌面
2,桌球室
2,桌球
2,框框
2,格雷
2,格格不入
2,根雕奇石
2,根艺
2,根源
2,根据地
2,树根
2,标榜
2,标明
2,标准图
2,标兵
2,查办
2,柔美
2,柔术
2,柔和
2,某人
2,枯竭
2,林青霞
2,林志颖
2,林志穎
2,林保怡
2,构建
2,极性
2,极地
2,松林
2,松散型
2,杨箕村
2,杨白冰
2,杨幂
2,来电
2,来校
2,来宾
2,来函
2,束缚
2,杜甫
2,杜比
2,村村
2,李英爱
2,李舫
2,李林
2,李文
2,李忠
2,李志浦
2,李德生
2,李德伦
2,李国盛
2,李嘉诚
2,李云迪
2,权或作
2,权威性
2,权力
2,权利
2,杀害
2,朱莉手
2,朱莉
2,朱启祯
2,本色
2,本性
2,末日
2,木雕
2,木华
2,木偶
2,朝气
2,朝日
2,服装服饰
2,服装展
2,服务社会
2,有致
2,有线
2,有种
2,有权
2,有望
2,有文学
2,有幸
2,有奖
2,有助
2,有为
2,月夜
2,月城
2,月刊
2,月光
2,月亮
2,曾赴
2,曹起志
2,更深
2,更换
2,曲调
2,曲艺队
2,曲艺节
2,曲种
2,曲式
2,曲剧
2,暴风
2,暴露
2,暗花
2,暖色
2,暂停
2,景色
2,普顿
2,晚期
2,显阳
2,显出
2,春风
2,春花
2,春色
2,春水
2,映衬
2,映照
2,星野
2,星空
2,星海
2,星期
2,易犯
2,易宝
2,明晰
2,明度
2,明代
2,明亮
2,昆仑
2,昂贵
2,旺盛
2,时髦
2,时至今日
2,时段
2,时机
2,旱冰场
2,早晨
2,旨在
2,旧情
2,日进
2,日臻完善
2,日由市
2,日本日
2,日常工作
2,日出
2,无缝
2,无形
2,无声
2,旅游者
2,旅游文化
2,旅游区
2,方队
2,方知
2,方圆
2,新马
2,新风
2,新闻出版局
2,新郎
2,新西兰
2,新衣
2,新街
2,新苗
2,新石器
2,新疆维吾尔自治区
2,新疆人民广播电台
2,新生力量
2,新湖
2,新气象
2,新欢
2,新桥
2,新旧
2,新文学
2,新技术
2,新手
2,新姿
2,新奇
2,新增
2,新华路
2,新华
2,新书
2,断裂
2,文集
2,文苑
2,文艺类
2,文物局
2,文本
2,文明史
2,文成
2,文安县
2,文学院
2,文学刊物
2,文化部艺术局
2,文化经济
2,文化研究
2,文化机构
2,文化城
2,文化型
2,文化园
2,文化区
2,文化体育
2,文体活动
2,数万
2,敬佩
2,散文化
2,敞开
2,教研室
2,教材
2,教导员
2,教导
2,教堂
2,教习
2,教主
2,救灾
2,效率
2,故城
2,故作
2,政治性
2,政府奖
2,放歌
2,放映点
2,放映厅
2,攻坚
2,攻击
2,改观
2,改组
2,收藏展
2,收人
2,支撑
2,支农
2,擂台赛
2,撰文
2,摸底
2,摄影部
2,摄影器材
2,摄影协会
2,揽工
2,揭牌
2,揭幕式
2,揭幕
2,揪心
2,提醒
2,提琴
2,掩盖
2,接受者
2,排名
2,掏钱
2,授艺
2,换证
2,捐建
2,振动
2,挥舞
2,挥洒
2,挤压
2,指望
2,挂职
2,挂帅
2,拼搏
2,拜访
2,招标
2,招亲
2,拐卖
2,拍卖行
2,拍卖价
2,拉萨
2,抱枕
2,报国
2,护士
2,抢抓
2,抛弃
2,折子
2,抗灾
2,抗日
2,投资管理
2,抓手
2,抒情诗
2,抉择
2,抄袭
2,技术成果
2,承诺
2,承接
2,承德
2,批示
2,扭转
2,扫描
2,打拐
2,扎堆
2,手软
2,手术
2,手册
2,所感
2,所及
2,房屋建筑
2,房产
2,我们相信
2,成片
2,成濑
2,成材
2,成文
2,成就奖
2,成丰桥
2,成一个
2,戏票
2,戏曲史
2,戏剧性
2,戈阿干
2,戈旦
2,懂得
2,憔悴
2,慷慨
2,愧对
2,感激
2,感想
2,感召
2,感光度
2,意涵
2,意料
2,意想不到
2,意思
2,意大利语
2,意大利文
2,意向
2,愉快
2,愈来愈
2,惹眼
2,想象力
2,想要
2,惊人
2,情结
2,情味
2,情仇
2,悲情
2,悲剧
2,悦耳
2,悠闲
2,悟性
2,悉尼歌剧院
2,恶劣
2,恰当
2,恩格斯
2,恒河
2,恐龙
2,恋人
2,总领事
2,总计
2,怪诞
2,怪咖
2,性能
2,性感女神
2,性工作
2,思想政治
2,念头
2,志气
2,必要性
2,心跳
2,心田
2,心理障碍
2,心源
2,心心相印
2,微妙
2,循环
2,徜徉
2,得来
2,徐峥
2,徐克
2,征服者
2,征得
2,征婚
2,往事
2,影迷
2,影视片
2,影像
2,彭仰林
2,彩调剧
2,彩绘
2,形貌
2,形象塑造
2,录相
2,录播
2,当代人
2,归还
2,归路
2,归结
2,归国
2,强音
2,强者
2,弹拨
2,弦乐
2,弥补
2,弥漫
2,张继钢
2,张立嘉
2,张智霖
2,张明
2,张昊辰
2,张文庭
2,张文
2,张扬
2,张惠妹
2,张家辉
2,张宝印
2,张宇
2,张千一
2,张北
2,弟子
2,弗莱堡
2,引向
2,引人注目
2,弄潮儿
2,弄得
2,异议
2,异国
2,开馆
2,开阔
2,开车
2,开渠
2,开机
2,开本
2,开朗
2,开放日
2,开心
2,开往
2,开工
2,开学
2,开唱
2,开凿
2,建院
2,建设性
2,建有
2,建制
2,延请
2,延续
2,延河水
2,延伸
2,廖公弦
2,庾澄慶
2,庾澄庆
2,康二
2,庞大
2,应景
2,应战
2,应充分
2,序列
2,床上
2,庆回归
2,庄稼
2,广阳
2,广泛性
2,广州电视台
2,广州日报
2,广告宣传
2,广东省文化厅
2,幻觉
2,幻灯片
2,并进
2,并作
2,并举
2,年画
2,年时
2,年华
2,年到
2,平都好
2,平衡
2,平胸
2,平洲
2,平易近人
2,干预
2,干杯
2,幅面
2,常设
2,常见
2,常委会
2,常化
2,带领
2,带感
2,师范学院
2,师爷
2,布尔戈斯
2,布宜诺斯艾利斯
2,市辖县
2,市场化
2,市县
2,巴赫
2,巴西
2,巴哈尔
2,已故
2,左章
2,工笔
2,工程奖
2,工商联
2,工农
2,工具
2,工作队员
2,工作队
2,工作职能
2,工作坊
2,工作任务
2,工业
2,巡游
2,崔健
2,崇文区
2,峰峦
2,岗等镇
2,山镇
2,山里
2,山海
2,山河
2,山庄
2,山寨
2,山丹丹
2,山东快书
2,屯河
2,展销
2,展览设计
2,展览厅
2,展翅
2,展位
2,届金马奖
2,居来
2,居前
2,居于
2,尼罗河
2,尹鸿祝
2,就学
2,尤为
2,尚长荣
2,尖子
2,尔布
2,尔图
2,少海
2,少有
2,少时
2,小院
2,小菜
2,小胖
2,小美
2,小篆
2,小看
2,小林
2,小朋友
2,小提琴手
2,小提琴家
2,小岛
2,小孩
2,小周
2,小伙
2,小众
2,小丫
2,小丑
2,将领
2,封口
2,寻访
2,寻常
2,寺庙
2,对面
2,对联
2,对手
2,对外友协
2,对决
2,对不起
2,密集
2,密云县
2,密云
2,寄托
2,寄予
2,寂静
2,宿愿
2,宽银幕
2,宽敞
2,容貌
2,容上
2,家庭生活
2,家庙
2,家庄
2,家岭
2,家境
2,家园
2,家具
2,宫殿
2,宫室
2,宣销
2,宣判
2,宣传周
2,客户
2,客家文化
2,审议
2,审看
2,审查
2,宠儿
2,实绩
2,实时
2,实效
2,实力雄厚
2,实事
2,实业家
2,宝钢
2,宝贝儿
2,宝成
2,宜兰
2,定西地区
2,官居
2,官们用
2,完工
2,完婚
2,宋茜
2,安心
2,安县
2,宁化县
2,学家
2,季军
2,孙荪
2,孙红雷
2,孙禹
2,孙振华
2,字画
2,子孙后代
2,子女
2,嬉游曲
2,嫖娼
2,媒介
2,婚纱照
2,婚纱
2,婚照
2,婀娜多姿
2,娱乐性
2,娘子军
2,威尔
2,威力
2,姜文
2,姜仓诺
2,姚金成
2,姑母
2,姐们
2,始于
2,姊妹
2,妥善
2,妓院
2,如风
2,如能
2,好看
2,好想
2,好恶
2,好帅
2,好头
2,好向
2,好人好事
2,奶茶
2,奶爸
2,女权
2,女方
2,女士
2,女儿红
2,奥林匹克
2,套曲
2,奖状
2,奖牌
2,奖次
2,奏鸣曲
2,奋斗史
2,奇遇
2,奇葩
2,奇缺
2,奇才
2,夸大
2,头牌
2,头版
2,失职
2,失守
2,失却
2,太空
2,太爷
2,太太
2,天都
2,天籁
2,天涯
2,天津市委
2,天桥
2,天将
2,天同
2,天下人
2,大雅之堂
2,大门
2,大都市
2,大都会
2,大调
2,大脚
2,大肚子
2,大篷车
2,大礼包
2,大爷
2,大漠
2,大海
2,大方
2,大新
2,大放异彩
2,大提琴家
2,大战
2,大市场
2,大宅
2,大婚
2,大同市
2,大厂
2,大典
2,大佛
2,大众性
2,大事记
2,大书
2,夢想家
2,夜校
2,多来
2,多姿
2,多套
2,多台
2,外貌
2,外界
2,外文
2,外地人
2,外在
2,外商
2,外功
2,夏天
2,夏令营
2,复赛
2,复排
2,处级
2,处在
2,声部
2,声明
2,壮丽
2,壁挂
2,墨尔本
2,增设
2,增多
2,增到
2,塞外
2,基础性
2,基本知识
2,基本情况
2,基建
2,基尼斯
2,基因
2,培训业
2,城堡
2,城乡建设
2,埋头
2,垃圾
2,坦言
2,坚持党
2,坚实
2,坚守
2,坚信
2,坑人
2,坐落
2,坐月子
2,坍塌
2,场景
2,地质师
2,地步
2,在读
2,在编
2,在教
2,在心
2,在学
2,圣火
2,圣彼得堡
2,土耳其
2,圆舞曲
2,图书资料
2,图书奖
2,国际奖
2,国粹
2,国画系
2,国情
2,国家计委
2,国宝
2,国合
2,固原县
2,围城
2,园丁
2,团组
2,因地制宜
2,回眸
2,回忆录
2,回国
2,回信
2,四重唱
2,四王
2,四月
2,四季
2,嘉宾
2,嘉兴
2,喝彩声
2,喜获
2,喜感
2,喜悦
2,喊喊
2,商鞅
2,商河
2,唱词
2,唱功
2,唯美
2,唐山市
2,唐山
2,唐家
2,唐宣宗
2,哪吒
2,哨兵
2,响起
2,哈诺
2,哈萨克斯坦
2,哈萨克
2,哈尔滨市
2,哈密瓜
2,哆啦
2,和黄
2,和文
2,和尚
2,和声
2,咄咄逼人
2,呼和浩特
2,周年校庆
2,周密
2,周共
2,吴玉霞
2,吴樾
2,吴文梅
2,吴忠市
2,吴姗儒
2,吴利明
2,启蒙
2,启发
2,启事
2,听觉
2,听从
2,含义
2,吕夏
2,向钱看
2,向西
2,吐尔地
2,后记
2,后台
2,后代
2,后世
2,名著
2,名画家
2,名家书画
2,名嘴
2,名列
2,同月
2,同时代
2,同方向
2,同意
2,同位素
2,同乡会
2,同乐
2,吉赛尔
2,吉林省
2,合编
2,合约
2,合法
2,合作项目
2,各各
2,司机
2,号筒
2,号召力
2,号召
2,号令
2,叶剑英
2,叶佩斯
2,史料
2,台球
2,台北市
2,台前幕后
2,可达
2,可叹
2,可以使
2,叫座
2,叫好
2,只见
2,只怕
2,叩响
2,另类
2,古韵
2,古镇
2,古铜
2,古道
2,古罗马
2,古玩
2,古洼之
2,古歌
2,古树
2,古典音乐
2,古典舞
2,古丽
2,口头
2,叙述
2,叙事
2,变迁
2,变为
2,受益者
2,取自
2,取胜
2,取而代之
2,取悦
2,叔叔
2,发行量
2,发展规划
2,发展经济
2,发展史
2,发型
2,发作
2,反讽
2,反弹
2,反差
2,反射
2,反光
2,双鹤
2,双赢
2,双胞胎
2,双拥
2,双向
2,双休
2,友友
2,又称
2,参观访问
2,参与者
2,参与性
2,县立
2,县城
2,县上
2,去世
2,原野
2,原著
2,原定
2,厚爱
2,厚望
2,压轴戏
2,历年来
2,历史感
2,历史唯物主义
2,厅堂
2,卷入
2,印证
2,印记
2,印章
2,印刷品
2,印刷业
2,卫生
2,卡农
2,博物院
2,南部
2,南宋
2,南园
2,南京军区
2,卖弄
2,单色
2,单向
2,单元
2,单位领导
2,卓著
2,协议
2,协定
2,华表
2,华章
2,华社
2,华侨城
2,升级
2,升温
2,千百年来
2,十来
2,十一月
2,区域
2,北路
2,北美
2,北大
2,北京首都体育馆
2,北京音乐台
2,北京铁路分局
2,北京路
2,北京舞蹈学院
2,北京电视台
2,北京城建集团
2,北京城
2,北京地区
2,北京中国美术馆
2,北上
2,化身
2,化装
2,化名
2,化做
2,包装装潢
2,包装箱
2,匀称
2,勉励
2,动物保护
2,动机
2,动摇
2,动听
2,功能齐全
2,功勋
2,办起
2,办案
2,办事处
2,力戒
2,剪辑
2,剧艺
2,剧坛
2,前点
2,前沿
2,前年
2,刺激
2,制订
2,制服
2,到新
2,到位
2,别墅
2,利民
2,初具
2,初六
2,初中
2,创造者
2,创出
2,刘鹏
2,刘韧
2,刘锦云
2,刘玉玲
2,刘炳森
2,刘永福
2,刘氏
2,刘承俊
2,刘恺威
2,刘忠德
2,刘华清
2,刘关权
2,刘克田
2,刘伟
2,刘人岛
2,刘亮明
2,切身
2,切入
2,分院
2,分赴
2,分说
2,分离
2,分保
2,出路
2,出资
2,出警
2,出处
2,出土文物
2,出刊
2,出借
2,出乎
2,凸显
2,凯蒂
2,凯歌
2,减少
2,凌解放
2,凌国康
2,凉山
2,冷色
2,冷笑
2,冲破
2,冰雪
2,冰山
2,冰天雪地
2,冯双白
2,冬季
2,冬天
2,农牧区
2,农场
2,农业科技
2,农业
2,军队
2,军旅
2,军师
2,军官
2,军区
2,写作
2,冒雨
2,冒险
2,内裤
2,内衣
2,内蕴
2,内蒙古自治区
2,内容与形式
2,内功
2,养成
2,典范
2,典礼
2,其门
2,其成
2,其实不然
2,兵役
2,兵团
2,兵力
2,兴旺发达
2,关键词
2,关连
2,关西
2,关税
2,关汉卿
2,共和国
2,共同发展
2,共产党员
2,共产党人
2,兰斯
2,公诉人
2,公社
2,公开赛
2,公平
2,公务员
2,公关
2,公共场所
2,全都
2,全裸
2,全总
2,全家福
2,全家
2,全天
2,全国政协书画室
2,全国总工会
2,全国发行
2,全国人大常委会
2,全世界
2,入学
2,入侵
2,党的建设
2,党支部
2,克里斯
2,克林特
2,克拉玛依市
2,克孜尔
2,光源
2,光明
2,光学
2,先驱
2,先进性
2,先河
2,先民
2,充沛
2,充斥
2,儿童音乐
2,儿童歌曲
2,儿媳
2,傅家宝
2,偶像剧
2,健身舞
2,健在
2,停顿
2,做大做强
2,偏远
2,偌大
2,假期
2,倾诉
2,借阅
2,倒卖
2,修成
2,信赖
2,信息量
2,保龄球馆
2,保证书
2,保护性
2,保加利亚
2,俏丽
2,俊逸
2,俊美
2,俄罗斯博物馆
2,促销
2,促进会
2,侯晓鸥
2,侯喜瑞
2,侯双亭
2,侨情
2,侧记
2,依附
2,供求
2,例证
2,使节
2,佳人
2,佩里
2,你好
2,佛山
2,佛事
2,余项
2,余杭市
2,余年来
2,余处
2,何时
2,体重
2,体育局
2,体察
2,住房
2,低音
2,低谷
2,低于
2,位居
2,位在
2,伴唱
2,伤逝
2,伤者
2,传言
2,传来
2,传播者
2,传入
2,传人
2,传世
2,会议室
2,会章
2,会址
2,会务
2,优胜
2,优秀影片奖
2,企望
2,企图
2,任達華
2,任达华
2,任维东
2,任总
2,仰视
2,以求
2,代表作品
2,代开
2,仡佬族
2,他山
2,从维熙
2,从北
2,从军
2,今夜
2,人选
2,人相
2,人物画
2,人海战术
2,人有
2,人文化
2,人才荟萃
2,人才库
2,人大代表
2,人声
2,人员组成
2,人事部
2,人事
2,亵渎
2,亲情
2,亲子
2,亲亲
2,亲临
2,京韵
2,京胡
2,京市
2,享乐主义
2,产量
2,产品质量
2,产品市场
2,产下
2,亦可
2,交通事故
2,交警
2,交流合作
2,交河
2,交汇点
2,交响乐队
2,亚麻
2,亚军
2,五月天
2,五名
2,互补
2,云彩
2,云和
2,于艺
2,于自身
2,于文
2,于各
2,于从
2,于中
2,于一炉
2,二重奏
2,二等
2,二爷
2,二年
2,二十九日
2,二代
2,二中
2,事故
2,争论不休
2,争论
2,争创
2,买买提
2,书院
2,书法艺术
2,书局
2,书信
2,书会
2,习惯性
2,九江
2,九尾狐
2,九华
2,乖乖女
2,乐评
2,乐海帆
2,乐手
2,乐坛
2,乐嘉
2,乐剧
2,乌兰夫
2,之行
2,之神
2,之源
2,之星
2,之旅
2,么么
2,丽江县
2,丽水地区
2,丽水
2,主潮
2,主动性
2,为民服务
2,为官
2,为名
2,丰台区
2,中高级
2,中观
2,中美
2,中篇
2,中正
2,中板
2,中日友好协会
2,中新
2,中文化
2,中提琴
2,中心区
2,中广
2,中市
2,中山大学
2,中小学生
2,中小型
2,中安
2,中学生
2,中央美术学院
2,中央电台
2,中央歌剧院交响乐团
2,中央歌剧院
2,中央工艺美术学院
2,中央人民政府
2,中大
2,中型
2,中国青年艺术剧院
2,中国青年
2,中国象棋
2,中国美协
2,中国结
2,中国电影乐团
2,中国民间文艺家协会
2,中国曲艺家协会
2,中国文联党组
2,中国戏剧梅花奖
2,中国对外演出公司
2,中国历史博物馆
2,中国化
2,中国剧院
2,中国佛教协会
2,中国书法家协会
2,中南
2,中办
2,中分
2,中共贵州省委
2,中共北京市委
2,中共中央政治局
2,个街镇
2,个人化
2,严防
2,严谨性
2,严打
2,两河流域
2,丝绸
2,东风
2,东部
2,东方红
2,东南亚
2,业务指导
2,世界屋脊
2,世情
2,专营
2,专家组
2,专为
2,专业性
2,丑闻
2,不错
2,不辍
2,不行
2,不算
2,不甘落后
2,不爽
2,不法
2,不服
2,不易
2,不懈
2,不当
2,不平
2,不容忽视
2,不复
2,不喜欢
2,不俗
2,不例外
2,不争
2,下辖
2,下设
2,下岗
2,下大力
2,下决心
2,上阵
2,上进
2,上课
2,上诉
2,上苍
2,上来
2,上报
2,上座率
2,上岗
2,上头
2,上场
2,上升
2,上乘
2,三门峡
2,三重奏
2,三甲
2,三民
2,三国
2,万盒
2,万余人
2,万件
2,七月
2,七年
2,一重
2,一跃
2,一程
2,一科
2,一浪
2,一波
2,一根
2,一杯
2,一时期
2,一文
2,一山
2,一展
2,一尊
2,一女
2,一声
2,一堂
2,一卡通
2,一关
2,一传
2,一九九六年
2,一世纪
