2423,经济
1414,增长
1395,中国
1051,企业
800,发展
670,国家
752,市场
616,投资
362,工业
583,美国
415,技术
406,产品
339,生产
484,政府
277,成长
398,增加
369,我国
281,亚洲
590,问题
435,社会
264,危机
334,消费
309,世界
279,结构
323,金融
315,需求
304,去年
300,下降
344,主要
214,印度
306,国际
297,产业
340,政策
199,国有
309,出现
292,水平
252,新华社
311,制度
317,部门
222,经济发展
199,竞争
285,影响
186,中国经济
332,公司
223,商品
273,地区
240,收入
139,全球化
256,稳定
184,贸易
306,今年
281,方面
150,增长率
233,行业
169,体制
125,经济学
175,速度
149,进口
266,重要
197,财政
185,资本
230,银行
122,东亚
145,年代
166,货币
173,人们
233,继续
198,日本
221,实现
235,信息
176,上升
217,成为
173,扩大
214,价格
116,市场经济
102,衰退
177,达到
187,持续
185,调整
253,进行
127,相当
183,作用
202,需要
157,因素
135,时期
214,资金
163,原因
175,基础
117,比重
143,实行
164,明显
208,发信
143,程度
157,减少
167,保持
216,情况
156,比较
135,文章
145,资源
160,日月光
160,华站
105,经济学家
134,困难
61,自由贸易区
135,平均
62,乡镇企业
126,统计
111,上一
111,利润
136,变化
137,光华
64,外商
127,来源
160,解决
152,能力
162,不断
100,效益
135,第二
155,贷款
112,农民
174,全国
142,过程
101,差距
100,返回
84,外资
127,产生
126,趋势
98,物价
109,世纪
130,之间
114,很大
128,全球
98,繁荣
134,计划
76,信件
113,最近
126,职工
131,有效
136,月份
134,条件
142,政治
136,进入
141,环境
108,大陆
145,存在
119,能够
176,城市
127,利益
47,营业员
132,这是
105,状况
104,汽车
121,人口
203,记者
125,农村
125,直接
68,产值
85,产量
125,开发
138,发生
120,规模
94,法国
136,第一
131,促进
77,世界经济
88,革命
133,包括
86,西方
109,香港
102,阅读
114,过去
134,方式
97,开放
106,阶段
67,景气
88,国有企业
120,研究
72,大幅度
141,服务
72,国民经济
122,居民
85,进步
105,降低
99,优势
98,创造
112,台湾
78,宏观经济
137,提供
118,生活
104,成本
114,发挥
116,历史
105,造成
137,日月
94,不足
96,改变
111,利率
103,表现
107,具有
91,巨大
91,科技
68,初期
111,销售
101,导致
120,风险
66,整顿
88,地位
90,表明
80,总额
97,质量
101,带来
57,生产率
107,年来
88,矛盾
107,超过
50,资本主义
46,总产值
67,干预
78,是由
90,农业
82,迅速
104,讨论区
82,软件
103,措施
91,制造业
99,最大
44,年代中期
94,经营
110,目标
41,欧佩克
95,传统
85,快速
76,理论
100,精华区
82,回升
36,亚行
98,分析
96,得到
62,垄断
162,工作
103,信区
74,刺激
86,处于
90,消费者
88,现象
68,结构调整
88,形势
68,劳动力
72,幅度
39,软件业
43,生物技术
104,指出
73,复苏
75,挑战
105,地方
62,落后
84,维持
43,九十年代
64,引进
33,复生
93,模式
94,加快
106,预期
73,季度
38,非国有
75,带动
105,创新
102,机制
79,德国
62,外汇
61,财政政策
103,会议
85,百分点
75,普遍
68,韩国
121,项目
89,努力
104,推动
66,失业
105,关系
68,预测
84,良好
69,实际上
65,供给
64,汇率
89,获得
64,势头
72,效率
86,实际
66,知识
56,生产总值
62,石油
54,工业化
114,加强
65,分配
57,泰国
75,指标
88,战略
83,英国
78,力量
96,领域
84,体系
100,时间
75,人民币
69,限制
56,估计
44,外债
72,支出
67,民间
53,外贸
91,机构
33,考察团
75,帮助
74,越来越
76,第三
66,设备
107,北京
75,委员会
69,低于
79,强调
36,经济体制
39,创汇
55,贬值
66,税收
56,竞争力
61,财富
86,报告
73,成功
63,失业率
69,商业
63,面的
33,计划经济
66,权力
66,债务
117,建设
73,股市
52,陷入
76,压力
74,保护
55,新加坡
37,纺织
42,经济效益
65,工资
63,社会主义
68,面临
56,高速
32,亚洲地区
48,年第
60,转变
55,电子
86,就业
47,农产品
57,股票
58,恢复
48,国民
61,短期
68,专家
48,依赖
32,知识经济
45,疲软
61,意义
91,要求
31,扩大内需
42,新技术
68,代表
61,发表
63,总体
58,信心
39,关税
65,考虑
59,保证
40,工业生产
63,全省
47,企业家
43,厦门
62,有所
55,贡献
45,商场
84,组织
56,优化
52,效应
44,缩小
48,好转
61,为主
79,实施
55,转移
40,储蓄
57,注意
54,观点
47,潜力
39,新产品
58,自由
46,煤炭
50,局面
61,无法
43,泡沫
61,比例
43,大大
43,份额
47,改革开放
60,价值
52,教授
64,整体
57,面对
44,钢铁
52,先进
38,顾客
56,相比
56,手段
34,阿尔
53,状态
47,数字
56,全市
65,决定
53,只能
48,显著
58,增强
55,经验
64,重大
66,上海
45,工厂
29,后发
45,不利
61,结合
57,联系
53,广东
67,文化
35,原材料
88,合作
50,讨论
48,缺乏
47,增幅
68,人民
32,商店
45,扩张
34,国际货币基金组织
39,代价
44,由此
55,反映
45,体制改革
45,冲击
61,内容
31,赤字
47,前景
43,亏损
40,成员国
32,国有经济
59,了解
27,跨国公司
44,外国
51,多个
55,基础设施
68,教育
48,进程
56,交易
51,认识
57,资产
43,中国政府
50,年底
36,通讯
47,高于
49,机会
64,行为
54,关键
26,情势
30,年头
29,盈余
61,完善
47,现实
28,劣势
30,萧条
50,形式
43,强劲
41,储备
34,对外开放
45,计算
43,解释
49,拥有
49,城镇
64,重点
43,多种
49,合理
42,劳动
61,系统
23,世贸组织
47,动力
35,展望
47,下滑
35,经济合作
55,选择
51,联合
61,中心
30,世界银行
47,供应
31,产出
43,学者
40,宏观
44,满足
45,值得
49,思想
34,产业结构
53,看到
26,自由化
31,内需
38,步伐
22,学派
47,转型
32,消费需求
26,国际贸易
48,确定
36,协作
38,贫困
48,协调
37,转向
40,判断
30,降到
38,特征
39,素质
53,业务
21,利税
40,角度
52,指数
50,人士
31,机械
37,拉动
47,运行
34,困境
38,总量
37,市场化
26,人均收入
31,方针
35,排名
28,外商投资
48,办法
35,激烈
39,信贷
24,积压
46,行政
42,说明
47,最高
27,兼并
31,年到
60,单位
26,海峡两岸
29,水准
32,印尼
33,缓慢
48,统一
37,主导
34,看法
29,崩溃
61,人员
40,特点
30,专利
31,电信
63,相关
31,摆脱
41,宣布
38,适应
28,日本经济
37,东西
40,大型
16,萨缪尔森
34,大规模
37,做法
38,波动
46,范围
37,计算机
30,开拓
38,批准
26,转轨
19,统计数字
22,利用外资
41,升级
45,系列
39,必要
42,较大
41,数量
29,克服
35,很快
37,对外
32,马来西亚
33,积累
37,以前
41,方向
29,风暴
43,重视
42,上述
19,硅谷
39,海外
22,出口额
42,对此
40,时代
24,投资环境
35,活力
36,入世
18,年增长率
34,五年
49,法律
39,效果
28,进出口
30,相当于
45,任务
39,能源
25,推销
30,年间
28,主义
24,台商
19,厦门市
19,合资企业
31,生存
37,俄罗斯
29,开支
56,规定
44,增速
32,著名
20,保护主义
51,坚持
33,工商
35,已有
33,改进
35,相应
29,海南
25,高科技
19,拉丁美洲
26,华盛顿
17,扩张性
17,引进外资
31,有利
22,配额
26,社会稳定
32,过剩
28,重组
31,要素
34,半年
52,发现
21,东欧
28,加工
35,防止
44,家庭
26,微观
35,证券
30,是非
19,协调会
36,欧洲
28,结论
47,共同
24,减缓
32,规则
23,私有化
25,钢材
33,担心
36,收益
25,流入
32,事实上
26,不公
19,百分
46,领导
38,鼓励
43,腐败
48,公布
35,新兴
31,三年
33,容易
33,正是
29,倾向
24,奇迹
39,突出
34,多人
28,实质
36,员工
40,支付
31,走向
33,存款
30,研究所
24,投资额
23,国务院发展研究中心
31,别为
59,数据
35,态度
26,东南亚
34,服务业
34,年度
42,举行
31,现代化
29,潜在
22,经济政策
41,深化
16,劳动生产率
33,平稳
29,外部
50,显示
29,乐观
33,欧元
43,精神
32,避免
26,爆发
27,变动
40,规范
30,危险
27,发达
36,原则
37,成员
25,医药
33,呈现
30,是从
21,紧缩
23,停滞
30,实力
20,电子产品
27,东部
23,零售额
30,工人
33,周期
34,货币政策
25,好处
26,菲律宾
25,物资
21,可望
36,结束
28,福利
31,现有
23,预估
21,附加值
20,发明
37,协议
14,订货
27,满意
31,经理
33,集体
27,障碍
33,损失
29,令人
35,准备
33,道路
22,俄国
38,下跌
24,国情
25,发展战略
29,一轮
27,下去
26,促使
28,称为
47,住房
30,秩序
15,沃克
27,走出
32,正常
31,应用
38,力度
24,外地
32,欢迎
47,开展
27,适当
22,港台
25,品种
37,区域
33,用于
27,商业银行
19,台胞
28,负担
36,购买
15,科技园
27,约束
32,背景
30,愿意
29,机遇
25,长远
28,错误
20,变迁
50,推进
35,强化
29,框架
30,运用
43,上涨
25,税务
33,一家
30,还要
18,通货膨胀率
18,风险投资
18,增资
33,合同
23,道理
26,呼吁
27,强大
28,有限
26,固定
23,消费品
17,减息
27,组成
20,拉美
24,层次
27,迹象
27,人类
25,援助
16,搞活
32,城乡
25,社会保障
28,进展
24,西部
15,出口产品
30,方法
24,国债
17,工农业
16,破灭
23,不仅仅
21,短缺
21,取决于
23,走上
32,所谓
28,同意
33,公共
24,恶化
40,调查
25,中小企业
18,兑换
16,帐户
28,允许
26,观念
26,十年
16,经济危机
20,阶层
26,法规
23,中期
35,集团
23,联合国
18,高潮
17,转机
32,目的
14,外向型经济
21,资源配置
23,远远
17,渐进
25,途径
24,增加值
19,信誉
19,太平洋
16,国民收入
19,合资
23,重复
21,战略性
14,石油价格
24,是不是
23,博士
24,年中
19,产品质量
25,平衡
26,观察
32,召开
19,购买力
38,中央
21,破产
23,营业
29,事实
21,不平
18,顺差
28,有利于
29,态势
21,替代
35,维护
17,发展经济
34,综合
15,技术开发
30,预算
22,研讨会
27,年初
28,事情
20,外来
17,不景气
24,电子商务
21,服装
25,道德
19,阶级
22,运动
33,空间
27,发行
22,借鉴
30,领导人
25,多家
28,密切
27,肯定
15,愈来愈
26,格局
21,相反
26,相信
23,研究员
21,忽视
24,巴西
29,不到
24,以往
23,经济运行
27,官方
21,开幕
26,自然
15,克林顿
27,累计
26,从事
22,现出
22,万吨
18,财政赤字
24,缓解
19,其他国家
23,低迷
26,威胁
31,事件
35,执行
25,群体
29,人才
19,对大
18,所有制
38,基金
24,前苏联
31,人数
19,扭转
34,黄金
15,优质服务
23,制约
29,库存
13,贡献度
34,网络
26,经历
28,大学
25,吸引
19,常常
17,城市化
14,丝绸
19,高水平
31,工程
11,胡志明市
19,有益
25,通讯员
23,回答
34,介绍
23,乡镇
22,规律
23,说法
15,生产资料
16,兴办
15,逆差
27,体现
24,理解
28,举办
29,核心
26,下来
19,例子
32,标准
13,经济贸易
17,区域经济
16,递增
18,降价
18,阴影
20,庞大
16,经济界
29,确保
27,环节
16,企业集团
21,处在
18,悲观
20,经济形势
21,调节
25,部长
24,武汉
33,处理
23,欧元区
13,大萧条
24,关心
20,诞生
23,难题
28,引导
21,商务
18,过渡
25,浙江
18,合理化
14,垄断性
25,多年
14,学人
14,存货
15,研究开发
27,启动
12,割据
22,中国人
17,寿命
29,官员
14,冶金
23,成效
20,本地
24,协会
19,等级
27,补贴
21,流动
26,最低
22,职能
16,省区
22,第四
16,智利
17,灾难
19,宏观调控
23,特殊
25,苏联
20,转化
21,销售额
14,厂里
27,打击
22,可能性
24,一致
19,供应量
28,访问
19,循环
19,沿海
25,做到
22,广东省
23,债券
25,成果
23,不变
18,不合理
23,食品
21,反应
19,放松
19,骨干
24,觉得
14,工业品
24,地方政府
22,大国
15,纵向
24,新增
26,认真
28,总理
28,深入
23,金融机构
19,负债
14,低效
24,科学
19,后果
24,回落
18,升值
18,宁波
13,行政性
10,金鑫
16,因特网
17,占有
20,活跃
23,月底
18,良性
15,荷兰
21,紧张
24,评价
18,变革
23,决策
21,成熟
13,总值
27,给予
14,英美
21,存量
13,史密斯
10,丁宁
18,转换
15,封锁
23,成绩
29,明确
18,趋于
14,上游
23,构成
19,情形
16,厂商
14,年增
10,经济委员会
10,攀枝花市
28,行动
14,膨胀
20,轨道
20,以为
24,走势
12,纺织品
17,滞后
17,着手
26,学习
24,符合
12,官僚
18,联邦
15,可达
14,生产者
18,流通
10,泡沫经济
12,联系点
15,脆弱
9,驯养
27,规划
18,产业发展
15,墨西哥
18,东京
17,削减
15,年会
23,设立
18,全社
20,采购
17,全世界
22,独立
15,分析家
12,掠夺
18,木材
18,战争
11,普惠制
11,集权
11,交易会
17,衡量
16,美的
22,先后
11,吸引外资
23,承担
10,诺贝尔奖
19,说是
11,信用社
17,向前
18,成就
25,先生
11,减免税
18,发言
20,类似
23,证明
21,复杂
13,年代初
13,牙膏
24,涉及
13,阿根廷
14,下岗
19,有助于
13,厂长
24,有限公司
19,收购
13,产业政策
20,公平
18,严峻
16,武汉市
18,怀疑
16,小康
12,四小
17,东盟
17,年时
16,动荡
13,特区
14,意味
21,公众
15,生产力
19,降至
18,沈阳
14,投产
13,决策者
16,年末
13,外需
18,电力
15,发扬
19,退休
18,转载
16,制订
17,过度
17,也就是说
23,总统
17,适度
30,群众
17,中央政府
17,角色
12,十世纪
19,油价
17,物质
12,系数
12,回扣
19,放在
9,外生
21,金额
15,相似
10,多边贸易
17,赢得
21,达成
19,冲突
14,股票市场
13,柜台
13,劳动密集型
15,澳门
15,高出
17,足够
20,不够
16,教训
9,亚洲开发银行
17,总数
18,难度
17,结构性
17,当局
15,不安
16,弥补
14,江泽民
13,经济状况
16,区别
15,挂钩
24,监管
13,技术改造
15,实质性
16,粮食
20,小组
13,社会经济
16,超出
9,适销对路
18,全体
12,难关
19,杭州
12,非公企业
18,分散
16,本质
16,显得
12,棉花
13,自行车
18,最多
12,信息网
9,生产型
18,唯一
15,中外
21,电话
24,投资者
18,有力
11,劳务输出
15,刚性
16,模型
16,分工
8,哈耶克
14,世界贸易组织
14,开办
15,内在
19,在内
20,引发
18,主张
16,省市
13,横向
9,自由市场
15,轿车
17,咨询
14,技术创新
12,洽谈
23,高度
10,马国
18,降息
17,失去
14,经济指标
18,放弃
19,民主
15,人力
17,产权
13,规章
15,延长
15,货物
14,水泥
23,广州
12,黄河
11,片面
14,价格指数
14,根源
18,社会发展
16,行长
17,理由
16,国家统计局
10,进货
13,建材
16,演讲
15,个体
12,程序员
14,困扰
15,意大利
8,三角债
21,正式
21,交流
16,相同
12,坚挺
18,推广
16,会长
15,立足
21,专业
12,王丙乾
13,诺基亚
15,供求
12,原料
16,主流
22,民族
11,制造商
18,优先
20,用户
23,公开
15,收支
16,减轻
17,升至
16,理性
11,卢布
10,世界市场
11,宪政
14,答案
16,差异
28,落实
21,交通
14,拖欠
12,政府机构
17,丰富
17,退出
17,研究中心
15,原有
15,探讨
13,多来
16,经济体
14,差别
13,客商
11,卢比
18,建成
11,官商
14,开业
15,大城市
13,迫使
17,自治区
16,三大
10,改组
21,支撑
15,长时
14,中长期
15,增多
9,轻工业
15,偿还
13,劳工
16,绿色
21,主体
12,车间
22,深圳
16,优惠
8,私有制
13,珠海
14,萎缩
10,西欧
16,适用
17,争取
9,耐用
21,审计
9,凯恩斯主义
14,消失
17,工具
11,企业管理
15,加剧
9,泰铢
13,资讯
12,低收入
15,试图
13,富裕
10,企业界
12,特性
16,充满
12,万辆
14,普及
17,初步
13,科技创新
11,外资企业
11,浦东
16,交换
9,自由主义
14,想象
10,压迫
16,日至
14,大于
17,上市
13,压缩
10,购进
18,主动
11,展览会
23,双方
14,看好
18,前提
14,激励
11,鞍钢
15,出发
26,责任
14,应有
14,占据
10,独资
8,宏观经济学
7,哈哈镜
10,经济生活
9,有效率
12,高技术
18,渠道
9,东亚地区
16,展开
15,表达
10,引人注目
9,何而来
9,中美洲
9,外销
18,健全
15,杠杆
15,盈利
10,展销
11,平均值
13,中国企业
17,特色
12,智力
15,人群
12,沉重
12,国际金融
9,肯尼迪
16,之路
8,假定
9,销路
15,未能
14,将对
17,办公室
12,拐点
13,阻碍
13,生物
18,设计
18,设施
7,进口额
15,积极性
13,与会
9,权贵
13,上去
17,实践
12,节约
25,干部
17,民众
10,大调
8,歧视性
12,更快
18,安排
15,承认
11,小标题
14,在一起
10,第１
9,赢利
11,流行
13,可持续发展
16,策略
16,论坛
12,劳动力市场
11,弊端
12,瓶颈
13,为期
16,调控
11,坏账
15,公正
14,中共
15,客观
12,四年
12,变为
15,情绪
12,美国政府
21,监督
8,企业兼并
8,林毅夫
12,差不
13,过多
17,反对
10,彩电
18,反弹
14,标志
14,明年
15,信息化
10,占全
8,总产量
13,也就是
14,不良
11,同类
8,麻省理工学院
10,亿多元
11,地王
15,现状
16,审批
14,利息
9,归结
7,国家银行
8,爱马
16,享受
8,南韩
17,探索
20,土地
11,度过
10,合法性
16,信用
11,财力
12,统计局
14,商会
14,具备
9,汽车行业
11,展销会
13,对比
12,经济工作
12,反映出
17,采访
11,分开
11,港币
8,升到
14,老百姓
12,盲目
12,源于
11,进一
16,培训
14,补充
21,报道
12,欧美
11,投机
12,大小
13,适合
12,缺少
17,方案
11,边缘
15,注重
22,安全
13,组建
8,消费量
10,化肥
15,破坏
14,余额
9,滞销
16,对象
16,资料
7,统计年鉴
11,生产经营
11,争论
14,义务
10,于它
15,培养
8,回笼
10,科研机构
19,主席
11,均衡
14,工会
14,运作
11,增长点
9,紧缺
8,同月
17,程序
11,工程师
12,生态环境
7,看去
7,进口国
7,四月份
19,学生
15,布局
10,外汇市场
14,高级
9,北美
14,层面
9,最低点
10,联合体
11,中国人民银行
9,来信
9,预言
12,又是
9,年成
12,评级
15,谈判
15,日前
10,雇佣
14,事务
17,基层
12,定义
15,军事
9,贸易额
9,凝聚力
14,副主任
7,服装业
11,温州
12,内涵
7,后脑勺
9,二十年
6,血路
10,低谷
13,平等
13,高层
7,承包制
12,弱势
15,纳入
13,协定
11,着重
8,秘鲁
8,工商管理
10,名牌
16,旅游
12,销量
11,共和
17,国务院
16,法治
12,看出
11,扩散
12,银行业
12,最佳
11,阶段性
10,弹性
13,现金
11,开幕式
16,保险
16,主任
13,天津
16,客户
13,名义
16,意识
9,就业机会
10,管理体制
10,停产
11,转为
7,张毅
8,今明
10,比率
10,全球性
9,根本性
12,增量
11,济南
11,题为
12,第五
14,典型
11,扩展
13,概念
11,事务所
10,北京大学
12,订单
7,贸易量
6,金属材料
6,投资热
11,经济社会
10,曲线
13,所在
8,个体户
8,一时期
14,承诺
9,受过
15,费用
11,混乱
11,小型
11,多亿
12,动态
12,前来
12,本院
12,里面
10,高涨
13,定位
12,不明
16,申请
11,最快
16,融资
16,健康
16,近期
10,高质量
8,猛增
12,清楚
12,高新技术
8,本社
7,伪劣
12,通信
9,经济开发区
15,会见
10,仓库
7,实证
7,次区域
12,统计数据
8,软件公司
11,调动
9,电讯
6,食品工业
6,衰退期
7,严重性
9,外在
8,售货机
13,担保
10,统治
14,铁路
12,并将
8,黄石
9,贫富
12,面向
13,学院
9,劳务
9,优越
10,深远
11,独特
7,信贷资金
9,壁垒
8,日韩
11,熟悉
11,科研
15,贯彻
11,福建省
8,英国经济
12,越南
11,观望
8,归功
11,西德
6,呆滞
7,南美
14,朋友
9,建筑业
13,材料
11,确立
12,寻找
10,争夺
9,于我们
11,一行
11,回报
10,急需
9,年份
12,倡议
12,寻求
12,过来
13,实体
9,兰州
7,销往
10,化工
14,生态
6,相抵
9,并存
10,表面
9,长春市
10,缺陷
6,泰国政府
7,论点
11,开发区
12,导向
8,联邦德国
9,百货
9,保守
17,创业
13,应对
7,出口国
11,崛起
11,开设
8,调低
8,工业发展
8,产品销售
9,八十年代
11,高速公路
13,配套
9,日本政府
14,事业
7,世界性
12,总结
8,对内
10,看见
6,撤并
10,无锡市
6,科斯
10,论证
7,首季
8,国大
9,出版社
10,期望
12,第一次
8,社会效益
9,低下
10,周转
9,空前
11,显现
12,有着
14,同志
6,里根
6,设厂
6,脆弱性
6,商业周刊
8,兴建
11,保险公司
6,张卓元
15,负责
7,会员国
8,美国商务部
10,硬件
9,调查报告
12,方便
8,产销
7,双轨制
10,欧共体
10,新德里
15,万人
9,受损
7,商界
8,私有
11,奖励
12,山东
9,不足以
10,奖金
11,共同体
15,面积
12,财务
12,电脑
7,比价
13,普通
7,粗放型
6,制成品
12,邀请
7,劳资
10,海关
11,最为
7,脱困
9,主观
13,二季度
8,新世纪
7,跃居
9,缅甸
10,证书
8,印度尼西亚
9,旺盛
8,转嫁
8,安定
8,过热
12,设置
10,湖北省
10,攻坚
12,将于
12,深刻
9,世界各国
8,营商
13,不要
10,职位
7,契约
9,天然
10,用来
10,减弱
11,稳健
10,冷战
8,证券市场
8,接轨
9,经营管理
7,技术合作
11,热点
8,技术性
13,原油
11,控股
10,步入
10,师傅
7,年产值
10,学会
9,空白
6,国有化
9,热潮
9,兴起
7,纷争
11,加拿大
10,同一
12,评估
7,预备
8,成因
8,专柜
9,约有
7,四季
7,况下
5,诺斯
5,经济学界
5,珠江三角洲
5,收效
10,特定
11,强势
6,金融界
8,规格
7,芝加哥
8,经济技术
8,糟糕
7,唐山
7,助于
8,过重
8,研究机构
6,工商企业
6,吉姆
9,跟进
7,减慢
7,交税
6,总厂
9,停留
10,全县
6,美国公司
10,微软
12,澳大利亚
6,温饱
10,亮点
10,日内瓦
10,生意
7,游戏规则
7,得益
7,警戒线
10,南斯拉夫
8,石化
11,提到
7,竞争优势
10,都可
10,时机
7,洽谈会
15,纪律
6,罗斯福
6,哈佛大学
6,飞舞
8,银行体系
6,党旗
9,艰巨
9,开辟
6,半期
9,杂志
8,起作用
8,应付
10,重要性
7,还债
8,市场价格
6,造纸
10,航空
11,信号
9,哈尔滨
11,传播
7,最高点
9,不确定性
8,于其
8,可行
10,权威
9,人民银行
10,纪录
7,机械厂
10,不适
9,致使
6,工业经济
6,创收
11,运输
12,权利
9,课题
7,跨越式
7,社会问题
8,森林
5,百货大楼
5,分厂
9,吸引力
8,抵御
7,饱和
8,启示
6,进化
6,未知数
15,互联网
9,许可证
11,发出
12,发放
11,背后
9,止跌
9,市值
8,涌入
12,心
9,基数
8,内生
7,地方经济
10,能量
6,责任保险
6,工商界
14,媒体
9,供需
7,记者招待会
5,经济部
5,出口型
12,围绕
10,思考
7,锅炉
7,志敏
10,管理局
9,可以通过
6,假日经济
11,副总
7,会计师
10,交往
7,个人电脑
7,连年
7,深层
7,棉布
7,减产
9,长春
8,能进
9,倡导
8,花钱
6,第４
8,有近
16,意见
6,五十多
8,上交
6,摊派
8,支柱
8,化为
7,轻工
10,获取
9,人民日报
7,设想
7,预料
5,贸易区
10,协助
11,思路
8,促成
6,币值
9,公报
8,诸如
7,季节
7,即期
10,理想
8,团长
10,知识产权
8,加深
7,获益
6,谷底
6,日产
11,团结
9,逻辑
8,全会
8,可以使
6,加勒比
5,半停产
6,远景
9,对手
9,文字
9,发动
6,上影
8,运转
9,检验
8,弱点
7,冰箱
7,千年
9,薄弱
7,含量
7,含义
8,惊人
9,受益
10,类型
12,两岸
9,动员
8,节省
8,档次
6,纤维
7,出新
9,合并
6,韩国政府
7,紧迫
8,宁波市
8,大面积
9,谈到
9,失败
9,旨在
9,势力
8,忧虑
5,杏林
5,推销员
7,发育
12,青年
12,功能
7,改观
9,警惕
6,挥出
8,无效
5,董建华
7,利润率
9,他指
9,中小
9,干扰
7,高昂
5,贫困线
5,基尼系数
7,交易额
7,提倡
8,无力
8,占领
8,通胀率
8,主人
10,心理
10,防范
5,国家外汇管理局
7,中央银行
8,金融业
7,看作
7,生产线
8,家具
6,发电量
8,益于
9,中旬
8,化学
8,汇价
9,注意到
6,效仿
8,董事会
6,西方人
6,普通法
11,新型
10,定价
8,倾斜
6,进口量
6,转型期
8,起步
8,增大
5,密集型
7,烦恼
9,政策措施
10,财政部
7,对策
9,奋斗
7,谈论
6,分行业
6,占一
7,原文
7,充斥
8,透明度
9,信任
6,交流会
8,主持人
9,租赁
8,动摇
8,不行
13,立法
9,政府部门
6,疗法
10,感觉
9,走低
9,福建
6,尖锐
6,匈牙利
9,组合
8,涉及到
5,网络经济
10,待遇
6,外国投资
5,诀窍
7,既定
12,近日
7,经销
10,签订
9,上市公司
9,所得
7,惯例
6,日用
8,抗议
8,害怕
8,勾结
6,西亚
6,没错
7,食物
13,发布
5,银根
6,统计资料
9,意愿
8,信仰
6,天主教
10,抓紧
8,基建
10,警告
13,美联储
7,数值
8,所说
9,许可
7,沉淀
7,取一
6,印度政府
8,限度
8,脱离
7,填补
9,不错
10,经费
8,跨国
9,批评
8,人心
8,实事
7,评为
9,执政
5,海沧
9,时刻
10,着力
5,证券交易
10,联盟
5,名优
5,减亏
8,不具
7,只不过
9,第十
8,中国共产党
9,座谈会
8,万件
6,比值
7,外流
7,夸大
9,同步
8,纽约
7,为生
6,二次世界大战
7,总收入
8,浪费
7,毫无疑问
7,不远
5,投资商
6,留下来
8,研究部
8,一座
8,其中包括
7,报酬
8,遵循
10,基地
6,生产厂家
6,出厂
9,遭到
5,经济管理
5,日产量
6,注意力
6,合办
7,蓬勃
8,想法
6,局限
9,人力资源
8,首位
8,闭幕
7,会计
6,创纪录
6,货款
7,行列
8,浙江省
9,巩固
8,国有资产
5,理性主义
5,献计
9,首席
7,行政管理
7,抱怨
8,振兴
5,高速度
5,常帐
5,何呢
7,政局
6,省有
6,分配制度
8,对待
7,物力
6,高估
9,等待
7,操纵
7,厂家
9,董事长
8,纳税人
5,茅台
7,政权
8,学术
6,大市场
9,总经理
6,橡胶
9,感到
6,危及
7,为政
7,中国社会科学院
6,配件
8,捷克
6,低成本
9,流动性
6,财政部长
6,误区
5,行业管理
5,步向
7,杭州市
4,资本密集型
4,试制
4,菲律宾比索
4,活络
9,胜利
8,技能
7,电视机
9,江苏
9,收费
9,境外
6,奥地利
5,经委
5,政治经济学
5,折旧
6,抉择
6,国别
8,有没有
6,换取
9,开工
5,利弊
7,纳税
9,伙伴
7,查出
6,关键性
7,环球
6,贫穷
6,局限性
5,鸡西市
6,建设银行
6,并有
8,机器
8,攀升
6,抬头
8,印象
11,检查
7,出路
6,推测
6,制药
8,品质
5,内贸
9,形象
7,建国
6,上任
11,共识
6,一派
7,强国
7,口号
7,福州
9,财经
5,霸权
7,马克思
8,分为
7,能达
7,遗产
7,对抗
6,看成
9,下调
8,中共中央
7,限额
7,丧失
6,格力
5,新品种
6,潜能
4,繁荣期
9,通道
4,二元化
4,丹东市
5,超高速
6,一书
10,建筑
8,上海市
5,缴税
6,出色
5,低落
7,亚太
5,管理方
10,上午
6,失控
8,管理法
6,财长
6,假期
9,多名
7,越多
7,设在
8,新政
5,重工业
5,生产技术
9,持有
7,不佳
8,清晰
6,约翰逊
7,渗透
5,普及率
7,评审
5,粗放
10,位于
7,金属
10,非法
7,坚实
7,可靠
5,强盛
6,乃是
5,出口量
8,考验
8,中一
7,通缩
6,领袖
6,旅馆
7,投资项目
5,电冰箱
8,热情
7,通行
7,港澳
8,电视
8,禁止
8,增进
6,递减
6,调剂
6,压抑
5,可再生资源
7,至关重要
7,流向
6,路子
6,缓和
4,羊毛
4,法来
4,亏损额
4,主导型
7,意思
6,对消
6,先锋
7,全新
4,成衣
8,决心
6,滑坡
6,偿债
5,流通领域
7,报纸
6,迅猛
7,上门
6,评比
5,公有制
7,新西兰
9,有望
8,对付
8,办公
6,忘记
6,成分
7,艰难
9,会谈
8,法律法规
7,纠正
7,位居
6,半导体
6,中欧
7,首要
5,明智
5,劳动力资源
11,告诉
6,色彩
5,高潮迭起
6,指望
7,花费
7,债权
8,年至
7,招标
6,历史性
4,湖里
4,收工
4,入关
5,高效率
5,价差
9,位置
6,特有
5,误差
7,缺口
6,波及
7,烟草
5,赶超
4,贝纳
4,经济人
9,队伍
6,言之
6,见效
6,专制
8,全区
6,殖民
7,蔓延
7,总裁
7,改为
6,商人
9,覆盖
6,升高
12,机关
6,理事长
6,常州
7,起点
4,五年计划
6,黄埔
6,可观
6,授予
4,美国财政部
4,纺织业
4,电力工业
7,大厦
5,注册资金
5,春季
4,既得利益
6,总面积
7,下面
8,市长
7,感受到
6,居高不下
9,合法
6,有助
7,数额
10,指导
6,欧洲央行
7,理事会
6,离退休
7,上扬
5,照搬
5,本年度
6,激励机制
7,试验
7,着眼
7,江苏省
5,公司法
4,跃起
4,扩大再生产
4,农副产品
5,基础理论
5,后劲
6,基础性
7,顾问
6,织
6,星期四
7,国际化
8,公路
7,组成部分
4,网络公司
4,清欠
6,测量
5,并同
5,初级阶段
8,金价
6,总人口
7,宗旨
5,联邦政府
8,期货
6,学家
7,划分
7,上面
8,宗教
5,述评
5,宽裕
6,小心
8,股东
4,畜产品
4,举例来说
6,到新
5,提价
4,资产额
5,大好
6,惟一
5,纳斯达克
6,邻国
7,放开
4,立升
8,提前
5,确信
5,政企
6,奏效
7,假象
5,有高
6,大都
5,米尔
6,取向
6,估算
10,医院
5,地利
5,雷日科夫
6,饮料
6,调查研究
8,自觉
6,一国
7,深感
5,设法
6,创造性
7,分公司
5,收支平衡
7,万名
6,演变
7,话题
6,牺牲
6,秘书
6,看不到
5,资产负债率
5,愈演愈烈
5,倒退
6,失衡
7,量化
7,不久
6,科技成果
6,民营经济
5,大开发
7,领先
6,历时
5,陈伟才
7,绝不
5,不例外
6,入境
5,台湾省
5,采纳
6,谋求
6,剧烈
8,记录
6,煤矿
6,假设
5,演说
4,平顶山市
6,亲爱
7,李鹏
6,上千
4,电信业
5,国内消费
5,公认
6,获得者
6,多久
4,不灵
4,病态
4,投资区
4,大跃进
6,海峡
6,产业化
5,现存
6,工商局
6,经商
6,放贷
7,频繁
7,澳洲
6,眼前
8,提醒
11,和平
4,爆炸性
4,新观点
6,税制
5,成一个
7,涨价
7,娱乐
5,农村经济
5,聚会
64,亚细安
4,减低
8,主管
6,大地
5,滑落
5,储蓄率
5,反驳
6,发动机
8,期限
6,同等
4,原煤
6,减税
7,股价
7,游戏
6,前途
5,工业区
7,民营企业
6,访问团
5,科学技术
6,售价
4,迟滞
4,年生产
4,城乡差距
8,扶贫
5,恰当
8,了解到
6,涉外
6,一体
7,参考
6,工艺
6,迈出
6,不易
5,重点企业
5,外省
8,早期
6,速比
6,第九
5,黄石市
7,控
6,增至
5,偶然
5,进京
5,年产
5,小麦
6,等于
7,领取
5,迄今为止
4,马币
4,远非
4,劳力
7,国防
7,声音
5,美金
5,边缘化
5,购销
6,吸纳
6,任何一
4,起重
4,网路
4,全行
5,国有控股
7,等一
4,多维
6,牛市
6,合作关系
6,剩余
6,有待
6,前所未有
4,火山
7,向好
6,范畴
8,周边
7,河北
6,常规
5,大作
7,极端
5,数字化
5,高薪
4,思科
4,新马
4,印刷业
4,汽车消费
5,琼斯
10,违法
5,一条街
5,科学家
5,作法
4,信息业
4,二月份
9,社区
7,股份
7,药品
5,商业化
5,衰
6,用工
4,太平洋地区
6,短短
5,社会福利
4,恳谈会
4,可笑
6,缩减
6,暴露
7,缴纳
5,掩盖
6,罕见
5,财务管理
4,热电
6,颁布
6,简化
6,寻租
4,大中
5,有用
6,伦敦
5,弱势群体
5,尚有
6,好事
6,徘徊
7,法制
5,中小型
8,职业
5,景气指数
4,清政府
4,官办
6,缩短
7,本文
7,中学
5,制度性
6,现任
5,决不能
6,被迫
5,成交额
5,互为
5,赞成
8,透露
6,法案
6,战线
8,岗位
6,略有
6,反思
9,领导干部
5,买方
10,消息
6,芯片
5,有色金属
5,匮乏
7,贪污
8,北京市
6,时报
6,定为
4,总工
5,私营企业
5,参股
4,联营
4,石油输出国组织
4,人工智能
4,产者
4,乌龙
6,遭受
6,正面
5,再创
5,提案
5,华东
5,持久
6,语言
5,生活费
5,境地
6,制度化
5,执政党
8,医疗
6,国会
6,低保
5,理事
5,退休金
5,大为
6,史上
4,甚少
5,款式
5,保罗
4,让利
5,内阁
6,筹集
6,不合
5,所得税
4,就业者
6,日本人
6,流出
4,辽阳
5,概括
6,善于
4,信息产业部
6,气候
6,评选
5,保险业
4,邮电
4,都比
6,高峰
5,出口到
5,畅销
5,特权
6,银行卡
8,权益
5,美日
5,竞争性
4,调升
4,主人翁
6,称号
5,得失
6,神话
6,主办
4,办厂
7,离开
4,美国银行
4,依存度
5,三国
7,移动
7,主题
5,淡季
4,税源
4,生产过程
4,经贸部
4,全民所有制
6,上网
7,延续
5,生活保障
6,南方
5,反映到
6,往来
6,澎湃
5,小企业
6,电网
6,商务部
4,六十年代
7,停止
4,徒弟
6,不正
5,储户
4,研究领域
4,汽车业
6,多元化
5,雄厚
5,相比之下
5,弱化
6,伊朗
4,说来
7,手续
6,中华
5,许会
5,优点
5,仅次于
5,共同发展
4,新元
6,密集
5,课题组
5,开户
6,拓宽
6,明了
4,长假
4,反常
4,交易者
5,著作
4,扭亏
5,动工
4,售假
5,绝非
5,最大化
8,局长
7,上来
57,克鲁格曼
7,腾讯
4,回馈
6,黑龙江
5,生命力
5,发掘
4,新工艺
5,前年
5,眼光
11,万元
6,集资
5,扩建
5,发展前景
4,过量
4,苛刻
4,组织结构
4,瓦解
4,支农
4,左翼
4,地区性
4,国家计委
5,超额
6,享有
6,打算
7,大众
3,长水
3,爱因斯坦
3,期初
3,尖端
3,国库券
3,企业管理者
5,构想
5,政府职能
7,业绩
5,突发性
4,洗衣机
4,电气化
7,公务员
5,常有
7,南京
5,无意
5,余地
6,在家
4,陷于
4,证券交易所
4,挤出
4,国际收支
4,中型
7,对方
4,小国
5,一世纪
4,创利
7,子女
6,每一个
4,笼罩
4,濒临
4,受惠
5,入侵
4,科特迪瓦
6,制度建设
5,前沿
4,燃煤
5,常见
6,辽宁
5,资本金
6,关闭
6,裁员
6,得知
5,许是
5,服从
7,视为
4,布拉格
8,养老
4,盛行
7,构建
6,法人
6,复兴
5,出面
4,星星
6,山东省
5,农药
4,好过
4,大件
5,呼声
4,费者
5,英特尔
7,居住
5,误解
5,石家庄
5,可怕
5,航班
5,因应
5,有偿
8,试点
4,上帝
5,个人消费
4,拉动力
7,新疆
4,农作物
5,外逃
5,古典
5,非公有制
6,省长
6,激发
6,分歧
5,提议
4,两极分化
4,置身
4,国界
6,否认
5,国际合作
8,地产
4,上到
5,参与者
5,疲弱
3,验资
3,让位
3,西部开发
3,稳地
3,研究班
3,攀高
5,趋向
5,上将
6,向上
5,浪潮
5,投资公司
6,同胞
4,毛病
6,透明
4,弊病
4,老工人
4,计量
5,高低
5,难免
5,多方面
4,成片
3,款额
3,无利
3,投入产出
3,台数
5,历经
6,回顾
6,第三世界
6,升温
6,习惯
5,营业执照
5,卫星
5,少有
7,分子
5,逆转
5,中大
6,后续
4,辛格
4,之和
7,中美
5,过硬
5,偏好
4,穷人
6,高效
5,分支
7,理念
4,说服力
4,罗伯特
4,包袱
4,包围
4,物价局
4,综合国力
4,税金
4,更少
5,规章制度
5,在任
6,市政府
5,无关
3,塞纳
3,高后低
3,都大大
3,力道
3,出口商
3,主导产品
6,省份
4,李贵鲜
5,为首
4,蓄水池
4,扭亏为盈
6,回来
4,学术界
4,工期
8,小时
7,运营
6,团体
6,代表团
5,充足
4,政治家
5,常会
4,作价
4,加拉加斯
5,预示
4,以高
6,深度
5,一开
5,最长
5,歧视
4,赶上
4,最重
4,废止
4,实绩
5,综合性
5,天津市
5,矿业
4,财源
4,七十年代
6,完整
5,贵州省
5,大类
5,国企改革
7,车辆
6,担忧
4,电价
5,偏低
6,分类
4,超常
4,盈亏
6,事业单位
3,价格合理
6,自主
6,一体化
4,预测值
4,不振
7,纠纷
6,首脑
5,丢失
6,注册
4,装配
4,可达到
4,交织
5,输入
5,步骤
6,借贷
3,技术贸易
3,创新者
5,吃饭
4,能耗
6,持平
5,封闭
5,中等
4,发行量
5,经典
4,外埠
6,降幅
5,剥夺
6,打开
4,整体而言
4,举债
5,英语
6,出于
4,诚如
5,商标
5,台阶
5,分离
6,选举
3,封建主义
3,塑胶制品
5,暗示
3,生铁
3,呈明
4,技师
4,有希
3,航空业
3,制品业
5,大连
4,门类
3,套间
3,伯克利分校
6,舆论
4,紧迫感
4,主编
4,功不可没
6,湖北
5,精英
5,跨越
8,出台
4,大战
5,无需
6,人次
6,济南市
5,困
6,免费
4,澳大
4,坚信
5,试验区
5,投票
5,土壤
4,五金
4,台新
4,民主党
3,家庭用
3,别下
3,内燃机
5,中部
5,颁发
5,终结
5,客车
4,中止
4,丑闻
4,加工业
7,斗争
5,难点
5,竟是
4,约翰
4,欲望
4,药方
3,财会
3,管理职能
3,全面性
6,焦点
6,一道
3,口区
5,气氛
9,房价
4,阿尔及利亚
4,依存
4,隐忧
4,原定
5,宣称
4,产物
3,阿国
6,税法
5,一面
5,前列
3,武钢
3,低质
4,棘手
4,何方
3,输出国
3,美国联邦储备委员会
3,印尼盾
3,化纤
6,测试
5,不予
6,场所
6,性质
3,电子行业
3,大藏省
3,中低档
4,排序
4,公共事业
3,劳动部门
5,最初
4,筹措
5,毕竟
5,人事
4,边际
4,有意识
4,崩盘
4,学界
4,增产
4,叫做
6,飞机
3,门路
3,破土动工
5,办好
3,合作经营
4,政策性银行
4,人口老龄化
4,专营
7,下午
5,供应商
6,命运
4,现价
5,不当
4,繁琐
6,遭遇
4,白菜
5,研制
5,愿望
4,避开
6,收益率
5,表述
3,羊毛衫
3,村办
4,代理商
4,生活方式
4,收缩
3,象征性
3,无利可图
3,技术引进
3,同发
3,副产品
7,女士
5,走出去
5,新能源
3,规律性
3,港商
3,月成立
4,倍增
5,互利
6,获悉
5,全民
4,竞选
6,证实
6,装备
5,明白
7,违反
4,赢家
4,营业额
6,损害
6,毕业
4,消灭
4,综述
3,经不起
3,积极行动
3,孟子
5,前进
4,数学
4,家用
3,先富
5,不小
5,索尼
4,社会生活
4,经济师
4,比年
4,制衡
8,住宅
4,地球
3,东帝汶
5,赚钱
5,中指
4,转折点
4,推动力
4,天空
5,苏州
5,第六
5,为人
4,力大
4,事态
7,司法
6,委托
4,过时
4,耐用品
3,台资
5,事宜
8,习近平
3,税务所
3,松散
3,尘埃
3,后来者
4,锐减
4,总和
5,贵阳
4,金钱
4,幼稚
4,隆重
4,消费税
5,起飞
4,需求量
3,迟缓
3,负效应
3,待业
3,国家税务局
6,证据
5,心里
4,归纳
4,阿联酋
4,平顶山
4,判定
4,联合国教科文组织
4,犹豫
4,激化
4,源泉
4,合理性
3,推论
3,恶果
5,宪法
5,可谓
3,家电产品
3,国有制
5,外国人
5,不动产
4,蕴含
4,八年
4,不计
5,有权
4,自豪
4,立群
3,立足点
4,裁减
5,大师
4,妥协
4,在城镇
4,办实事
4,临时工
5,对应
3,高技
3,预算案
3,皮鞋
3,牛津大学
4,立新
4,生机
4,帝国
5,定于
5,航天
3,港府
3,波罗
3,危机感
3,信息部
4,结对
4,屏障
5,指定
4,束缚
4,天山
4,先导
5,包含
4,投资机构
5,边界
4,中性
4,攸关
5,适时
3,国能
5,郑州
5,敏感
4,解体
4,投资机会
3,技术产品
5,双边
5,耕地
4,华尔街
5,非洲
6,委员
4,政治经济
6,地块
4,不均
6,沟通
4,萨尔瓦多
5,知名
4,卷入
4,举例
5,不清
5,面前
3,重提
3,标牌
3,于两个
4,电器
4,年的发展
4,好消息
5,不在
6,讲话
5,诉求
4,强制性
3,时局
4,必要性
4,在岗
4,回流
3,邪恶
6,回应
6,回暖
5,到来
4,治理结构
5,听到
5,伴随
4,来都
4,抛弃
4,三家
3,年同
5,议题
3,冒雨
3,预想
3,负数
3,香港特区
3,剑桥
3,乘数
3,中转站
4,赞扬
4,常好
5,上级
4,订购
5,长官
4,工商部门
4,瑞典
4,原始
3,覆辙
3,如东
4,冒险
5,影响力
3,发展较快
4,阵营
5,党政
3,产量达到
4,轨迹
4,清华大学
4,法则
4,创出
4,波兰
3,诅咒
3,经贸往来
5,获利
4,雇员
4,免税
4,中文
3,奔走
3,不彰
5,尝试
3,国家计划
3,发展性
5,窗口
3,章节
3,治税
3,国家经贸委
4,西南
5,兄弟
4,保加利亚
5,前面
4,预见
4,能导
4,宝宝
4,民用
4,新材料
4,总会
4,十多
4,余年
4,些小
5,合计
8,西藏
5,授权
4,自主权
5,基本面
5,妥善
4,加一
5,级别
6,函数
3,外方
3,年产量
3,喻为
3,单靠
3,制定者
3,有赖
4,农业发展
5,舞台
3,良种
3,献计献策
3,工资福利
4,高风险
4,余家
4,相差
3,拉力
6,签署
4,零部件
3,高后
3,顶端
3,经济研究
3,火车头
3,抵销
3,引致
3,农业技术
4,专注
4,股份制
4,大户
4,博览会
5,签证
4,立起
4,第二届
4,九月
4,议员
4,有害
4,透过
4,日到
4,大使
3,森林覆盖率
4,低估
4,之多
3,丛生
3,每千
3,投资政策
3,商们
4,懂得
4,力求
5,首都
4,东西方
4,楼继伟
5,质疑
3,闲暇
3,致词
4,关乎
3,现正
3,亚于
5,办事
4,意志
4,不惜
4,时间表
4,交谈
4,挑选
4,年仅
4,嘻嘻
3,格尔
4,浮动
4,少于
3,观察家
3,石油化工
3,断定
3,截然不同
4,批发
4,货运
4,国产
4,南北
4,颇具
4,物种
4,误导
4,盘点
5,维修
4,名列
4,稳固
4,所致
4,中国科学院
3,适应性
3,咸阳市
3,到今
3,企业服务
5,移民
3,华声
3,中技
4,水电
4,与会者
5,不符
4,漫长
3,数位
3,悬殊
3,喜人
3,命脉
3,促进发展
4,阿尔巴尼亚
3,惊奇
4,物理
5,国际组织
4,私利
4,有如
7,学校
4,沈阳市
3,高利率
3,经济所
3,提要
3,戏剧性
3,作物
3,体制性
3,业服务
3,以开发
4,全国性
5,秘书长
4,房地产业
4,甘肃省
4,划转
3,政治学
4,重点项目
4,查验
4,忽略
3,拉美地区
4,市里
4,雪
4,容忍
3,悲惨
4,聘请
4,细致
4,倒闭
5,不及
4,在职
4,同于
3,统计学
3,沉浮
3,于我
4,上新
4,总计
4,面貌
4,下功夫
6,文件
3,落空
3,狂热
4,猜测
3,尼亚
3,逼迫
5,妇女
4,承接
3,居于
3,价格低
3,深圳经济特区
3,小规模
3,定型
5,日常
4,厂房
4,充实
4,重心
4,纲要
4,建起
4,蔬菜
4,强力
5,便利
3,集约型
3,一般说来
5,意外
5,国务委员
4,专访
4,不宜
3,雪上加霜
3,部长会议
3,研究人员
3,期货市场
3,办起
4,做起
4,专家学者
3,因果
5,隐患
3,种类繁多
3,常低
3,僵化
3,劳动部
4,时有
4,何在
3,驱使
3,初见成效
4,法令
4,足以
4,杀人
5,延伸
4,决定性
4,建筑材料
3,货物周转量
4,激进
6,宣传
4,建设工程
3,历史学家
3,渡过
3,民族主义
3,曾于
3,成倍
3,二氧化碳
4,通用
3,服务部
3,时调
3,代表处
4,来临
5,资格
4,政党
3,天生
4,附属
4,历程
4,行贿
4,实业
5,大学生
5,感谢
3,用电量
3,悬念
3,国立
3,听听
3,优胜者
4,地价
4,地处
3,补足
3,百分比
3,欠账
5,笔者
4,不良资产
3,第十二
3,挥霍
3,深知
3,样式
3,剧增
3,中德
7,书记
4,甘肃
4,受阻
3,饲养
3,五国
5,期待
5,阻力
4,企事业
4,三成
3,赞叹
3,性文化
5,逾期
4,实有
4,双向
4,交易所
3,跨入
3,税收收入
3,年分
3,外因
3,国门
4,党政机关
4,朝鲜
4,走到
5,思维
4,参照
3,来美
3,奋战
5,推荐
5,拒绝
4,我要
6,违纪
3,后退
3,谷物
3,九龙
3,阵痛
3,量比
3,效用
4,常大
3,发展观
5,案例
4,清醒
4,富有
3,老化
3,皮革
3,纯属
4,政策性
4,飙升
3,内销
4,马上
3,相关性
3,中中
3,新亚
3,定单
4,美联
4,保值
5,大会
3,资源丰富
3,生产效率
3,全局性
4,青睐
4,明星
4,入手
3,逆向
3,积聚
3,征兆
5,日报
3,里来
3,悠久
3,太少
3,国际标准
3,事例
3,第十一
4,流失
5,主权
5,条例
6,互惠
4,清朝
3,顽固
4,职能部门
4,有意
4,列为
3,起色
4,麻烦
3,秋天
3,应以
3,受益者
4,中日
3,瓦斯
4,响应
3,搁置
3,加工贸易
4,反对派
4,丢掉
5,尊重
4,一流
5,院长
3,欠债
3,高峰期
3,应根据
3,平等互利
3,以求
4,一代
3,罗斯
4,首届
3,产品市场
3,深陷
3,开阔
3,定局
4,广阔
4,宾馆
3,讲坛
3,自力更生
3,消费水平
3,十家
3,催化
3,近乎
4,迫切
4,董事
4,稳定性
4,下挫
3,松动
3,美英
3,制品
3,免于
3,北美自由贸易区
4,干事
3,驱动力
3,解困
3,生什
5,作风
3,领导者
3,就业问题
3,不喜欢
4,精力
3,金融企业
3,生产性
4,模糊
4,工地
4,盘活
3,投资类
3,个人利益
3,政府机关
3,专业知识
4,感动
4,伊拉克
3,给以
4,资助
4,线路
3,错位
4,壮大
5,放缓
5,公民
3,狭小
3,中高
4,带有
3,质量高
4,上表
3,秋季
3,业者
4,分布
3,硬化
3,流水线
3,特殊性
4,隐蔽
5,宽松
6,央行
4,声称
5,审查
3,极限
3,昂贵
3,各种各样
3,之本
3,下决心
4,推迟
3,戴维
4,办事处
3,天堂
3,工效
3,常高
5,研究院
3,跌到
3,谋利
3,格鲁
4,丹东
4,生效
3,院士
3,压低
5,身份
4,摘要
4,口岸
3,物耗
4,万个
3,陈旧
3,质量管理
3,技术服务
3,入水
4,降温
5,养老金
4,清洁
3,星期六
4,抽象
4,请问
3,五月
3,放进
3,其生
5,释放
3,欧洲共同体
3,普尔
3,新旧
4,港口
4,村里
4,形态
3,杰出
3,有数
3,优胜劣汰
4,外出
4,峰会
3,失效
5,协商
4,决不
3,战时
4,年金
3,节俭
3,秘诀
4,兼职
3,预定
4,敦促
3,换算
4,机器人
3,资金流
3,大豆
3,何才能
3,会创
3,减小
3,个人主义
4,余人
3,爱沙尼亚
3,姚依林
3,新政府
3,微利
4,购物
5,房子
3,难得
3,带给
3,国都
4,名称
4,公务
6,成交
4,药物
3,议论
3,基础建设
3,世人
3,获准
3,来这里
3,攻关
3,应从
3,工艺品
4,既有
5,老人
3,斯坦
5,优秀
3,计入
3,网络技术
3,有余
3,有趣
2,订货会
2,董秘
2,粘性
2,百货商店
2,洋浦
2,油菜籽
2,比国
2,每百
2,投资率
2,建材行业
2,工薪阶层
2,均达
2,商业部
2,单看
2,保税仓
2,于更加
2,上体
3,近代
4,金融服务
3,上得
3,职称
3,作废
3,而出
3,以理
3,为辅
3,加州
5,职务
4,参观
3,比利时
3,国际国内
4,乡村
3,相机
3,地县
3,合成
4,发起
3,本领
3,无线
3,拆借
3,大笔
4,异地
3,充当
3,台资企业
3,工种
4,所长
4,实验
4,撤销
3,技术成果
3,随之而来
4,照顾
4,及其他
4,安宁
4,赞同
4,宣扬
4,暴涨
3,差额
3,大庆
3,听众
3,调整期
3,珠江
4,不知
3,航线
3,提法
3,所知
4,示威
3,不来
4,创伤
4,月初
3,解散
3,增发
3,繁华
4,副总理
3,疑惑
3,服务项目
3,尽力
3,建树
3,首期
3,精简
3,矿山
2,理论界
2,杨青
2,得法
2,化工原料
2,入帐
2,一九九三年
3,置于
2,集体所有制
2,转产
2,臃肿
2,水泵
2,收割机
2,家电产业
2,公司制
2,元气
2,亚洲区
2,亏损面
2,严酷
3,钥匙
3,泛滥
3,威廉
3,就达
3,历史文化
4,人大
4,走进
3,贪婪
3,规模较大
3,民工
3,正处
4,多头
3,号召
4,考试
4,江西
4,可在
3,过渡期
3,网络化
3,结存
3,活期
3,丰厚
3,计价
3,拉脱维亚
3,南昌
4,情感
2,预防性
2,硅钢
2,温饱型
2,村农民
2,学英语
2,存款人
3,自私
3,富于
3,约合
4,连接
3,奇特
3,启发
3,同行业
3,列举
3,国际形势
4,结算
3,要好
3,派生
3,一成
4,南中国海
4,创建
3,说到底
3,犹如
3,开来
3,就业率
3,中信
4,认可
4,带头
4,依托
3,荔湾区
3,有约
3,展为
3,大军
4,省政府
4,询问
4,提交
4,万余
3,以经济
3,不透
4,税率
4,鉴定
6,平台
4,借款
3,外币
3,构思
3,先驱
4,海洋
3,婴儿
2,资深专家
2,本原
2,方都
2,寡头
2,国家税
3,想起
3,起伏
3,以法
2,集装箱码头
2,泥沼
2,待工
2,市场性
2,型材
2,入境旅游
6,中方
3,严密
4,编制
3,白宫
3,有色
4,核实
3,年利率
3,国家政策
3,主因
3,石头
5,教师
3,陷阱
3,贸促会
3,小城镇
3,再就业
3,之义
3,每一次
3,新车
3,当做
3,品类
4,跌至
2,约数
2,岗位责任制
2,定职
2,堤坝
2,劲松
3,毁灭性
3,取胜
3,华侨
3,李鹏说
3,利亚等
3,自救
3,终极
3,榜首
3,宏伟
4,营销
5,公告
4,路线
4,管理办法
3,管理者
4,莫斯科
3,相称
3,一跃
3,山区
4,跟踪
4,氛围
4,妈妈
3,扶贫工作
3,协议书
4,遵守
3,优异
3,印度人
3,地建
3,余种
3,专著
2,鸡西
2,这一下
2,路南
2,趋利
2,蒸蒸日上
2,臭水
2,胡佛
2,碰壁
2,生产厂
2,牌号
2,月台
2,文具
2,收音机
2,强盗
2,后起
2,区街
2,经济信息
2,工业厂房
2,商埠
2,包头市
2,通信网
2,福特公司
2,相对性
2,物质性
2,我倒
3,辞去
3,普遍性
3,扩充
3,在后
3,于一个
4,接触
3,联想
3,序幕
3,以期
3,交易市场
3,之久
5,房地产市场
2,金大中
2,蹂躏
2,日本公司
2,形同
2,利马
3,构造
3,多出
3,写道
3,隐藏
4,暴跌
3,大片
3,单个
3,水果
3,官场
3,结局
3,侧重
4,驱动
4,反馈
3,于一些
4,多元
3,部件
3,进出
3,中将
4,传递
4,迎来
2,走弯路
2,祸根
2,环宇
2,札记
2,寓于
2,分所
2,令人不安
3,自动化
3,科学化
3,尼加拉瓜
2,贪便宜
2,招商局蛇口工业区
2,投资企业
2,升得
2,中国贸促会
3,刊物
2,集团化
2,英格兰银行
2,涉外经济
2,本地化
2,待发
2,单产
3,用车
4,获奖
4,第七
2,相似性
2,电话网
2,新著
2,冗长
2,从商
4,年轻
3,风气
3,能来
3,直面
3,偏向
4,伟大
5,办理
4,大局
3,定性
3,主机
3,平方
2,电子电器
3,取缔
3,精神文明
4,安装
2,比下
3,大增
3,失误
3,强迫
4,前往
3,殊不知
3,主义者
3,创立
3,分流
3,上旬
4,监视
3,抱有
3,用品
3,意为
3,储存
4,同学
3,客人
4,分裂
2,澳门元
2,材料供应
2,扼制
2,巴里
2,供暖
2,棉纺
2,暴君
2,拉斯
2,张瑞
2,厂方
4,虚假
3,税款
3,研究成果
4,营造
5,执法
3,邓小平
3,教材
3,岛国
4,卫生
3,全美
4,买房
5,登记
2,忘却
2,大老
3,人中
3,拖拉机
2,水厂
2,最优化
2,总产
3,入股
3,幻想
3,失望
2,至大
2,耗能
2,汽车配件
2,标准时
2,我猜
2,总商会
2,失业者
2,加工制造
2,全票
3,候选人
3,致命
3,店铺
3,幸运
3,对称
2,益来
2,明证
2,外汇管制
3,罪恶
4,列入
3,沙市
3,促销
3,典范
4,树立
3,经纪人
3,迈向
3,灰色
3,捍卫
4,用人
3,理智
4,坚定
3,大米
3,热带
3,比尔
3,誉为
2,移动电话
2,有鉴
2,抵债
2,干起
2,信托投资公司
2,他地
3,澄清
3,乏力
3,环境污染
3,中东
3,差价
3,原理
3,人性
2,马哈
2,西和
2,儒教
3,重重
3,意在
3,完了
3,公立
4,受贿
3,突发
3,三通
3,温度
4,前期
3,大一
2,铁钉
2,赶制
2,招手
2,刺耳
2,原因分析
5,房屋
4,入市
2,高增
2,贸易部
2,明朗化
2,技术先进
2,产业经济
3,颇为
4,公共服务
3,感慨
3,常识
3,卖掉
3,交易量
3,网页
3,切都
3,交纳
3,大选
3,理论研究
2,鸦片
2,涌进
2,今次
2,人治
2,里程碑式
2,造船厂
2,政治系
2,周知
3,中断
4,利好
3,议会
3,次数
3,兼顾
3,动物
4,毕业生
3,纽带
3,国王
3,发展方向
2,惜贷
2,商可以
3,付款
3,第一届
3,更具
3,新开
3,价位
3,老式
3,装置
3,来源于
3,像是
3,代表性
4,监测
3,观看
3,小林
3,磋商
3,大关
3,下列
2,麻省
2,骨干网
2,照抄
2,火电厂
2,布雷顿
2,于一
3,征集
3,会通
2,务所
3,管理模式
3,宝贵
3,发给
2,范式
2,美国联邦政府
2,正像
2,机电产品
2,早先
2,技术指导
2,国际清算银行
2,剩余劳动力
3,首相
4,企图
3,跨行业
2,特大型
2,帮助它
2,分散化
3,压制
2,自控
2,美国耶鲁大学
2,烧掉
2,填空
2,赖特
2,论及
2,西方经济
2,法郎
2,巴拉圭
2,威拉
3,考量
3,宽广
3,力气
3,兴国
3,任教
3,超级大国
3,个人所得税
3,种类
3,排队
3,减速
2,金宝
5,犯罪
3,题目
3,六年
2,立法委员
2,有法不依
2,不容置疑
3,兑现
3,不减
3,座椅
3,军费
4,暴力
2,生存权
2,概要
2,愚蠢
2,学术研究
2,即使如此
2,南美洲
2,代表会
2,中国地区
2,严峻性
3,选出
3,立于
3,之称
3,率高
3,模拟
3,抛售
3,条约
2,市场调节
3,拨款
3,得分
3,区域性
3,公式
2,金融保险
2,趋好
2,蓄积量
2,绝境
2,经济影响
2,经济分析
2,真经
2,求好
2,技术市场
2,合营
2,加温
3,无锡
4,兴趣
3,谈谈
2,经理层
2,明镜
3,转入
3,上浮
2,陈光明
2,绝招
2,中通
4,继承
3,再现
3,自信
4,山西
3,微波
4,占比
3,抵达
2,走俏
2,终审权
2,繁盛
2,手艺
2,成吨
3,增值税
2,阿巴
2,控制力
3,楼面
3,好评
3,前三
3,贵族
4,举措
2,相左
2,替代性
2,大批量
2,商品经济
3,辉煌
3,联合会
3,车型
3,筹资
2,重罚
2,纳税户
2,海南省委
2,挖潜
2,招数
2,截稿
2,任其
2,算数
2,由小到大
2,备品
2,制鞋
2,于总
3,北部
3,西班牙
3,对照
3,发展规划
3,同行
3,黑龙江省
5,负责人
2,北仑区
3,输出
3,新进
3,总公司
3,垂直
3,传输
3,举动
4,财产
3,拉开
2,高尔夫球场
2,生产设备
2,渊源
2,扩大会
2,急切
2,工贸
2,能级
2,磨损
3,户籍制度
4,高校
3,缺点
3,回避
3,中包
2,路来
2,终身制
2,积弊
2,沦落
2,抱持
2,执政者
2,成一种
2,平价
2,债权国
2,企业化
2,人口数
2,中工
3,年率
3,复制
2,饼干
4,区间
3,记忆
3,潮流
3,临近
2,酒会
2,罐头
2,信业
4,老师
3,热度
3,在外
3,乌拉圭
3,供电
4,担任
3,骚乱
2,遮羞布
2,胜过
2,成套设备
2,并非如此
3,水利
3,断裂
4,治安
3,尤为
2,毫不犹豫
2,多亏
2,刺眼
2,调查队
3,手法
3,地带
4,统筹
2,鞋帽
2,输家
2,紫光阁
2,相符合
2,想像
2,前兆
3,论述
3,高价
3,培训班
2,转制
2,血浆
2,印染
2,余缺
3,地域
3,码头
2,衰败
2,结案率
2,商榷
2,低潮
2,跟班
3,高层次
3,四成
3,阵容
3,信赖
3,经营者
3,招生
2,盛产
2,撒哈拉
2,史学家
2,关于新
3,不算
2,参考价
2,获美国
2,电脑化
2,一浪
2,靠拢
2,难堪
2,申请量
2,汽车厂
2,林肯
2,挤兑
2,工业部门
2,自下而上
2,诉苦
2,挤进
3,滋生
3,区分
2,管它
2,法可能
2,宝称
3,船舶
3,十佳
3,离不开
3,心脏
3,模范
3,反响
2,新加坡政府
3,柬埔寨
3,多样化
2,热门话题
3,第八
3,不忘
3,留在
3,拟定
3,南宁
3,爆炸
3,肉类
2,麻木
2,笼统
2,大工
2,单调
2,五十年代
3,勇敢
3,讲座
3,权限
2,咨询顾问
3,痛苦
2,趋同
2,见效快
3,饭店
3,第二次世界大战
2,饿死
2,意指
2,制冷
2,代销
2,评说
2,混淆
2,时值
3,将军
2,鞍山市
3,疯狂
3,人工
3,自愿
2,士学位
2,依赖性
3,还款
3,学位
3,闲置
3,研究报告
2,软环境
2,战略决策
2,小商品
2,天真
2,北京分行
3,认证
3,放心
3,专用
3,下达
2,雄心勃勃
2,走人
2,由此看来
2,扩股
2,很难说
2,切可
2,包头
3,终身
3,尴尬
3,专业化
2,淡去
3,意向
2,走下坡路
2,火柴
2,合体
2,史学界
3,真相
2,里拉
2,必然性
2,媲美
2,赖以
2,统治者
2,大庆油田
2,于受
3,长安
2,搞清楚
3,巴拿马
3,右翼
3,司长
2,罚息
2,珠宝商
2,投资贸易
2,家信
2,国基
2,同大
3,涌现
3,本土
3,余名
3,三中全会
2,献出
2,享年
2,个信
3,记得
3,实用
3,样板
2,麦当劳
2,贸易公司
2,行家
2,偿债能力
2,于零
3,乱收费
3,山西省
3,龙头
3,视野
2,购置税
2,绕过
2,小子
2,口供
2,来自台湾
2,明文规定
2,待续
2,哈佛
3,经营权
3,周刊
2,附加费
2,求新
2,殃及
2,欧盟统计局
2,暴富
2,图景
2,升级换代
2,一席之地
2,当心
2,经济合作与发展组织
2,由来
2,灵通
2,刹住
2,乘机
2,纺织服装
2,两亿
3,恶劣
3,对立
2,按揭贷款
2,原价
2,驰骋
2,如电
3,伦理
3,大桥
2,达尔文
2,网络股
2,给定
2,测试仪
2,普林斯顿大学
2,展示会
2,怨恨
3,关联
2,经变
2,气力
2,分利
2,何处
2,金矿
2,市场信息
2,内因
2,主导权
3,测算
2,同起
2,兴旺
2,于两
3,不幸
2,蔓延到
3,跟着
3,没收
2,洪都拉斯
2,拉曼
2,技术交流
2,哈利法
2,卡塔
2,文莱
2,免受
2,供销
3,提问
3,回国
2,管工
2,游说
2,取决
2,住客
2,从未有过
4,总书记
3,涵盖
3,全局
2,进校
2,多寡
2,分有
2,借债
2,起源
3,管理工作
3,税费
2,社会学家
2,丢弃
3,失灵
2,地面站
2,特别关注
2,爱尔兰
2,本土化
2,新闻社
2,哥斯达黎加
3,营业税
3,变更
2,港澳地区
2,第一流
2,科学基金
2,涵义
4,品牌
2,胡志明
3,便宜
3,吉林省
2,变小
2,万次
2,深渊
2,家电行业
2,喘息
2,农田水利
3,助理
2,东南亚地区
2,金虎
2,塑料制品
2,刀刃
2,乳腺癌
3,服务中心
3,开创
3,内蒙古
2,税务局
2,导火索
2,发言权
2,报数
3,人有
2,退化
2,出乎
2,一包
3,白皮书
3,武器
3,工作组
3,古老
2,连日
3,力争
2,查尔斯
3,截止
2,称道
2,享有盛誉
2,争论不休
2,马拉松
2,轻型
2,等同
2,有钱人
2,日第
2,工作机会
2,定律
2,大字
2,出人意料
3,责任制
2,称谓
2,起因
2,患上
2,产业界
3,主力
2,转存
2,管理学院
3,总价
3,展现
3,概率
3,在建
2,零利率
2,降临
2,邻近
2,科威特
2,建业
2,子弟
3,想到
2,环境生态
2,森林资源
2,吸引人
2,谋私
2,雨露
2,美洲
2,欠佳
3,免征
3,英国政府
3,社论
2,面孔
3,医疗保险
2,猛涨
2,尔等
5,案件
2,葛兰素
2,史克
3,自贸区
3,征税
3,传送
2,互补性
3,投资基金
2,钞票
2,胜负
2,好戏
2,勉励
2,催化剂
2,黑社会
3,商品价格
3,目录
3,大跌
3,上班
2,获益匪浅
2,抛开
2,国家图书馆
3,之际
2,毁灭
2,提炼
2,手头
2,底层
3,高点
3,红利
2,落幕
2,立国
2,生活服务
2,演化
2,浮躁
2,排挤
2,抵触
2,抗争
2,受困
2,例证
2,价格战
2,枪械
3,论文
2,非市场
2,钱来
2,损耗
2,小看
2,信息流
2,夏斌
2,蜕变
2,度量
2,时间段
2,千家
2,减退
2,偷税
2,在乎
2,集中地
3,衔接
3,收据
2,贪恋
3,合适
2,电视网
2,托马斯
3,常用
28,胡鞍钢
2,能者
2,无误
2,压倒
2,质量监督
2,坏事
2,升迁
2,红外线
3,研究会
3,每一
3,任职
2,新款
2,分销
2,高超
2,高到
2,车等
2,融资方式
2,境况
2,出厂价
2,内幕交易
2,关于第
3,顶
2,闭塞
2,衰落
2,组装
2,协力
3,联动
3,马克思主义
2,攀枝花
2,国务
2,傲慢
2,土地使用
2,勤政
3,给出
3,回忆
2,随意性
2,退税
2,诱因
2,演进
2,排放量
2,扫清
2,头疼
2,前所
2,下设
2,偶然性
3,验证
3,部副
4,声明
2,面向世界
2,银行业务
2,求和
2,应如何
2,保税
2,低到
3,所属
2,坚称
2,马来
2,福山
2,制造者
2,赞誉
2,美国市场
2,无知
2,其成
2,不保
3,分级
3,商家
2,高效益
2,五十年
3,上调
2,长起
2,范例
2,翻版
2,粗放式
2,等高
2,班组
2,快慢
2,大新
2,舞厅
2,真地
3,劳动者
2,货运量
2,淹没
2,易于
2,国际机场
2,受众
3,物品
3,家族
2,设卡
2,长途
2,法通
2,抽调
2,小汽车
2,出境旅游
3,检测
2,营利性
2,收归
2,点心
2,正比
3,外界
2,泊位
2,未知
2,呼应
2,创优
2,买主
3,剂量
2,恭维
2,锻造
2,而定
2,煤气
2,并用
2,家庭生活
2,假日
2,破旧
2,用活
2,应和
2,发展期
2,医药企业
2,一进
2,蛋类
2,弗雷
3,走访
2,无序
2,得主
2,长征
2,配套服务
2,矿石
2,永不
2,倾听
2,一丝
2,佩服
2,油料
2,二○
3,人物
2,花旗
2,有史以来
2,星期五
2,无异
2,敏锐
2,出口退税
2,精良
2,唐山市
2,千禧
3,收紧
2,国际金融报
2,外经贸部
2,找上门
2,怨言
2,吸引到
3,出生
2,菲国
2,球员
2,让步
2,紧跟
2,粉尘
2,本省
2,布鲁塞尔
2,内可
2,他去
3,修订
2,反对党
2,诱人
2,议事日程
2,茶叶
2,电厂
2,可将
2,口味
2,马拉多纳
2,捷克斯洛伐克
3,会同
3,罚款
2,航空航天
2,张新
2,外溢
2,可说是
2,追随
2,献策
2,欠缺
2,换来
2,亚太区
2,丹麦
2,多种经营
2,一九九九年
3,鼓吹
3,平米
2,油漆
4,查处
2,沙特阿拉伯
2,决策权
2,废除
2,大公报
2,专卖店
2,顶住
2,时来
3,家里
2,问道
2,余件
2,阿布扎比
2,校办
2,药价
2,拥有量
3,收盘
2,清明
2,房山
2,洪水
2,明朗
2,运费
2,挫折
2,处境
2,地步
2,后进
2,应充
2,始建
2,咨询服务
2,凡事
2,不可逆转
2,法国政府
2,委内瑞拉
2,全球定位
2,标价
2,变数
2,六月
2,啤酒
2,一新
2,首脑会
3,河南
3,听取
3,申报
2,降低到
2,灯具
2,存贷
2,出卖
2,减去
3,晚上
2,无可
2,政府管理
2,新奇
2,慷慨
3,回归
2,铲除
2,控制权
2,生产基地
2,工人阶级
2,崇尚
2,介于
2,当面
3,全方位
2,集中到
2,活水
2,推断
2,担风险
2,上周末
2,讲学
2,科学管理
2,函授
2,仪表
2,海滩
3,新城
2,言论自由
3,手术
2,沉默
2,报废
2,上保
3,万套
3,副主席
3,年龄
2,中央空调
2,荣誉称号
2,注定
2,各行各业
2,卫生局
2,康地
2,债务国
3,欧亚
2,长期性
2,振奋
2,开工率
2,学到
2,送货
3,各界
2,闹市区
2,若想
2,分社
3,智能
2,通病
2,资历
2,盼望
2,多台
2,两个转变
2,服务公司
2,建一
2,交割
2,奶类
2,捷径
2,调制解调器
2,立陶宛
2,站稳
2,期权
2,国家行政学院
2,第３
2,应力
2,化妆品
2,赔钱
2,资产重组
2,暴风
2,年资
2,面子
2,洗衣粉
2,使用者
2,节节
2,自用
2,破题
2,水分
2,打交道
2,年两会
2,启用
3,共计
3,低点
3,中原
2,建构
2,防爆
2,狭窄
2,闻名
2,连连
2,服装厂
2,有志
2,料到
2,产品为
3,言论
3,身体
3,距离
2,远大
2,曙光
2,购买者
2,危害性
2,零件
2,资产负债
2,电子化
2,吃亏
2,于新
3,团队
2,退居
2,转业
2,开采
2,实录
3,回到
2,无形
2,轻重
2,词汇
2,自来水
2,机械设备
2,分析报告
2,亟需
3,协同
2,机理
2,于各个
2,上天
2,贩卖
2,议和
2,残酷
2,店里
2,不容忽视
3,武装
2,外交部长
3,训练
2,热闹
2,极地
2,全员
2,迁入
2,电机
2,灵敏
2,无线电
2,农贸市场
2,呼唤
3,股权
2,航空港
2,宽容
2,之旅
2,深水
2,技术标准
2,复原
2,可采
2,低等
2,一致性
2,应用软件
3,补偿
2,抢占
2,一环
2,一月
2,世界排名
2,科技教育
2,过电
2,聪明
2,侵蚀
2,新机
2,成型
2,地支
2,况且
2,会诊
2,不得已
2,辩护
2,震撼
2,描绘
2,痛快
2,渔业
2,法宝
2,规范性
2,能比
2,缓冲
2,成品
2,制高点
2,净额
2,中坚
2,不可或缺
2,售货员
3,街道
3,患者
3,幸福
2,科索沃
2,军火
2,迁徙
2,简介
2,气体
2,光纤
2,股票投资
2,报告书
2,水资源
2,昔日
2,爆满
2,腐朽
2,艾滋病
2,省区市
2,复杂性
2,跌落
2,移动通信
2,微薄
2,对公
2,卡号
2,产品开发
4,专项
2,电脑网络
2,素有
2,结案
2,遥远
2,参议院
2,南亚
2,民生银行
2,抽样
3,当选
2,反向
2,之声
3,四川
2,驻华
3,友好
2,图片展
2,曼谷
2,多平方米
3,审议
3,到位
2,讲究
2,乏味
2,蛇口
2,看清
2,并作
2,中资
3,披露
2,典礼
3,台海
2,比来
2,榜样
2,马力
2,过年
2,纽约时报
2,推移
2,惨重
2,调和
2,售后服务
3,出让
2,赶来
2,内蒙古自治区
2,三十年
2,被评
2,停顿
2,低劣
2,透明化
2,硬性
2,企业债
2,下有
2,非正式
2,毗邻
3,省级
2,光明日报
2,联合早报
2,突破性
2,科学性
2,再造
2,供养
2,限定
2,端倪
2,科研成果
2,商学院
2,入库
2,第７
3,比赛
2,高素质
2,利于
2,说好
2,重现
2,转折
2,能手
2,社区建设
2,政府服务
2,远距离
2,轴心
2,应变
2,好象
2,三代
2,基本法
2,薪水
2,汽车销售
2,广度
2,出局
2,物质文明
2,不无
2,爱好
2,日美
2,长点
2,耽误
2,求职者
2,交替
2,不降
2,儒家
2,遍及
2,胃口
2,应充分
2,哈尔滨市
2,布什
3,中介
2,证券公司
2,社会事业
2,摩根
2,从业者
2,一般性
2,编译
2,兴奋
2,越好
2,留给
2,华尔街日报
2,触发
2,服务性
2,日常工作
2,执行官
2,小觑
2,回旋
2,感召
2,思索
2,分权
2,摩托车
2,维系
2,精华
2,最高值
2,凤凰
2,中国证监会
2,中国工商银行
2,杂志社
2,破裂
2,有无
2,特级
2,广义
2,孤立
2,专业人员
2,地拉那
2,利用率
3,智慧
2,财政部门
2,富人
2,一关
2,见解
2,魔术
2,闭幕式
2,贝尔格莱德
2,周密
2,之源
2,跟不上
2,浮出
2,放权
2,后遗症
2,主力军
2,一条龙
2,科研单位
2,消肿
2,满意度
2,扎耶德
2,诱发
2,于自己
2,运营商
2,零售业
2,还好
2,流血
2,常小
2,加明
2,中立
2,试探
2,午休
2,遗传
2,通向
2,狭隘
2,文盲
2,常抓不懈
2,天性
2,博爱
2,大卡
2,切莫
2,问卷
2,讽刺
2,辩证
2,政客
2,威力
3,市委
2,购物中心
2,隧道
2,时日
2,复合
2,不争
2,攀登
3,立场
3,用地
2,入学率
2,令人瞩目
2,过户
2,克拉克
2,良机
2,经营范围
2,正向
2,搬到
2,十字
3,规矩
2,西北
2,同情
3,湖南
2,黄金周
2,纯收入
2,持续性
2,专员
3,职责
2,开封
3,低位
2,算了
2,灵活性
2,公私
2,不解
2,不懈
2,集中供热
3,互联
2,经贸合作
2,日中
2,保健
2,瓣膜
2,重量
2,药业
2,治愈
2,政策法规
2,微型
2,封顶
2,新星
2,加坡
3,文明
2,扰乱
2,依法行政
2,牺牲品
2,载入
2,支柱产业
2,报表
2,三角
2,动机
3,来到
2,缺位
4,加息
2,工程技术
2,前述
2,为公司
2,三月
3,欺骗
2,持枪
2,金山
2,突破口
2,想想
2,商机
2,研究者
2,高一
2,干什么
2,战备
2,文凭
2,十五年
2,灾害
2,对华
2,时至今日
2,大海
2,凯歌
2,空转
2,最基本
2,不尽
2,趋势性
2,容纳
2,全都
2,买车
2,流动人口
2,飞跃
2,营养
2,审视
2,始于
2,周期性
2,低速
3,对话
2,吃惊
2,踢球
2,赞助
2,税收政策
2,碎片
2,连续性
2,活动中心
2,形形色色
2,月薪
2,数目
2,推开
2,大发
2,颜色
2,可行性
2,客运
2,长相
2,苦难
2,汉城
2,华南
2,童鞋
2,扫除
2,党的建设
2,过关
2,美国联邦
2,瞩目
2,废纸
2,荒谬
2,游离
2,降级
2,行业发展
2,型号
2,困局
2,运货
2,奉献
2,迟到
2,聘任
2,诱导
2,明晰
2,初衷
2,仓储
2,上起
2,多条
2,罢工
2,挤占
2,二楼
2,天然气
2,火车
2,变量
2,合格率
2,亦即
2,社团
2,蜡烛
2,制造厂
2,野蛮
2,追赶
2,归根
2,工会组织
2,大厂
2,咖啡
2,马车
2,并轨
2,万台
2,税费改革
2,环城
2,责任心
2,烟台市
2,脚步
2,停工
2,占优势
2,伤残人
2,时装
2,年收入
2,厨房
2,传达
2,考评
2,深深
2,开发工作
2,初始
3,表演
2,指派
2,许诺
2,到会
2,撤离
2,蓝图
2,新发
2,电磁
2,荣获
2,职员
2,种子
2,地理位置
2,随便
2,较差
2,情景
2,分担
2,共性
2,不必要
2,美观
2,累积
2,根基
2,数年
2,小小
2,南部
2,限价
2,来往
2,媒介
2,妨碍
2,场面
2,幻觉
2,撰写
2,偏远
2,任命
2,齐全
2,归属
2,两成
2,繁重
2,淡化
2,如一
2,裁判
2,遗留
2,致力
2,百人
2,印证
2,军工
2,林业
2,改革举措
2,徐家汇
2,进军
2,经常性
2,拖延
2,双赢
3,购房
2,美国劳工部
2,财政厅
2,来华
2,日均
2,三地
2,七月
2,覆盖率
2,缩影
2,地理
2,命名
2,动手
2,二名
2,上百
2,反转
2,挤压
2,走弱
2,研究室
2,服务工作
2,撰文
2,不通
2,赌博
2,于此
2,背离
2,讨论会
2,激增
2,前十
2,撤退
2,三军
2,还贷
2,社会化
2,回报率
2,不住
2,酝酿
2,宣告
2,蓝色
2,频道
2,雇主
2,说起
2,分成
2,来电
2,牢固
2,钱包
2,虚拟
2,受限
2,中海
2,违背
2,视察
2,涨跌
2,俱乐部
2,迈进
2,单项
2,效能
2,奇怪
2,催生
2,享受到
2,辛勤
2,掩护
2,类别
2,突击
2,送来
2,海口
2,景象
2,联谊会
2,点滴
2,求实
2,牌照
2,生于
2,深厚
2,水面
2,新鲜
2,合伙人
2,福祉
2,资本家
2,辅助
2,星期
2,恐慌
2,得了
2,归还
2,中国银行
2,简讯
2,眼球
2,服务机构
2,姿态
2,失业保险
2,出发点
2,不顾
2,万家
2,共产主义
2,界限
2,收敛
2,出入境
2,老龄化
2,邮件
2,三轮
2,鞍山
2,一文
2,资产阶级
2,彩色
2,还给
2,标识
2,保密
2,注销
2,院校
2,得来
2,禁令
2,有时候
2,指令
2,办成
2,空中
2,制剂
2,艰苦
2,白领
2,有效性
2,支持者
2,同业
2,远离
2,处以
2,入选
2,投资合作
2,中亚
2,经济建设
2,百年
2,成年人
2,奴隶
2,夏利
2,造假
2,便利化
2,里外
2,样子
2,目光
2,海南省
2,开会
2,可用
2,发到
2,分会
2,进城
2,国库
2,发文
2,北方
2,幸免
2,并能
2,审慎
2,通路
2,至此
2,所有权
2,异议
2,明珠
2,个部
2,医疗卫生
2,国人
2,架构
2,贫血
2,贫困地区
2,基点
2,调度
2,辽宁省
2,直属
2,区政府
2,海湾
2,汽油
2,无限
2,当作
2,含有
2,信箱
2,逝世
2,不该
2,热门
2,核准
2,好坏
2,到期
2,列车
2,管道
2,勇气
2,上报
2,节制
2,华人
2,设有
2,特大
2,数千
2,军方
2,单价
2,样品
2,部位
2,容量
2,送给
2,虚报
2,密码
2,红包
2,江西省
2,三条
2,前夕
2,侵袭
2,杜绝
2,限于
2,诊断
2,清河
2,墨西哥城
2,世上
2,不理
2,计委
2,学费
2,从小
2,须要
2,内心
2,人民大会堂
2,远东
2,销毁
2,收人
2,桥梁
2,鱼类
2,受灾
2,负有
2,实验室
2,定制
2,中都
2,责任感
2,同年
2,有钱
2,意图
2,上限
2,款项
2,何时
2,战胜
2,以南
2,本科
2,洛阳
2,摆在
2,债权人
2,修复
2,凌晨
2,筹备
2,实物
2,匹配
2,业界
2,军备
2,全过程
2,不许
2,欺诈
2,金牌
2,模块
2,来访
2,住房贷款
2,中小学
2,票价
2,下旬
2,建设性
2,传媒
2,研制出
2,制药厂
2,算是
2,用途
2,说道
2,流转
2,合格
2,职业教育
2,简称
2,宁夏
2,身高
2,人体
3,外长
2,畅通
2,地表
2,建设项目
2,风波
2,卢森堡
2,厕所
2,卫国战争
2,集聚
2,阐述
2,微机
2,占地面积
2,惩治腐败
2,个案
2,帮忙
2,全国政协
2,中西部
2,休息
2,绩效
2,创办
20,委员会制
2,大雨
2,大楼
2,交通运输
2,新闻网
2,直辖市
2,系统性
2,钢琴
2,黑暗
2,一波
2,竣工
2,购置
2,民意
2,实施方案
2,策划
2,四川省
2,另有
2,米长
2,青海
2,瑞士
2,人和
3,律师
2,机场
2,近年
2,眼睛
2,年期
2,公约
2,云南省
2,不法
2,副作用
2,民德
2,递交
2,标准化
3,男子
2,定点
2,一本
2,基督教
2,津贴
2,人身
2,不见
2,指示
2,衣着
2,载体
2,看着
2,进水
2,减免
2,低价
2,种植
2,河北省
2,北大
2,电视台
2,动向
2,初具规模
2,三等奖
2,管理部门
2,频率
2,套取
2,设定
2,离职
2,旗帜
2,浓厚
2,指责
2,美好
2,三名
2,通往
2,无理
2,揭开
2,优惠政策
2,升息
2,提及
2,剩下
2,昆明
2,就业市场
2,笑
2,打电话
2,肥皂
2,领土
2,工作会
2,辞职
2,条款
2,传导
2,使命
2,身份证
2,集团公司
2,进度
2,创意
2,解放军
2,学历
2,朝鲜半岛
2,有何
2,发票
2,出租
2,河南省
2,带领
2,小额
2,实习生
2,民企
2,感情
2,交给
2,出版物
2,女人
2,高压
2,结婚
2,大队
2,动能
2,心态
2,加紧
2,一次性
2,敌对
2,危险性
2,放宽
2,信用卡
2,作业
2,阳光
