1467,教育
1362,学校
1340,学生
1192,教师
595,发展
580,教学
460,社会
388,工作
357,学习
344,培养
317,孩子
287,国家
275,进行
271,课程
270,办学
269,建设
253,问题
234,素质
234,全国
230,人才
221,小学
205,要求
201,中国
198,中学
193,我国
192,实施
187,质量
186,家长
178,需要
178,能力
175,老师
171,思想
168,创新
167,知识
166,职业教育
166,实践
163,加强
162,重要
161,方面
160,条件
155,成为
153,组织
149,先进
148,过程
147,开展
145,生活
145,实现
143,高中
143,家庭
142,目标
142,实验
141,素质教育
139,具有
137,精神
137,毕业生
134,学科
132,校长
132,基础
132,单位
130,文化
130,技术
130,专业
129,高校
129,初中
128,重视
128,大学
126,坚持
125,北京
124,记者
124,优秀
123,结合
121,事业
120,提供
120,成绩
120,内容
119,校园
119,历史
117,社会主义
117,不断
116,中小学
115,科学
114,努力
113,研究
113,现代化
112,重点
112,作用
111,经验
111,水平
110,领导
109,主要
108,儿童
107,意识
106,这是
105,同志
105,制度
101,经济
101,标准
101,传统
100,人们
97,情况
97,德育
97,影响
96,环境
96,特色
96,得到
95,艺术
95,创造
94,道德
94,教育教学
94,关系
93,父母
93,专家
92,青年
91,年来
91,存在
91,培训
90,新华社
90,促进
89,转变
89,方式
88,工程
87,部门
87,认识
86,青少年
86,评价
86,规定
86,职业
86,地区
86,中心
85,适应
85,北京市
84,毕业
84,企业
83,目的
83,政府
83,信息
82,计算机
82,解决
81,观念
81,模式
80,贯彻
79,全校
79,全市
78,达到
78,上海
77,阶段
77,行为
77,艺术教育
76,第一
75,服务
75,今年
75,世界
74,指导
74,思想道德
74,发挥
74,关心
73,教材
73,形式
73,子女
73,包括
72,世纪
71,推进
71,实际
71,实行
70,良好
69,师生
69,学院
68,认真
68,考试
68,时间
68,力量
67,高级
67,责任
67,科技
67,在校学生
67,举办
66,成长
66,引导
65,综合
65,科研
65,理论
65,教室
65,健康
64,资源
64,英语
64,人格
64,为主
63,集体
63,统一
63,文明
63,教育改革
63,同学
63,体育
62,获得
62,本科
62,意见
61,系统
61,特点
61,江泽民
61,措施
61,年级
61,任务
60,强调
60,保证
59,爱国主义
59,比较
59,方法
59,教委
59,指出
59,实验室
59,地方
58,骨干
58,负责
58,结构
58,学会
58,办法
58,公德
57,计划
57,落实
57,理想
57,学历
57,大学生
57,农村
57,主体
56,规范
56,现有
56,探索
56,幼儿园
56,全体
56,体系
56,优势
56,交流
55,群众
55,突出
55,理念
55,欣赏
55,政治
55,共同
55,先后
55,作业
55,价值
54,贡献
54,课堂
54,基地
54,国家教委
53,项目
53,规划
53,民族
53,教授
53,帮助
53,尊重
52,面向
52,经费
52,注重
52,开设
52,完善
52,原则
51,鼓励
51,战略
51,很大
51,人民
50,训练
50,继续
50,机会
50,合作
50,主动
49,高等
49,选择
49,自由
49,拥有
49,手段
49,国际
48,面的
48,树立
48,材料
48,整体
48,多媒体
47,社会发展
47,现实
47,招生
47,平等
47,增强
46,能够
46,祖国
46,省级
46,深化
46,开发
46,干部
46,地位
46,升学
45,网络
45,竞争
45,比赛
45,普通
45,普及
45,明确
45,数学
45,教育科研
45,教师队伍
45,兴趣
45,中等
44,调查
44,评为
44,改变
44,意义
44,图书馆
44,了解
43,邓小平
43,进入
43,过去
43,联系
43,美国
43,理解
43,师范大学
43,少年
43,个性
42,进步
42,设计
42,状况
42,效益
42,成果
42,增加
42,劳动
42,决定
41,自主
41,育人
41,精神文明
41,机制
41,教育法
41,教职工
41,师资
41,多名
41,出现
41,儿子
41,介绍
41,之间
40,研究生
40,构建
40,国务院
40,困难
40,人类
40,人员
40,一流
39,高度
39,课题
39,自学
39,日本
39,录取
39,创办
39,入学
39,代表
39,东西
38,道德教育
38,现象
38,时期
38,时代
38,教学改革
38,增长
38,反映
38,关键
38,丰富
37,附属
37,重大
37,调整
37,校本
37,效果
37,承担
37,多种
37,变化
37,发生
37,业务
37,专任
36,设施
36,规模
36,第二
36,深入
36,李岚清
36,教育工作者
36,执行
36,成人
36,强化
36,城市
36,利益
36,产生
36,不足
35,需求
35,评估
35,沈阳
35,新型
35,教育部
35,教育技术
35,推动
35,学员
35,处理
35,分析
35,体制
35,优化
34,课堂教学
34,自觉
34,系列
34,竞赛
34,程度
34,普遍
34,方针
34,必要
34,小学生
34,外语
34,在校生
34,图书
34,体现
34,人生
34,习惯
33,高考
33,音乐
33,越来越
33,看到
33,心理
33,层次
33,委员会
33,全区
33,会议
33,人数
32,领域
32,课程改革
32,自然
32,确定
32,教改
32,教学工作
32,应试
32,应用
32,宣传
32,召开
32,发现
32,中央
31,转化
31,角度
31,表现
31,直接
31,检查
31,显著
31,教育方针
31,形势
31,建筑面积
31,就业
31,实际上
31,多个
31,在校
31,修养
30,资金
30,负担
30,设有
30,美术
30,特长
30,有效
30,教学班
30,授予
30,捐款
30,师范
30,品德
30,合理
30,合格
30,功能
30,办好
30,分配
30,中学生
29,设立
29,获奖
29,范围
29,缺乏
29,示范
29,知识分子
29,智慧
29,文章
29,教学模式
29,推广
29,投资
29,批准
29,成才
29,成功
29,成人教育
29,思想政治
29,安排
29,多人
29,全社
29,做到
29,人次
29,个体
29,一等奖
28,论文
28,联合
28,职工
28,纲要
28,确立
28,民办
28,每一
28,档案
28,核心
28,本校
28,已有
28,奖励
28,发表
28,体制改革
27,革命
27,面对
27,运用
27,贫困地区
27,责任感
27,行业
27,著名
27,职业学校
27,经济建设
27,班主任
27,状态
27,校风
27,有力
27,方向
27,报告
27,感到
27,思路
27,思维
27,建校
27,市场经济
27,市场
27,学校教育
27,奋斗
27,初步
27,全省
27,健全
27,人口
27,万人
26,阅览室
26,途径
26,资料
26,讨论
26,考虑
26,称号
26,生产
26,满足
26,深刻
26,政策
26,探究
26,座谈会
26,师资队伍
26,师德
26,对象
26,博士
26,出发
26,农业
26,具备
26,九年
26,中华民族
26,专题
25,设备
25,示范校
25,留学生
25,热爱
25,本质
25,方案
25,总结
25,总数
25,总书记
25,学者
25,原因
25,协调
25,劳动者
25,养成
25,严谨
24,配备
24,造成
24,还要
24,设置
24,讲话
24,独立
24,特级
24,正式
24,校舍
24,构成
24,教育发展
24,思考
24,年龄
24,年代
24,审美
24,主任
23,钢琴
23,费用
23,语文
23,证书
23,讲座
23,规律
23,自律
23,积极性
23,相关
23,电影
23,特殊
23,法律
23,沟通
23,有利于
23,文件
23,德育工作
23,带头人
23,巨大
23,宿舍
23,奉献
23,因素
23,品质
23,北师大
23,加快
23,办学特色
23,任教
23,书记
23,举行
22,高素质
22,集体主义
22,附中
22,荣获
22,组成
22,第三
22,研讨
22,环节
22,激发
22,民主
22,收费
22,推荐
22,扩大
22,成效
22,心
22,形象
22,建构
22,平均
22,密切
22,学期
22,国民
22,占地面积
22,占地
22,做法
22,亚太
22,乡镇
21,首都
21,面临
21,院士
21,道路
21,行动
21,肯定
21,维护
21,给予
21,用于
21,每一个
21,最大
21,日常
21,教育资源
21,教育行政
21,教学管理
21,改革开放
21,振兴
21,开放
21,建成
21,工人
21,家长学校
21,学府
21,大专
21,告诉
21,去年
21,党委
21,保护
21,人才培养
21,互动
21,中专
21,万元
20,食堂
20,队伍建设
20,队伍
20,输送
20,辅导
20,资格
20,证明
20,聘请
20,秩序
20,社会实践
20,硕士
20,爱国
20,正是
20,机关
20,明显
20,敬业
20,教育部门
20,教育学
20,教学活动
20,技能
20,年轻
20,平台
20,岗位
20,小组
20,客观
20,委员
20,吉林
20,准备
20,公司
20,余人
20,义务
20,中小学生
20,一名
19,青岛
19,锻炼
19,调动
19,课改
19,职称
19,网络教学
19,素材
19,电子
19,演员
19,欢迎
19,机遇
19,新生
19,教学内容
19,挑战
19,报道
19,忽视
19,开发区
19,学校现有
19,学到
19,学位
19,处于
19,团结
19,名师
19,只能
19,北京师范大学
19,化学
19,决策
19,公民
19,公共
19,优先
19,从小
19,从事
19,争取
19,主义
19,不够
19,一致
19,一世纪
18,高层次
18,陶冶
18,院校
18,起点
18,薄弱
18,职业培训
18,研究所
18,研究中心
18,生存
18,法国
18,氛围
18,比例
18,是由
18,教学方法
18,成员
18,思想教育
18,征求
18,开办
18,建有
18,座谈
18,幼儿
18,带来
18,师范院校
18,工具
18,山东省
18,多年
18,基层
18,培训中心
18,发扬
18,升学率
18,勤奋
18,动力
18,加拿大
18,主持人
18,为人
18,中考
18,下午
18,上述
17,集资
17,院长
17,附小
17,阅读
17,重点中学
17,配套
17,趋势
17,资助
17,语音室
17,评选
17,艰苦
17,经济发展
17,组成部分
17,纳入
17,纪律
17,精力
17,积累
17,热情
17,油田
17,来校
17,机构
17,新世纪
17,文化教育
17,教育局
17,教学楼
17,指导思想
17,所谓
17,懂得
17,感受
17,态度
17,弘扬
17,建筑
17,学费
17,失学
17,场所
17,各界
17,卫生
17,减负
17,全日制
17,做人
17,倡导
17,专利
16,高质量
16,面积
16,调研
16,说明
16,话题
16,试点
16,老区
16,统计
16,稳定
16,科研成果
16,确保
16,研究性
16,知名
16,相当
16,物理
16,演讲
16,渠道
16,淄博市
16,涌现
16,有所
16,教学设施
16,担任
16,广州市
16,定为
16,基金会
16,团体
16,呼唤
16,力度
16,前提
16,共建
16,入手
16,充满
16,人生观
16,义务教育法
16,中国人
16,中共中央
16,专用
16,下一代
15,高等院校
15,领导班子
15,雄厚
15,错误
15,适当
15,身体
15,超过
15,评比
15,行为规范
15,落成
15,获得者
15,统筹
15,结构合理
15,社会生活
15,硬件
15,申请
15,独生子女
15,物质
15,注意
15,模拟
15,校园网
15,权利
15,本科生
15,是从
15,无锡市
15,文化建设
15,数量
15,提倡
15,扎实
15,感情
15,总体
15,延安
15,工资
15,工业
15,奖学金
15,大连理工大学
15,外国
15,国情
15,合格率
15,又是
15,制订
15,减少
15,党中央
15,免费
15,光华
15,做起
15,信任
15,促使
15,体会
15,人士
15,享受
15,主题
15,主导
15,专业设置
15,一生
14,鹤壁
14,高水平
14,高新技术
14,首届
14,重点学科
14,进取
14,软件
14,走上
14,负责人
14,讲授
14,藏书
14,舞蹈
14,职责
14,继续教育
14,结束
14,简介
14,笔者
14,社区
14,矛盾
14,督导
14,监督
14,电脑
14,电教
14,生源
14,理性
14,特征
14,爱心
14,海淀区
14,浙江
14,活力
14,河南
14,毕全忠
14,概念
14,朝阳区
14,普通高中
14,既有
14,教育观
14,教科研
14,教研
14,教师教育
14,故事
14,择业
14,报名
14,情境
14,待遇
14,引进
14,开拓
14,应有
14,广州
14,布局
14,寻找
14,容易
14,完整
14,学校领导
14,学校管理
14,外籍
14,后进生
14,同步
14,反对
14,华南理工大学
14,北京大学
14,动手
14,办公室
14,创建
14,列入
14,列为
14,分数
14,农民
14,内涵
14,兴办
14,位于
14,二等奖
14,主管
14,中青年
14,不到
14,下降
14,上级
14,上海市
13,高尚
13,马克思主义
13,遵循
13,迫切
13,迅速
13,达标
13,辽宁省
13,较大
13,路子
13,课题研究
13,读书
13,视野
13,营造
13,考生
13,群体
13,编写
13,经营
13,经历
13,素养
13,符合
13,科学技术
13,相应
13,电视
13,由此
13,用人
13,生物
13,片面
13,爱护
13,激励
13,活跃
13,求实
13,校外
13,最近
13,日前
13,教职员工
13,授课
13,执法
13,情操
13,强大
13,师大
13,工作会
13,小时
13,导向
13,实用
13,实力
13,宏伟
13,坚定
13,在一起
13,回来
13,哲学
13,变革
13,反馈
13,博士生
13,北航
13,动摇
13,办成
13,副教授
13,副主任
13,前列
13,写作
13,公开
13,先生
13,信息化
13,保持
13,传授
13,伟大
13,上课
13,三年
13,一面
13,一门
13,一代
12,颁布
12,颁发
12,面貌
12,针对性
12,遵守
12,通讯员
12,选拔
12,进程
12,进修
12,运动场
12,载体
12,转向
12,财政
12,课时
12,读物
12,论述
12,记录
12,规范化
12,覆盖
12,行政
12,苹果
12,能手
12,美的
12,美好
12,网站
12,累计
12,空间
12,离不开
12,着眼
12,看法
12,生长
12,爸爸
12,烟台市
12,湖南
12,渴望
12,测试
12,气氛
12,根本性
12,杭州
12,智力
12,文盲
12,教育理论
12,教研室
12,教学研究
12,放在
12,摇篮
12,接班人
12,指标
12,扫除
12,战线
12,成就
12,心灵
12,微机
12,弊端
12,常规
12,师资力量
12,工作者
12,尝试
12,小学教育
12,导致
12,富有
12,实验班
12,实验学
12,宗旨
12,学术
12,学年
12,大楼
12,境界
12,基金
12,城乡
12,回答
12,呼吁
12,发布
12,历史性
12,勇于
12,创造性
12,公办
12,全方位
12,体验
12,优秀奖
12,任课
12,人才观
12,乱收费
12,书法
12,九中
12,不留
12,上学
12,三等奖
12,万余
11,齐全
11,限制
11,金牌
11,重要性
11,配有
11,部队
11,转轨
11,走进
11,走向
11,贫困
11,说是
11,评审
11,西藏
11,表演
11,自治区
11,自愿
11,职业高中
11,老同志
11,缺少
11,继承
11,科技教育
11,研究生院
11,眼光
11,省政府
11,电话
11,父亲
11,激烈
11,渗透
11,涉及
11,海外
11,活动课
11,水准
11,有着
11,最高
11,明了
11,无锡
11,文化活动
11,教育管理
11,教法
11,教学计划
11,教会
11,拓宽
11,承认
11,成人高校
11,必修课
11,心理学
11,德育教育
11,开学
11,山东
11,审美化
11,安徽
11,学历教育
11,学习者
11,孔子
11,妈妈
11,天津市
11,大型
11,地质
11,在职
11,国有企业
11,围绕
11,名校
11,合并
11,发达
11,参观
11,原理
11,压力
11,动态
11,前身
11,创设
11,内在
11,公布
11,先进校
11,依托
11,住房
11,传播
11,价值观
11,交往
11,书面
11,之路
11,主席
11,专科
11,上线
11,上来
11,万册
10,高一
10,验收
10,首位
10,风气
10,题目
10,青壮年
10,集团
10,选修课
10,退休
10,近日
10,走出
10,资产阶级
10,语言
10,试行
10,认定
10,觉得
10,观点
10,表达
10,街道
10,行列
10,获取
10,荣誉称号
10,节日
10,背景
10,联合办学
10,职务
10,编辑
10,练习题
10,纠正
10,筹建
10,科技工作
10,科学城
10,硕士学位
10,着力
10,相比
10,电视台
10,申报
10,班级
10,环境优美
10,献身
10,烟台
10,湖南省
10,湖北
10,注册
10,概括
10,校训
10,校园文化
10,有助于
10,有利
10,普通教育
10,教育界
10,教育家
10,教学成果
10,改进
10,支出
10,持续
10,批评
10,情趣
10,情景
10,情感
10,思中
10,建于
10,幸福
10,平民化
10,带动
10,师范教育
10,巩固
10,就读
10,对此
10,容纳
10,实质
10,学风
10,失去
10,大赛
10,大众
10,多样化
10,多元
10,外贸
10,复杂
10,备课
10,地处
10,国民经济
10,唯一
10,吸引
10,听课
10,听取
10,名列
10,可喜
10,变为
10,受过
10,受益
10,发言
10,发出
10,即墨
10,十年
10,决不
10,兼职
10,入学率
10,党员
10,充实
10,借鉴
10,余种
10,体育馆
10,位置
10,伦理道德
10,优异
10,企事业
10,以培养
10,人物
10,人文
10,人教
10,交给
10,事物
10,主体性
10,中小学校
10,中国科学院
10,个人利益
10,业余党校
10,世界银行
10,专职
10,不适
10,下来
10,上午
10,一贯制
9,鲁迅
9,高标准
9,首都师范大学
9,预备
9,面前
9,难度
9,陕西省
9,阵地
9,重庆
9,采访
9,邀请
9,适合
9,违法
9,运行
9,运动
9,辉煌
9,轨道
9,赏识
9,财富
9,调查研究
9,课本
9,认知
9,认可
9,角色
9,规格
9,观看
9,观察
9,西南
9,补充
9,英才
9,艺术节
9,脱离
9,职高
9,美育
9,美德
9,绿化
9,结论
9,组建
9,约束
9,等一
9,第一线
9,立足
9,空军
9,科学研究
9,祝贺
9,破产
9,研究成果
9,省市
9,现任
9,爱好
9,灵魂
9,深造
9,治校
9,江西
9,汇报
9,求知
9,正常
9,校对
9,栏目
9,来到
9,权威
9,本位
9,朋友
9,月份
9,暴力
9,智能
9,普通高校
9,显示
9,新颖
9,文凭
9,教案
9,教师培训
9,放弃
9,操场
9,探讨
9,报考
9,感觉
9,想到
9,情绪
9,总理
9,志愿
9,德尔
9,归档
9,师范学校
9,市长
9,差距
9,工农
9,展开
9,少先队员
9,少先队
9,少儿
9,小孩
9,导师
9,对策
9,容加金
9,审批
9,实验课
9,实验楼
9,娱乐
9,女生
9,头脑
9,大连市
9,大连
9,多层次
9,增设
9,基本权利
9,国际化
9,国有
9,回顾
9,喜欢
9,吉林省
9,台湾
9,可持续发展
9,取向
9,叔叔
9,南通
9,协助
9,区域
9,化为
9,动物
9,办起
9,办理
9,副主席
9,初一
9,创造力
9,减轻
9,减免
9,典型
9,共识
9,全国政协
9,全县
9,儿女
9,值得
9,倡议
9,以前
9,交谈
9,五年
9,互联网
9,书本
9,主观
9,丰台
9,中文
9,中一
9,专项
9,专款
9,不知
9,不利
9,不仅仅
9,上一
9,一线
9,一座
8,龙湖区
8,鹤壁市
8,香港
8,风景
8,音像
8,障碍
8,院系
8,重点大学
8,重复
8,道理
8,迷信
8,违反
8,质量监控
8,课程建设
8,课外活动
8,读者
8,评议
8,要素
8,西方
8,表明
8,落后
8,荣誉
8,英语口语
8,英文
8,艰巨
8,舒适
8,舆论
8,自学考试
8,肩负
8,职能
8,考入
8,美丽
8,绘画
8,类型
8,筹措
8,策略
8,科技创新
8,科学家
8,社会化
8,知识产权
8,真理
8,畅谈
8,理科
8,狠抓
8,状元
8,犯罪
8,熏陶
8,灌输
8,潜力
8,溺爱
8,清楚
8,混乱
8,消费
8,浙江省
8,济南
8,法制
8,治学
8,汨罗
8,江苏省
8,汉语
8,毛泽东
8,模糊
8,李鹏
8,权益
8,本性
8,期末
8,服从
8,智育
8,晋江市
8,是非
8,施教
8,方便
8,文艺
8,教风
8,教育网
8,教科书
8,教工
8,教学设计
8,教学设备
8,改为
8,损害
8,择校生
8,抽象
8,技巧
8,技工学校
8,所在
8,愿望
8,意志
8,愉快
8,恰当
8,恢复
8,影片
8,弥补
8,开阔
8,延续
8,座落在
8,应用性
8,常用
8,常常
8,带领
8,师范学院
8,市委
8,局面
8,尹鸿祝
8,小朋友
8,寄宿制
8,宏观
8,安全
8,学制
8,学业
8,媒体
8,奶奶
8,天文
8,大面积
8,夜大学
8,多功能
8,外国语
8,声誉
8,基础设施
8,基本原则
8,培训班
8,地方经济
8,地方政府
8,国家教育部
8,固定
8,团委
8,因材施教
8,回归
8,四川省
8,呈现
8,启示
8,启发
8,名誉
8,名牌
8,各行各业
8,受教育者
8,发展目标
8,发展战略
8,县委
8,即墨市
8,协作
8,升入
8,北大
8,前进
8,刊物
8,分布
8,分为
8,函授
8,出版社
8,准则
8,共享
8,共产主义
8,全民族
8,全新
8,全国优秀
8,党组织
8,党支部
8,先导
8,倾向
8,信念
8,作文
8,体校
8,代沟
8,人选
8,产业
8,交通大学
8,交通
8,事情
8,事件
8,主张
8,中央音乐学院
8,专家组
8,不行
8,不在
8,上去
8,一体
7,高教
7,高效
7,题词
7,预算
7,音乐学院
7,非理性
7,青年人
7,难题
7,鉴定
7,重任
7,部长
7,邓小平理论
7,遗憾
7,适度
7,进展
7,运动会
7,达标率
7,边缘
7,身心
7,跑道
7,趣味
7,超常
7,走访
7,贷款
7,财力
7,谈到
7,课题组
7,诞辰
7,试验
7,评定
7,设在
7,角落
7,视为
7,规则
7,襄樊
7,董事
7,节目
7,自觉性
7,罚款
7,编制
7,经济体制
7,红旗
7,精华
7,管理体制
7,签署
7,筹集
7,答案
7,等级
7,第五
7,窗口
7,称赞
7,种植
7,福建省
7,示范性
7,研讨会
7,研究会
7,着手
7,看作
7,相信
7,田径
7,生成
7,生产力
7,珍惜
7,现状
7,牢固
7,热心
7,澳大利亚
7,潜能
7,清晰
7,浪费
7,测验
7,法规
7,沈阳市
7,汤阴县
7,求学
7,永安
7,水果
7,武汉
7,步伐
7,正规
7,模范
7,榜样
7,校领导
7,校办
7,标准化
7,极端
7,杰出
7,朗诵
7,有限
7,替代
7,是不是
7,早期
7,无法
7,新人
7,文科
7,教育方
7,教育学院
7,教育体制
7,教育中心
7,教练
7,教研活动
7,教学科研
7,教学区
7,教务处
7,教务
7,效率
7,收获
7,摆在
7,提前
7,捐赠
7,报刊
7,扫盲
7,打字
7,所长
7,成熟
7,成果奖
7,想象
7,总分
7,性质
7,性格
7,徐匡迪
7,当好
7,开辟
7,建设者
7,广播
7,平山
7,工厂
7,工作量
7,尊师重教
7,对立
7,寄宿
7,宿舍楼
7,宣布
7,实效性
7,实效
7,完全中学
7,学生公寓
7,学校简介
7,学时
7,学堂
7,姿态
7,好孩子
7,奠基
7,奉献者
7,失败
7,失衡
7,天津
7,大纲
7,大声
7,多渠道
7,多方面
7,多元化
7,外部
7,外语教学
7,外地
7,复习资料
7,城镇
7,坐落
7,地理
7,在编
7,在学
7,在内
7,土地
7,园长
7,响应
7,命运
7,吴忠市
7,向上
7,同伴
7,合作项目
7,史上
7,可以通过
7,双语
7,友好
7,及其他
7,参谋
7,原有
7,历程
7,协会
7,北京景山学校
7,劳动模范
7,动员
7,功课
7,办有
7,办学形式
7,刻苦
7,判断
7,初三
7,创作
7,创业
7,分类
7,冶金
7,决心
7,写出
7,典礼
7,关照
7,公正
7,公寓
7,全民
7,入党
7,党委书记
7,克服
7,允许
7,保健
7,作风
7,作法
7,余名
7,伦理
7,仪式
7,以教育
7,以往
7,以为
7,令人
7,人和
7,产品
7,二天
7,事迹
7,书包
7,九州
7,主动性
7,中国工程院
7,中华人民共和国
7,中华
7,世界观
7,不要
7,不良
7,下达
7,下功夫
7,上网
7,三大
7,一轮
6,黑板
6,鸦片战争
6,高雅
6,高分
6,高低
6,风雨
6,风格
6,领先
6,预备班
6,音乐欣赏
6,面积约
6,青春期
6,阅览
6,闭路电视
6,门类
6,长远
6,遭遇
6,选取
6,适用
6,退还
6,退居
6,连锁店
6,迈进
6,辽宁
6,辅助
6,身教
6,路线
6,赢得
6,赞赏
6,赋予
6,谈不上
6,调查报告
6,课文
6,语言文学
6,试点学校
6,试卷
6,设施齐全
6,论证
6,讲解
6,讲师
6,议论
6,计算
6,言行
6,衡量
6,行政管理
6,著作
6,获悉
6,英国
6,艺术家
6,舞台
6,职业中学
6,缺失
6,绝不
6,结构调整
6,终身教育
6,终身
6,组织部
6,练习
6,紧迫
6,精湛
6,类似
6,篮球场
6,管理工作
6,立于
6,称职
6,科目
6,科技活动
6,私立
6,社会调查
6,社会性
6,礼堂
6,硕士生
6,短期
6,眼睛
6,看着
6,直辖市
6,直属
6,电子邮件
6,电化教学
6,生机
6,生命
6,理工
6,班车
6,牺牲
6,特定
6,爱生
6,照片
6,漂亮
6,淄博
6,海军
6,浙江师范大学
6,活泼
6,法制教育
6,江苏
6,汇编
6,毗邻
6,檀传宝
6,档案室
6,格局
6,校际
6,校园环境
6,标兵
6,杜威
6,李铁映
6,本部
6,期望
6,服装
6,有益
6,有用
6,有特色
6,有意识
6,最佳
6,旨在
6,无产阶级
6,新馆
6,新知
6,文字
6,文体
6,数据
6,数字
6,教育者
6,教育科
6,教育研究
6,教育特色
6,教育体系
6,教研成果
6,教导
6,教学系统
6,教学大纲
6,教学体系
6,改组
6,支撑
6,撰写
6,摆脱
6,捐出
6,指示
6,挂钩
6,担负
6,报告会
6,抓紧
6,扫盲班
6,扩建
6,才华
6,手续
6,所学
6,总面积
6,总队
6,急需
6,快速
6,快乐
6,微机室
6,录像
6,开创
6,延伸
6,座位
6,广阔
6,广西
6,幼儿教育
6,并有
6,并将
6,年度
6,年底
6,师生员工
6,布点
6,工学院
6,小平
6,小学部
6,小学校
6,小学教师
6,小事
6,尊严
6,寻求
6,对话
6,对外开放
6,家教
6,审查
6,实验校
6,实干
6,实习
6,定义
6,子弟
6,好评
6,好处
6,好事
6,奥林匹克
6,太原
6,天津大学
6,天下
6,大都
6,大庆市
6,大全
6,大会
6,多种多样
6,外教
6,外在
6,场地
6,四川
6,商品
6,唤起
6,和平
6,周末
6,听力
6,后进
6,名额
6,名字
6,同类
6,同一
6,合肥
6,合法
6,合作关系
6,可在
6,口语
6,发放
6,发动
6,反思
6,双向
6,县政府
6,卫星电视
6,博士后
6,南开大学
6,南京
6,华夏
6,升旗
6,十佳
6,十一月
6,区别
6,助学金
6,办学宗旨
6,力气
6,副总理
6,到位
6,初中部
6,分流
6,分校
6,出国
6,出台
6,冲击
6,内心
6,关怀
6,共产党
6,八十中
6,全过程
6,全国人大
6,党政
6,免试
6,信心
6,例子
6,住宿
6,伴随
6,会考
6,伙伴
6,企业家
6,仪器
6,人民教育出版社
6,享有
6,五线谱
6,于辉
6,争创
6,了解到
6,书籍
6,举措
6,主人
6,中高级
6,中学教育
6,中外
6,中共中央政治局
6,中共
6,业绩
6,不顾
6,不懂
6,不想
6,不平
6,不全
6,下面
6,下岗
6,三个代表
6,万名
6,一群
6,一体化
5,龙头
5,黄河
5,魅力
5,高速
5,高峰
5,高品位
5,高人
5,马德里
5,马克思
5,餐厅
5,题写
5,领导者
5,领会
5,预备生
5,音乐会
5,韩国
5,面向世界
5,青春
5,集成
5,陕北
5,附近
5,防止
5,问卷
5,长沙市
5,长江
5,鉴赏
5,金山
5,重点班
5,重在
5,部委
5,邻居
5,邵逸夫
5,选派
5,选出
5,送给
5,违背
5,远程教育
5,远景
5,远大
5,过来
5,过多
5,辛勤
5,轻视
5,转移
5,走读
5,赠送
5,资讯
5,资本
5,贯穿
5,贫困县
5,财产
5,负有
5,谱写
5,谈话
5,课业
5,诱导
5,语文课
5,诞生
5,讲台
5,警方
5,解释
5,规章制度
5,观摩
5,西部
5,装备
5,蓬勃
5,董事会
5,苦学
5,苗族
5,芭蕾舞
5,艺术欣赏
5,艺术团
5,致力于
5,至此
5,自费
5,自由化
5,自信心
5,自信
5,脱贫致富
5,背后
5,聘任
5,联合体
5,联入
5,羡慕
5,美学
5,网络系统
5,网络教室
5,网络技术
5,综合性
5,经济效益
5,经常性
5,组成员
5,红领巾
5,紧迫感
5,紧张
5,精心
5,精彩
5,管理模式
5,简称
5,第四
5,第二课堂
5,童年
5,竟是
5,突破口
5,科研项目
5,科学管理
5,福建
5,硕士点
5,研究型
5,研究员
5,石油大学
5,知识经济
5,着重
5,眼泪
5,眼前
5,省长
5,盈利
5,电教室
5,申请人
5,生理
5,生命线
5,琴房
5,王老师
5,狭隘
5,独特
5,犯罪率
5,特长生
5,特色教育
5,物质文明
5,照顾
5,热点
5,潘浩翰
5,潍坊市
5,满意
5,游泳
5,清华大学
5,深厚
5,深切
5,淡化
5,涉及到
5,海洋
5,浓厚
5,流动站
5,流动
5,津贴
5,法则
5,治教
5,汽车
5,汪某
5,气息
5,民办学校
5,死记硬背
5,步骤
5,模型
5,概况
5,校方
5,校友
5,校区
5,查阅
5,来信
5,期刊
5,最基本
5,普高
5,普通话
5,晚上
5,显得
5,星海
5,明白
5,时有
5,旗帜
5,新鲜
5,新技术
5,新局面
5,新加坡
5,新中国
5,文化生活
5,文化学
5,教给
5,教科
5,教学任务
5,改制
5,收藏
5,收入
5,援建
5,推销
5,担心
5,报告厅
5,投影仪
5,技术培训
5,承诺
5,承办
5,执教
5,所属
5,我要
5,成人中专
5,感性
5,总量
5,总经理
5,总校
5,志向
5,必考
5,心理健康
5,心愿
5,德智体
5,得自
5,律师
5,录像带
5,当作
5,归纳
5,强迫
5,弱点
5,开通
5,开放教育
5,建起
5,庸俗
5,并举
5,年时
5,年成
5,干扰
5,干什么
5,帮教
5,市民
5,差异
5,工读教育
5,工程师
5,岗位培训
5,山区
5,展览
5,展现
5,就餐
5,对待
5,对外交流
5,实验区
5,实事
5,定位
5,官员
5,学校特色
5,学校建设
5,学子
5,学习能力
5,娃娃
5,女子
5,女儿
5,太极拳
5,大陆
5,大连大学
5,大地
5,大厦
5,夜校
5,复旦大学
5,复旦
5,备课室
5,壮观
5,增多
5,基础知识
5,基本功
5,在线
5,图画
5,图书资料
5,国务院法制办
5,团支部
5,四人
5,四中
5,善于
5,咨询
5,启蒙
5,同等
5,合肥市
5,吃惊
5,号召
5,另有
5,口号
5,变迁
5,发明人
5,发明
5,发掘
5,发展规划
5,双方
5,参考
5,危机
5,博士点
5,卓立
5,十名
5,医院
5,北京师大
5,北京市教委
5,劳技
5,动机
5,务实
5,办事
5,前途
5,前所未有
5,前夕
5,到新
5,初等
5,创新型
5,分子
5,出路
5,出发点
5,凝聚力
5,决议
5,农大
5,军校
5,养育
5,共产党员
5,公约
5,公元
5,全国重点
5,党政领导
5,光明
5,儿歌
5,倡议书
5,例会
5,使命感
5,佛山市
5,体育课
5,会见
5,会同
5,优越
5,优美
5,优惠
5,仪器设备
5,令人瞩目
5,代表团
5,从人
5,从严
5,人际关系
5,人民币
5,人本位
5,亲友
5,京剧
5,产物
5,交换
5,五十年
5,于此
5,于个人
5,事故
5,事实上
5,事实
5,事务
5,事例
5,书库
5,乡镇企业
5,乡村
5,九十年代
5,乐团
5,乐器
5,之首
5,之际
5,之星
5,之地
5,主旋律
5,中文学校
5,中德
5,中师
5,中宣部
5,中国科技大学
5,中国科协
5,中人
5,中中
5,东昌
5,东北农大
5,专著
5,专家学者
5,专业知识
5,专业人才
5,不及
5,上海交大
5,上岗
5,上升
5,三门
5,三轮车
5,一本
4,鲲鹏
4,高考成绩
4,高科技
4,高校招生
4,高兴
4,高举
4,高中部
4,高三
4,马芯兰
4,首要
4,首歌
4,食粮
4,频繁
4,领导干部
4,预审
4,顾问
4,革命家
4,非师范
4,集约型
4,隐性
4,陈至立
4,陈家彬
4,阿姨
4,长沙
4,镜子
4,锦江区
4,金融
4,重点建设
4,重于
4,里面
4,都可
4,遗忘
4,造型
4,通讯
4,选用
4,适时
4,适应性
4,近年
4,过重
4,过硬
4,过度
4,转换
4,身心健康
4,跨入
4,距离
4,趋向
4,超编
4,起床
4,赠书
4,赞扬
4,费特
4,贸易
4,贫穷
4,质量观
4,责怪
4,责任心
4,负责制
4,豪迈
4,谈起
4,谈谈
4,调研工作
4,调和
4,课件
4,诸如
4,说教
4,误区
4,识读
4,评判
4,访问
4,设施先进
4,论坛
4,记载
4,议事日程
4,计算机房
4,誉为
4,觉悟
4,视角
4,西藏中学
4,西安
4,西北工业大学
4,西北
4,表扬
4,衣服
4,衡阳市
4,衔接
4,血缘
4,蔬菜
4,蓝图
4,营养
4,范畴
4,英雄
4,花园
4,良性
4,自编
4,自治
4,自检
4,腐朽
4,能来
4,联手
4,联合国教科文组织
4,联合国儿童基金会
4,职业道德
4,职业技能
4,考评
4,老百姓
4,老一辈
4,网友
4,缺点
4,缺憾
4,缓解
4,绿色学校
4,绿树
4,统考
4,组织者
4,组合
4,纪梅
4,系主任
4,管理部门
4,管理办法
4,管理人才
4,等于
4,第一次
4,符号
4,竞争力
4,程晋舜
4,程中
4,称之为
4,称为
4,积蓄
4,科研课题
4,科研机构
4,秋季
4,离退休
4,福州
4,神庙
4,祝愿
4,社区教育
4,社会服务
4,社会团体
4,礼貌
4,研究课题
4,研究报告
4,研究工作
4,督导员
4,督促
4,看成
4,相处
4,相同
4,目的论
4,目标管理
4,监控
4,疑难
4,留学
4,电脑室
4,电工
4,电台
4,田径场
4,理智
4,理化
4,班会
4,独木桥
4,特聘
4,特等
4,特性
4,特写
4,煤炭
4,烧香
4,灯光
4,激动
4,澳洲
4,澳大
4,满族
4,源于
4,游泳馆
4,游泳池
4,游戏
4,游客
4,清华
4,深情
4,深入到
4,涵盖
4,消息
4,浴室
4,治安
4,民间
4,民办高校
4,民办教师
4,民乐
4,民主主义
4,毕生
4,毋庸置疑
4,殷切
4,殊荣
4,武器
4,正视
4,歌唱
4,歌剧
4,欣赏性
4,樊天林
4,楷模
4,桥梁
4,桂林
4,格言
4,样子
4,校门
4,校校
4,校报
4,校址
4,校名
4,极地
4,来访
4,来源
4,条例
4,杜绝
4,杂志
4,机关干部
4,本领
4,未能
4,未成年
4,朝阳
4,望台
4,朗读
4,有教师
4,有偿
4,最初
4,更快
4,暑假
4,普通班
4,晚会
4,时数
4,时刻
4,早晨
4,日至
4,旅游
4,方针政策
4,方方面面
4,新疆
4,斗争
4,文明建设
4,文化部
4,文化课
4,整顿
4,教育方法
4,教育所
4,教育厅
4,教育事业费
4,教科文
4,教研组
4,教师资格
4,教学软件
4,教学资源
4,教学服务
4,敏感
4,效应
4,放学
4,操作性
4,援助
4,接收站
4,排队
4,排球场
4,授予权
4,指导者
4,择优
4,拚命
4,拖欠
4,拔尖
4,抱怨
4,报纸
4,技术课
4,扬州大学
4,托儿所
4,打开
4,手套
4,所说
4,所在地
4,房间
4,户口
4,战胜
4,战争
4,感触
4,意思
4,想起
4,想法
4,惟一
4,总体规划
4,性教育
4,思潮
4,忧虑
4,心里
4,心理咨询
4,心声
4,德州
4,德国
4,律己
4,影响力
4,彩电
4,形体训练
4,归根
4,开放式
4,座落
4,广播系统
4,广播电视
4,幽雅
4,幼教
4,并重
4,年轻人
4,年至
4,年制
4,平行线
4,平山镇
4,常有
4,常好
4,带头
4,市政府
4,市场化
4,工程技术
4,工商管理
4,工作面
4,工作重点
4,工作情况
4,工会
4,工人阶级
4,崇尚
4,居民
4,层面
4,尺度
4,就学
4,尖子
4,少年宫
4,小班授课
4,尊师
4,富裕
4,寄宿学校
4,宿堂
4,宽广
4,审视
4,实践性
4,实例
4,实习生
4,实业
4,宝贵
4,宋庆龄
4,安装
4,安徽省
4,宁夏
4,学科教学
4,学生管理
4,学生会
4,学术交流
4,学报
4,学士
4,学前班
4,学习资料
4,学习方法
4,学习型
4,孤残
4,委副书记
4,始于
4,奖金
4,奖惩
4,契机
4,奋发
4,夫妻
4,太阳
4,太平村
4,天地
4,大队
4,大门
4,大计
4,大屏幕
4,大局
4,大作
4,多形式
4,多平方米
4,外经贸部
4,外界
4,外出
4,复习
4,填报
4,填写
4,基因
4,培训基地
4,坚强
4,坚实
4,坐班
4,地狱
4,地点
4,地利
4,图书室
4,国际儿童节
4,国际交流
4,国教
4,国家承认
4,国务院学位委员会
4,团队
4,团员
4,回民
4,回家
4,回到
4,器材
4,善恶
4,命题
4,命名
4,启动
4,听话
4,听到
4,否认
4,向往
4,后勤
4,后代
4,名义
4,同济大学
4,同意
4,同于
4,合理性
4,合作办学
4,可塑性
4,可以使
4,古钱币
4,古老
4,古代
4,古人
4,反响
4,参与者
4,县城
4,危房
4,占据
4,南昌大学
4,卓著
4,协议
4,半年
4,升华
4,医学
4,北京图书馆
4,包含
4,勉励
4,勇气
4,势力
4,劳动教育
4,劳动力资源
4,劳动力
4,助理员
4,加工
4,功能齐全
4,办公
4,力学
4,力大
4,前来
4,前景
4,刺激
4,到校
4,到来
4,别为
4,利用外资
4,利于
4,初衷
4,创立
4,刑拘
4,切身
4,切实可行
4,分数线
4,分散
4,分层
4,凌传昌
4,冲突
4,军训
4,写道
4,兼顾
4,兴衰
4,兴科
4,兴国
4,关爱
4,共鸣
4,公平
4,公园
4,全局
4,全世界
4,入门
4,入托
4,入世
4,党章
4,党校
4,兄弟
4,储备
4,假期
4,值班
4,信誉
4,信仰
4,俄罗斯
4,促进发展
4,佳平
4,作家
4,作品
4,余篇
4,何加正
4,体育部
4,体育运动
4,体育节
4,位居
4,会长
4,优雅
4,优越感
4,优点
4,休息
4,价格
4,以政府
4,代价
4,他指
4,他律
4,人民日报
4,人民大会堂
4,人意
4,人事
4,亲情
4,亟待
4,于训
4,于我们
4,于人
4,二十年
4,二中
4,也就是
4,九江
4,之多
4,之光
4,主讲
4,主干
4,为题
4,为辅
4,为期
4,为人民服务
4,中部
4,中教
4,中多
4,中国青年报
4,中国青基会
4,中国政府
4,两河
4,两区
4,东京
4,丛书
4,专家讲座
4,专制
4,专业课
4,与会
4,不错
4,不远
4,不负
4,不懈
4,不惜
4,不忘
4,不争
4,下课
4,下棋
4,下去
4,下列
4,上海音乐学院
4,上海交通大学
4,三名
4,一言一行
4,一行
4,一句话
4,一代人
3,齐备
3,黄海
3,黄华
3,鸿沟
3,鬼火
3,高职
3,高效益
3,高师
3,高出
3,高中生
3,高中班
3,高中教育
3,骄人
3,马路
3,马背
3,首页
3,食宿
3,风貌
3,风正
3,风景区
3,风光
3,颜色
3,领导人
3,预科班
3,须要
3,音乐室
3,音乐厅
3,雕塑
3,集散地
3,隐蔽
3,限度
3,降低
3,陈兴贵
3,阿沛
3,阻碍
3,阶梯
3,阳光
3,闪光
3,长征
3,长乐市
3,锤炼
3,铸就
3,铁饭碗
3,钻研
3,钢铁
3,金额
3,金帆
3,量化
3,重要讲话
3,重申
3,重心
3,重庆市
3,配套齐全
3,部副
3,邯郸
3,邮政编码
3,邬阳
3,避开
3,避免
3,遍布
3,逻辑
3,速度
3,选修
3,退款
3,退学
3,迟到
3,连年
3,违纪
3,远见
3,进度
3,这句话
3,还给
3,运作
3,迈向
3,迄今为止
3,迁址
3,达成
3,辅导班
3,较差
3,轮流
3,转岗
3,转学
3,转为
3,身份
3,跨进
3,足球场
3,足球
3,足够
3,起步
3,起居
3,走过
3,走读生
3,走向世界
3,走出去
3,走入
3,赞誉
3,资料查询
3,购买
3,质量高
3,责任制
3,财务
3,谈心
3,谈及
3,调研报告
3,课间操
3,课程设置
3,课件制作
3,诸城市
3,说到底
3,语音教室
3,语音
3,语文教师
3,试题
3,评级
3,讲述
3,讲课
3,记得
3,记住
3,订阅
3,计算机室
3,计委
3,言教
3,解读
3,视频点播
3,视察
3,观众
3,见面
3,见证
3,见地
3,见到
3,要点
3,要强
3,西城
3,襄樊市
3,补课
3,补助
3,藏族
3,薪水
3,蓝天
3,菩萨
3,莱州市
3,莘莘学子
3,荟萃
3,英语课
3,英语听力
3,苗寨
3,苗乡
3,花钱
3,花朵
3,花园式
3,节奏
3,艺术院团
3,色谱
3,艰难
3,致富
3,自选
3,自豪感
3,自筹
3,自私
3,自然课
3,自尊
3,自动化
3,自习课
3,自主性
3,腐蚀
3,能动
3,胜任
3,背着
3,联邦
3,联展
3,联合国
3,职能部门
3,聆听
3,耳目一新
3,耕耘
3,考取
3,考分
3,老年
3,老人
3,美术室
3,美学观
3,美作
3,网络应用
3,网球场
3,网址
3,编者
3,编导
3,绿树成荫
3,综述
3,综合课
3,综合国力
3,绵阳市
3,维持
3,给出
3,结晶
3,结对
3,结业
3,经贸部
3,终极
3,纯洁
3,纪念
3,级学校
3,精髓
3,精选
3,精细化工
3,精神生活
3,精品
3,粮食
3,粗暴
3,篮球馆
3,管理机构
3,管理制度
3,管乐
3,简谱
3,简易
3,筹备
3,筛选
3,答疑解惑
3,第十
3,第九
3,第一流
3,笔试
3,端正
3,童话
3,立新
3,突破性
3,空话
3,程序
3,移民
3,秩序井然
3,秘书长
3,科研管理
3,科研工作
3,科普
3,科技成果
3,科学性
3,科学奖
3,科学基金
3,科学出版社
3,秀丽
3,离校
3,离休
3,禀赋
3,神州
3,社科
3,社会效益
3,社会学
3,示范课
3,硬笔
3,硬化
3,研究项目
3,研究院
3,研究机构
3,研制
3,矿务局
3,石鼓
3,石油
3,知识性
3,知名人士
3,着想
3,真切
3,看见
3,看电影
3,省会
3,相连
3,相悖
3,盲目
3,目的性
3,益于
3,百名
3,百人
3,白纸
3,登记
3,电视机
3,电子琴
3,甲级
3,用来
3,用房
3,用书
3,生物学
3,生活费
3,生活环境
3,生活区
3,生年
3,生命力
3,瑞士
3,理论研究
3,理论教育
3,理由
3,班子
3,现设
3,现场会
3,现出
3,玉米
3,独立性
3,独有
3,特长班
3,特约
3,特有
3,特教
3,牵动
3,物种
3,物理学
3,物力
3,爱用
3,爱好者
3,点击
3,激励机制
3,潮流
3,演讲稿
3,演奏厅
3,演变
3,滞后性
3,温馨
3,清醒
3,涵义
3,浙江农业大学
3,浓郁
3,流行
3,流失
3,派遣
3,活动室
3,活动区
3,活动中心
3,洗礼
3,法院
3,法律法规
3,法制观念
3,泉州市
3,汉字
3,求是
3,永生
3,民进
3,民办教育
3,毛泽东思想
3,毕竟
3,比重
3,每节
3,每日
3,毅力
3,殿堂
3,残疾
3,殊不知
3,武装
3,武术
3,歌曲
3,欧美
3,欢乐
3,植物园
3,棍棒
3,检验
3,检测
3,档案袋
3,档案管理
3,案发
3,桂林市
3,根源
3,根基
3,样式
3,校服
3,栋梁
3,标志
3,柳斌
3,查找
3,枣庄市
3,林百欣
3,林峰
3,条规
3,束缚
3,李锡铭
3,权力
3,朱玉泉
3,未经
3,期盼
3,服务部
3,有高
3,有限公司
3,有道
3,有效性
3,有意
3,有序
3,有如
3,有何
3,有为
3,月前
3,月初
3,最美
3,最多
3,最低
3,曲目
3,暂时性
3,晋升
3,春秋
3,星期二
3,星期
3,明晰
3,时空
3,时机
3,早餐
3,早操
3,无需
3,无限
3,方略
3,新观念
3,新篇章
3,新一代
3,文秘
3,文本
3,文化艺术
3,数学课
3,数千
3,教辅
3,教育课
3,教育评价
3,教育机构
3,教研教改
3,教师法
3,教学课件
3,教学特色
3,教学仪器
3,教员
3,教具
3,教书匠
3,教书
3,故乡
3,放心
3,攻读
3,攻坚
3,改观
3,改动
3,收费标准
3,支队
3,摸索
3,提问
3,描绘
3,推理
3,接纳
3,授权
3,损失
3,捐资
3,指责
3,指派
3,指定
3,指南
3,指令
3,拼搏
3,拨款
3,拥挤
3,招生简章
3,招生数
3,拚搏
3,拍摄
3,报表
3,报效
3,报国
3,抢救
3,抗日战争
3,抗日
3,投影
3,技校
3,扭转
3,扫尾
3,扫地
3,打着
3,扎根
3,才培养
3,手册
3,所得
3,戴修亭
3,我与
3,成败
3,成果展
3,成本
3,成文
3,成四个
3,戏剧
3,慎重
3,愿意
3,感慨
3,感召
3,感受到
3,意为
3,想象力
3,惯例
3,情节
3,总额
3,总计
3,怀疑
3,怀孕
3,忽略
3,忠诚
3,忠实
3,忘记
3,忍耐
3,必读
3,必经
3,必备
3,心目中
3,心智
3,心态
3,德行
3,德意
3,循环
3,得下
3,徐特立
3,征文
3,影视
3,彩色
3,当选
3,归结
3,强校
3,弥合
3,张扬
3,弟子
3,引发
3,开足
3,开放性
3,开掘
3,建设工程
3,建筑工程
3,度过
3,应用型
3,序列
3,庆祝
3,广告
3,广东省
3,幼稚
3,幼儿教师
3,并存
3,年第
3,年秋
3,年报
3,平行
3,平均分
3,干预
3,干事
3,常见
3,常委
3,常会
3,带到
3,师资培训
3,师训
3,师范生
3,师专
3,差生
3,巫婆
3,左权县
3,工龄
3,工读生
3,工种
3,工具书
3,工作计划
3,工作条例
3,崛起
3,崇高
3,山东师范大学
3,山下
3,展望
3,展为
3,局限性
3,就范
3,就业率
3,小王
3,小汤山
3,小康
3,封闭性
3,封建
3,寿县
3,寒暑假
3,富强
3,富于
3,宽阔
3,宽敞
3,家门
3,家长会
3,家里
3,家庭教师
3,家人
3,宣扬
3,宣传教育
3,审议
3,实验教学
3,实验中心
3,实习基地
3,定性
3,官方
3,完美
3,安静
3,安溪县
3,学者型
3,学籍
3,学生交流
3,学法
3,学杂费
3,学年度
3,学好
3,学分制
3,学习交流
3,孙军
3,媒介
3,娱乐场所
3,委派
3,委托
3,委员长
3,姐妹
3,妇女
3,好转
3,好人好事
3,奖杯
3,失范
3,失望
3,天通苑
3,天赋
3,天和
3,大规模
3,大街
3,大潮
3,大庆
3,大大
3,大国
3,大为
3,多科性
3,多一点
3,复合型
3,复制
3,复兴
3,壮大
3,增率
3,境外
3,塑胶跑道
3,基建
3,城区
3,坚持党
3,场合
3,地面
3,地域
3,在读
3,在教
3,国际合作
3,国庆
3,国人
3,困扰
3,困
3,园区
3,团中央
3,回龙观
3,回避
3,回应
3,喜人
3,商业
3,哭
3,品格
3,和平区
3,命令
3,呼声
3,周期
3,周恩来
3,呈示
3,启迪
3,向导
3,后果
3,后勤服务
3,后劲
3,名城
3,同龄人
3,同行
3,各项活动
3,各种各样
3,史实
3,台阶
3,台电
3,可靠
3,可能性
3,只不过
3,古槐
3,受助
3,取决于
3,发表论文
3,发育
3,发展方向
3,反映到
3,反复
3,及格率
3,厦门
3,原始
3,历史系
3,历史文化
3,历史学
3,厂长
3,印象
3,博学
3,南方
3,单子
3,单列
3,单元
3,华裔
3,华声
3,华南
3,华北
3,华中师范大学
3,午餐
3,升起
3,十一届三中全会
3,医疗
3,区政府
3,区委
3,北方交通大学
3,北京市政府
3,化工
3,劳诸
3,助教
3,助学
3,助于
3,动作
3,动人
3,功利主义
3,办公楼
3,力争
3,副总
3,前茅
3,前所
3,制度建设
3,制度化
3,初见成效
3,初二
3,初中生
3,创生
3,列宁
3,划分
3,分裂
3,分管
3,分歧
3,分步
3,分机
3,分明
3,出门
3,出色
3,出生
3,农二师
3,写实性
3,写信
3,写下
3,再创
3,内外贸
3,兼并
3,具体化
3,其中包括
3,兴起
3,兴致
3,兴林
3,兴教
3,兴建
3,共青团中央
3,共计
3,共度
3,六安
3,公立
3,公益事业
3,公寓式
3,全盟
3,全民所有制
3,全旗
3,全国性
3,全员
3,入校
3,入团
3,党总支
3,免收
3,光辉
3,光明日报
3,先锋
3,先进性
3,儿少
3,健康教育
3,做事
3,做为
3,假设
3,倾斜
3,俱乐部
3,修缮
3,信箱
3,保险
3,保证书
3,便利
3,便于
3,侨乡
3,供需
3,供给
3,例题
3,余个
3,余万
3,何平
3,何在
3,体罚
3,住宿费
3,传输
3,传承
3,传媒
3,会谈
3,会员
3,优教
3,休斯敦
3,休假
3,伊始
3,企业管理
3,仪表
3,以色列
3,以理
3,代际
3,代理制
3,仅能
3,人手
3,人性化
3,人性
3,人力资源
3,人力
3,京市
3,产业化
3,交叉
3,亚运村
3,井冈山
3,五星红旗
3,互为
3,二小
3,二名
3,二分
3,书院
3,书画
3,习题
3,也就是说
3,九江市
3,乐园
3,之情
3,之心
3,久地
3,乃是
3,举重
3,主观与客观
3,主编
3,为首
3,丰台区
3,中长期
3,中等师范
3,中科院
3,中日
3,中文系
3,中技
3,中强
3,中小
3,中将
3,中央教育科学研究所
3,中国共产党
3,中共中央国务院
3,个体户
3,严禁
3,严峻
3,两岸关系
3,两岸
3,专长
3,不说
3,不见
3,不符
3,不禁
3,不正
3,不服
3,不合理
3,不具
3,不乏
3,下发
3,下决心
3,上面
3,上进
3,上街
3,上好
3,上千
3,一进
3,一条龙
3,一技
3,一开
3,一些县
2,龙湖
2,龙塘
2,鼓气
2,鼓乐团
2,默尔
2,黑龙江省
2,黎君
2,麻拉村
2,鹤峰县
2,鲜艳
2,鱼塘
2,鬼神
2,高速公路
2,高要
2,高考招生
2,高考录取
2,高级技术
2,高级工程师
2,高知
2,高技术
2,高学
2,高呼
2,高二
2,高中组
2,骨骼
2,骄傲
2,驾驭
2,驻华
2,驯服
2,马来西亚
2,马卡连
2,马列主义
2,香火
2,首选
2,首创
2,首任
2,馆长
2,饺子
2,飞跃
2,飞行
2,风采
2,风尚
2,风云
2,题材
2,颇具
2,领取
2,预防犯罪
2,预科教育
2,预示
2,预期
2,须知
2,顺应
2,项获省
2,顶
2,音符
2,音乐课
2,音乐系
2,音乐教学
2,鞋袜
2,革命战争
2,面试
2,面向社会
2,面向全国
2,靠拢
2,非智力因素
2,青岛市
2,震惊
2,零三
2,雨露
2,集邮
2,集群
2,集约
2,集成性
2,集市
2,集合
2,难忘
2,难得
2,难免
2,陶行知
2,陶渊明
2,限定
2,降生
2,降临
2,陈旭军
2,陈嘉庚
2,陈伯吹
2,陇西
2,附图
2,附件
2,阿旺
2,阵容
2,防腐剂
2,队员
2,阐述
2,阎慧光
2,闵行
2,问好
2,问候
2,问世
2,闪烁
2,长篇
2,长生
2,长春
2,长大
2,长处
2,锡华
2,错别字
2,锐意进取
2,铸造
2,银牌
2,银帆
2,银川
2,铁饼
2,钱晓鸣
2,钢琴家
2,鉴定会
2,金林鹏
2,金寨县
2,量地
2,重点校
2,重温
2,重教
2,重头戏
2,采纳
2,鄂州市
2,都戴
2,郭礼华
2,郭玉弛
2,部属
2,邮票
2,邮展
2,邮局
2,遵纪守法
2,遭到
2,遥远
2,遗传
2,道具
2,遍地
2,遇见
2,通知书
2,通用
2,通报
2,通向
2,途中
2,递给
2,递交
2,透露
2,选择地
2,选手
2,逆反心理
2,送礼
2,追究
2,迫在眉睫
2,连获三
2,连同
2,进行曲
2,进校
2,进修班
2,还原
2,近海
2,近代
2,运动队
2,运动员
2,迎来
2,迈出
2,过从
2,过人
2,迅猛
2,辩证
2,辨别
2,辞典
2,辛辛苦苦
2,辐射
2,辍学率
2,辍学
2,辅导费
2,轻率
2,轻微
2,软件学院
2,转型
2,跻身
2,践行
2,路程
2,跨校
2,跟着
2,跃居
2,足球队
2,趣味性
2,越好
2,超越性
2,超出
2,起立
2,起开
2,起作用
2,赵毅敏
2,赵卫
2,走势
2,走到
2,赞语
2,赞许
2,赛课
2,赚钱
2,赏析
2,资源共享
2,资本主义
2,资产
2,费工
2,贵族
2,贴近
2,财经
2,负责组织
2,负伤
2,象是
2,象征
2,豆奶
2,谱号
2,谭斌
2,谋生
2,谈如何
2,调阅
2,调试
2,调控
2,课题管理
2,课程班
2,课程学习
2,读写
2,读书声
2,诺言
2,诸葛亮
2,诸城
2,说说
2,说服力
2,诱惑
2,语法
2,话筒
2,诚聘
2,诚实守信
2,诚如
2,试验班
2,试点校
2,试图
2,试办
2,译著
2,诊断
2,识别
2,评出
2,评估组
2,评优
2,评价者
2,证实
2,设计思想
2,设备齐全
2,设备先进
2,论谈
2,论争
2,许群
2,许只
2,讲道
2,讲究
2,讲学
2,讲坛
2,记忆
2,训练室
2,训斥
2,训导
2,讨论会
2,订购
2,计算机网络
2,计算机网
2,计算机系
2,计算中心
2,警醒
2,言传
2,视频广播
2,视频
2,视听
2,规模较大
2,观赏
2,观摩课
2,观察力
2,见识
2,见解
2,覆盖面
2,覆盖率
2,西门豹
2,西藏自治区
2,西海岸
2,西德
2,西安交通大学
2,装潢
2,袒护
2,袁贵仁
2,表述
2,表格
2,表情
2,表征
2,补救
2,补习
2,衣物
2,行好
2,行事
2,血液
2,融洽
2,蛮横
2,蚌埠市
2,虚拟
2,虎山
2,蔓延
2,董洪亮
2,董伟
2,董事长
2,著称
2,落在
2,营利
2,菲律宾
2,菏泽地区
2,获益匪浅
2,获奖名单
2,药材
2,荣誉证书
2,草案
2,茶花女
2,英语教学
2,英语培训
2,苦恼
2,苗家
2,花大
2,花卉
2,芭蕾
2,节约
2,艺术系
2,色彩
2,艰辛
2,良知
2,良机
2,良心
2,航空
2,舞蹈演员
2,舞蹈室
2,舞蹈学院
2,舞蹈团
2,舞台剧
2,至关重要
2,自重
2,自豪
2,自考办
2,自生
2,自然界
2,自感
2,自强
2,自古以来
2,自力更生
2,自主权
2,膨胀
2,脱钩
2,脱节
2,脚步声
2,能量
2,能达
2,能干
2,胜者
2,育儿
2,肤色
2,肖佳
2,聪明
2,聚集
2,聘任制
2,联邦德国
2,联谊会
2,联网
2,联络
2,联系人
2,联名
2,联办
2,职称评定
2,职业资格
2,职业指导
2,职专
2,耽误
2,考试管理
2,考点
2,考察期
2,老爸
2,老板
2,老妈
2,老中青
2,翅膀
2,美籍
2,美特
2,美术作品
2,美丑
2,罗小未
2,网络资源
2,网络平台
2,网络化
2,网络中心
2,网上学校
2,缺陷
2,缺漏
2,缴费
2,编排
2,编入
2,绿色
2,综合楼
2,维持费
2,维度
2,统计资料
2,绚丽
2,绘制
2,经营管理
2,经管
2,经理
2,经济技术
2,经济工作
2,经典作品
2,终结
2,织
2,细胞
2,绅士
2,组队
2,组长
2,纺织
2,纵深
2,纲领
2,纪要
2,纪正尚
2,纪念活动
2,纪念日
2,红烛
2,繁荣
2,紧接
2,素描
2,系统性
2,系列化
2,精通
2,精益求精
2,精深
2,精干
2,粗放型
2,米黄色
2,篮球
2,管理科学
2,管理文件
2,管理严格
2,算是
2,简陋
2,简要
2,签订
2,筹划
2,答辩
2,答疑
2,等高
2,第十届
2,第六
2,第八
2,第五十二
2,第二届
2,笔记本
2,笑
2,童心
2,竞争优势
2,站上
2,立项
2,立起
2,立意
2,立体
2,立交桥
2,立业
2,穿着
2,空气
2,稳定性
2,稳妥
2,称呼
2,租赁
2,科长
2,科研型
2,科生
2,科技馆
2,科技部
2,科技人才
2,科学院
2,科学楼
2,科学实验
2,科协
2,科利华
2,种养
2,私塾
2,福利院
2,神舟
2,神秘
2,神怪
2,祈求
2,社学
2,社团
2,社区文化
2,社会经济
2,社会稳定
2,社会福利
2,社会支持
2,礼物
2,礼乐
2,示范园
2,碑林区
2,确认
2,硕果累累
2,破碎
2,破坏
2,研究院所
2,研究室
2,研修班
2,石景山区
2,石头
2,短视
2,短缺
2,知识面
2,知悉
2,知名度
2,瞩目
2,眼界
2,真情
2,真善美
2,看重
2,看出
2,看书
2,看世界
2,省立
2,省委
2,相遇
2,相加
2,直观
2,直升
2,目录
2,监护人
2,监利
2,盎然
2,百家争鸣
2,百分点
2,白求恩
2,痼疾
2,痕迹
2,疙瘩
2,疑惑
2,留言簿
2,留言
2,留得
2,留宿
2,畏惧
2,界面
2,畅通
2,画法
2,画幅
2,男孩
2,男女
2,电视节目
2,电脑教室
2,申请者
2,申报表
2,田家炳
2,用活
2,用得上
2,用地
2,用品
2,生还
2,生达
2,生物技术
2,生活空间
2,生活服务
2,生教
2,生人
2,生产资料
2,生产经营
2,生产总值
2,甘霖
2,瓶颈
2,璞玉
2,瑞敏
2,理论课
2,理清
2,理工科
2,琅琅
2,球类
2,班集体
2,班里
2,班子建设
2,班内
2,班主
2,现将
2,环境科学
2,环境建设
2,环境幽雅
2,环境保护
2,环境优雅
2,王辛
2,王自磐
2,王耕
2,王府
2,王宁
2,王娜梅
2,王光英
2,王世光
2,玉工
2,率高
2,献给
2,独生子
2,独具
2,犹如
2,犯罪嫌疑人
2,犯嘀咕
2,特质
2,特等奖
2,特教班
2,牵着
2,物资
2,物理系
2,物价
2,父子
2,爱情
2,爱子
2,燕山
2,熟练
2,熟悉
2,照常
2,煤矿
2,煎蛋
2,焦点
2,焕发
2,热潮
2,热忱
2,热切
2,烈士
2,点缀
2,点燃
2,点滴
2,灿烂
2,火箭
2,火把
2,激励性
2,潜意识
2,潘集区
2,漯河
2,漠然
2,演讲会
2,满腔热情
2,满堂
2,满园
2,滞后
2,滑坡
2,湖北恩施
2,游人
2,游乐场
2,港澳
2,渭源
2,温暖
2,渐进
2,清贫
2,清晨
2,清政府
2,混沌
2,深远
2,深知
2,深深
2,深度
2,深层
2,淮南市
2,淡漠
2,液晶
2,消费者
2,消失
2,涂山
2,海德格尔
2,海峡两岸
2,海岸
2,海外留学
2,浮躁
2,浪潮
2,浙江大学
2,浓缩
2,测评
2,浇灌
2,流长
2,流点
2,流泪
2,流向
2,流动人口
2,活动计划
2,洛阳
2,洒满
2,泪水
2,注视
2,注定
2,泡饭
2,法制化
2,治标
2,治本
2,治国
2,河北省
2,河北
2,沦为
2,沉重
2,沈虹冰
2,汤阴
2,江西省
2,汗水
2,汉台区
2,汉中市
2,汉中
2,汇演
2,求真
2,求新
2,求援
2,求人
2,水中
2,氧化
2,气派
2,民意
2,民乐团
2,民主集中制
2,毫无疑问
2,毕竟只
2,毕业证
2,毕业设计
2,毕业论文
2,每一节
2,母语
2,母亲
2,殴打
2,残忍
2,死记
2,歧视
2,武衡
2,武川县
2,武培真
2,步入
2,正直
2,正气
2,正处
2,正值
2,正人
2,正义
2,歌咏
2,欲望
2,欧洲
2,欣喜
2,欠缺
2,楼村
2,植物
2,植根
2,检讨
2,档次
2,桌子
2,案件
2,桃木
2,根据市
2,核准
2,校园网络
2,校史
2,校医
2,校刊
2,树木
2,树人
2,标上
2,查证
2,查考
2,查实
2,某某
2,林立
2,林则徐
2,构筑
2,构架
2,极限
2,板块
2,杨华
2,来源于
2,来历
2,来华
2,来临
2,条文
2,杜威著
2,李鹏说
2,李鹏总
2,李宏伟
2,机械厂
2,机械
2,机房
2,机器人
2,朴实
2,朱开轩
2,本该
2,本省
2,本文
2,本地
2,本专科生
2,期限
2,朝鲜族
2,服务周
2,有近
2,有责
2,有识
2,有机物
2,有无
2,有数
2,有志
2,有希
2,有博士
2,有余
2,月经
2,最深
2,最强
2,曾宪梓
2,曲谱
2,曲折
2,智商
2,景色
2,景山学校
2,普通中专
2,晚饭
2,晋江
2,晋水
2,春天
2,星期四
2,明珠
2,明星
2,明年
2,旷课
2,时起
2,时有发生
2,早饭
2,早读课
2,旧中国
2,日语
2,日记
2,日第
2,日程
2,日本学
2,日常用品
2,既定
2,无限制
2,无视
2,无理
2,无政府主义
2,无形
2,无声
2,旅途
2,方米
2,新闻出版署
2,新进
2,新科
2,新秀
2,新理念
2,新版
2,新民主主义革命
2,新材料
2,新教育
2,新发
2,新区
2,新兵
2,新兴
2,文集
2,文部大臣
2,文艺演出
2,文盲率
2,文理
2,文明礼貌
2,文明史
2,文学
2,文化研究
2,文化大革命
2,文化人
2,文书
2,整洁
2,数理化
2,数以万计
2,敬重
2,敬老
2,教鞭
2,教训
2,教育部长
2,教育硕士
2,教育法规
2,教育权
2,教育培训
2,教育史
2,教材建设
2,教师科研
2,教学资料
2,教学论文
2,教学网
2,教学研讨
2,教学园地
2,教兴区
2,效仿
2,故居
2,政策法规
2,政协委员
2,政企
2,放活
2,放松
2,放手
2,放任
2,攻坚战
2,攻关
2,收费项目
2,收视率
2,收益
2,收录
2,支部
2,支行
2,支持者
2,支付
2,撰文
2,摧毁
2,摧残
2,摇篮曲
2,揭幕
2,提醒
2,提示
2,提法
2,提到
2,提交
2,掩盖
2,推动力
2,接轨
2,接触
2,接见
2,接收者
2,探寻
2,授权点
2,捐给
2,捐献
2,捐助
2,振奋
2,振动
2,挫折
2,挣扎
2,指针
2,指引
2,指导性
2,持有
2,持久
2,择校
2,拥有先进
2,招生考试
2,招生办
2,招商
2,拉开
2,抽烟
2,抵触
2,报警
2,报社
2,报告者
2,报告人
2,报上
2,抛开
2,投诉
2,抒发
2,技术推广
2,技师
2,技工
2,批语
2,扬帆
2,扩散
2,扩招
2,扩展
2,执行者
2,执着
2,打骂
2,打电话
2,打架
2,打招呼
2,打人
2,才学
2,所用
2,截止
2,战略性
2,戒律
2,我委
2,成年人
2,成年
2,成器
2,成分
2,成下个
2,成一幅
2,慰问
2,慢慢
2,慕名
2,感谢
2,感悟
2,感动
2,愚昧
2,意愿
2,意图
2,惯性
2,惠州
2,情结
2,情报
2,情怀
2,悲哀
2,悲剧
2,悠久
2,恩济庄
2,恩施州
2,总政歌舞团
2,总政
2,总支出
2,怯懦
2,性情
2,性学
2,急躁
2,怡宁
2,思索
2,怀念
2,志敏
2,心血
2,心目
2,心痛
2,心得
2,德智体美劳
2,德方
2,微笑
2,徘徊
2,很快
2,往届
2,影评
2,形态
2,形形色色
2,形式主义
2,形体
2,录音机
2,录音
2,录用
2,录取线
2,录取率
2,当兵
2,当代人
2,归宿
2,强市
2,强压
2,强制性
2,强制
2,张非非
2,张超文
2,张伟
2,弟弟
2,引路
2,引向
2,开馆
2,开玩笑
2,开水
2,开来
2,开幕式
2,开启
2,开发者
2,开会
2,建社
2,建材
2,建国
2,建园
2,建制
2,建中
2,建一
2,廖先旺
2,康克清
2,座右铭
2,废弃物
2,庞大
2,底蕴
2,应考
2,应按
2,应尽快
2,应尽
2,应对
2,应如此
2,应多
2,应使人
2,应付
2,应从
2,序幕
2,庆贺
2,庄严
2,广场
2,幼托
2,幼女
2,并轨
2,并入
2,并作
2,年间
2,年到
2,年初
2,年分
2,年仅
2,年产
2,年中
2,平常人
2,幅度
2,常抓不懈
2,常性
2,常州
2,帝国主义
2,师风
2,师院
2,师资建设
2,师生比
2,市里
2,市教育局
2,已通过
2,已故
2,差别
2,巩固率
2,工艺
2,工程院
2,工程硕士
2,工程建设
2,工程学院
2,工科
2,工委
2,工作成绩
2,工业大学
2,巡视
2,巡礼
2,崔永元
2,岗前培训
2,岗位职责
2,岁月
2,屹立
2,山青
2,山寨
2,居委会
2,层次性
2,局长
2,尹宁
2,尴尬
2,就达
2,就教
2,就业部
2,尤为
2,少有
2,少年儿童出版社
2,少于
2,小麦
2,小节
2,小皇
2,小班
2,小玉
2,小潘
2,小报
2,小学组
2,小型
2,小品
2,小博士
2,小公主
2,小一
2,将对
2,将于
2,射手
2,封面
2,封闭
2,封信
2,对照
2,对应
2,寒冷
2,富士
2,富余
2,宽松
2,宽容
2,容量
2,容忍
2,家长教育
2,家庭生活
2,家务
2,宫载春
2,宣队
2,客观性
2,客座教授
2,客体
2,审核
2,审定
2,实验设备
2,实验站
2,实验点
2,实践论
2,实质性
2,实用型
2,实有
2,实施者
2,实录
2,实务
2,实体
2,宝库
2,宜人
2,定西
2,定向
2,官办
2,宗教
2,宏观调控
2,完了
2,宋平
2,安排好
2,守旧
2,宁静
2,宁波
2,宁夏回族自治区
2,孩童
2,学问
2,学部委员
2,学识
2,学系
2,学生生活
2,学生活动
2,学生培养
2,学法指导
2,学术论文
2,学术会议
2,学成
2,学工
2,学历文凭
2,学分
2,学农
2,学习网
2,学习类
2,学习班
2,孤儿
2,季新
2,季度
2,孟唤
2,孝子
2,存贮
2,存储
2,字眼
2,子课题
2,子来
2,嫌疑人
2,婴幼儿
2,威尔斯
2,姜敏
2,姓名
2,姐姐
2,如出
2,如一
2,好玩
2,好消息
2,好比
2,好开
2,好好
2,好吃
2,好人
2,奴隶
2,奥秘
2,奥巴马
2,奏效
2,奋起
2,奇怪
2,头部
2,失足
2,失误
2,失实
2,天黑
2,天都
2,天文台
2,天性
2,天一
2,大雪
2,大行
2,大自然
2,大旗
2,大政方针
2,大师
2,大市场
2,大容量
2,大家庭
2,大学之一
2,大字
2,大奖
2,大城市
2,大型活动
2,大发
2,大关
2,大众化
2,大于
2,大事记
2,多张
2,多工
2,多家
2,多好
2,多台
2,多功能厅
2,多亿
2,外资
2,外语课
2,外语系
2,夏令营
2,复印件
2,备有
2,处长
2,处世
2,士学位
2,增进
2,增大
2,增值
2,墙报
2,塔里木
2,塑像
2,堪称
2,基础课
2,基础性
2,基础建设
2,基本法
2,基本情况
2,基本形
2,基层组织
2,基地建设
2,培训机构
2,培训学校
2,培养中
2,坦诚
2,坐标
2,场面
2,地理位置
2,地方性
2,地建
2,地学
2,地下
2,在线答疑
2,在籍
2,在生
2,在手
2,在心
2,在座
2,在任
2,圣贤
2,圣人
2,圈子
2,囿于
2,图片
2,图文并茂
2,图式
2,国际互联网
2,国际主义
2,国画
2,国有资产
2,国有经济
2,国旗
2,国家计划
2,国家教育委员会
2,国家图书馆
2,国家发明奖
2,国华
2,固有
2,困境
2,园丁
2,团省委
2,团校
2,团市委
2,回族
2,回报
2,回国
2,回去
2,四年
2,四平市
2,四川省政府
2,四季
2,四名
2,四化
2,器乐
2,嘉定
2,嘉奖
2,喷泉
2,喜爱
2,善管理
2,商店
2,商学院
2,商场
2,唱名
2,哭闹
2,品牌
2,品味
2,咨询服务
2,和田市
2,和文
2,和县
2,周远清
2,周边
2,周荫昌
2,呈报
2,吸烟
2,吸引力
2,启蒙教育
2,启用
2,含义
2,吟诗
2,吝啬
2,向钱看
2,后学
2,名著
2,名称
2,名列前茅
2,名册
2,名作
2,名优
2,名人
2,同胞
2,同济
2,同来
2,同年
2,同在
2,同台
2,同下
2,吉安
2,合作交流
2,合一
2,各个街道
2,吃苦
2,叹息
2,司长
2,台湾问题
2,可谓
2,可视化
2,可行
2,可根
2,可操作性
2,可怕
2,叫到
2,只顾
2,古话
2,古希腊
2,古典
2,古今中外
2,口气
2,口头
2,变相
2,变动
2,受助生
2,取一
2,发起
2,发展性
2,发展前景
2,发展党员
2,发到
2,发光
2,反省
2,反应
2,反对者
2,反击
2,双手
2,及高
2,及大
2,参观访问
2,参军
2,厦门大学
2,原是
2,原子弹
2,原名
2,厚礼
2,历年
2,历任
2,危及
2,印制
2,卫生室
2,卫生学校
2,卫民
2,占领
2,博物馆
2,博爱
2,南阳
2,南粤
2,南洋
2,南京大学
2,单靠
2,单向
2,单光鼐
2,单一化
2,卓越
2,协办
2,华罗庚
2,华南地区
2,华侨
2,华东
2,半殖民地
2,升格
2,千军
2,千兆
2,十字架
2,十多
2,十五日
2,十五年
2,十九日
2,十世纪
2,医科
2,医疗保健
2,区域性
2,区分
2,匮乏
2,北苑
2,北美
2,北方工业大学
2,北方
2,北京电影学院
2,北京理工大学
2,北京市妇联
2,化身
2,化建
2,化学会
2,包揽
2,势头
2,劳模
2,劳动就业
2,劳动人事
2,劳作
2,助长
2,助理
2,助手
2,助学贷款
2,动脑
2,动听
2,动向
2,加深
2,加压
2,加倍
2,加一
2,办校
2,办厂
2,劝退
2,力求
2,剧团
2,前程
2,前沿
2,前期
2,前任
2,制作软件
2,别致
2,别提
2,利润
2,利亚等
2,删除
2,初中级
2,创汇
2,创始人
2,刘益川
2,刘建生
2,列有
2,划定
2,刊播
2,切忌
2,切合
2,切入点
2,分组
2,分级
2,分离
2,分权
2,分成
2,分开
2,分工
2,分出
2,函授大学
2,出访
2,出自
2,出国留学
2,凸现
2,凸显
2,凭证
2,凡事
2,凝聚态
2,减弱
2,冷酷
2,冶炼
2,况作
2,决赛
2,决不能
2,冯长根
2,冬季
2,冠军
2,农村经济
2,农机
2,农学院
2,军阀
2,军人
2,军事
2,写成
2,内部管理
2,内贸
2,内容丰富
2,内容与形式
2,内向
2,兼任
2,养殖
2,典雅
2,具象
2,兴趣班
2,兴旺发达
2,兴学
2,兴奋
2,关联
2,关涉
2,关根
2,关切
2,共进
2,共管
2,共商
2,共和国
2,共同发展
2,共享性
2,六月
2,六十年代
2,公路
2,公益
2,公用
2,公有制
2,公式
2,公寓楼
2,公共服务
2,公众
2,八运
2,八字
2,全球
2,全班
2,全日
2,全文
2,全套
2,全国妇联
2,全党
2,全人类
2,入选
2,入园率
2,党风
2,党政机关
2,党建工作
2,党团
2,光阴
2,先进县
2,先期
2,充电
2,充斥
2,充当
2,充份
2,儿童福利
2,僵死
2,催办
2,傅统先
2,傅文萱
2,停职
2,停留
2,停止
2,偏重
2,偏远
2,偏爱
2,偏废
2,偏差
2,假日
2,倾注
2,借来
2,修订
2,信神
2,信守
2,信义
2,保鲜
2,保证人
2,保值
2,保佑
2,促进者
2,便捷性
2,侨民
2,侧重
2,依赖性
2,依山
2,供体
2,使馆
2,使命
2,佳绩
2,作物
2,作曲家
2,作品展
2,佛山
2,余项
2,余部
2,余年来
2,余平
2,余地
2,余册
2,余万册
2,何让
2,何梁何利
2,何时候
2,何才能
2,体质
2,体育设施
2,体格
2,体力
2,住校
2,住宿楼
2,低级
2,传递
2,传统文化
2,传真
2,会话
2,会议室
2,会计
2,会操
2,会战
2,会场
2,伙食费
2,优胜
2,优缺点
2,优秀率
2,优秀教案
2,优生
2,企望
2,企业集团
2,任何一
2,代表队
2,从教
2,仇春霖
2,人际
2,人间
2,人梯
2,人材
2,人机
2,人有
2,人时
2,人文学院
2,人才培训
2,人情
2,人学
2,人大常委会
2,人大
2,人员培训
2,人事部门
2,人事部
2,人事局
2,人中
2,人与自然
2,京津冀
2,京广线
2,享誉
2,产业政策
2,亦即
2,交通便利
2,交通事故
2,交费
2,交纳
2,交大
2,交响乐
2,交响
2,亚洲
2,五月
2,五人
2,互补
2,互联
2,互派
2,互助
2,云南
2,于青
2,于绍良
2,于理于
2,于杰
2,于它
2,于大
2,于受
2,于党
2,于使
2,于丽黎
2,于一体
2,于一些
2,二龙路
2,二十多
2,事发
2,事关
2,事倍功半
2,事业心
2,争鸣
2,争议
2,争相
2,争做
2,乳白色
2,书房
2,书店
2,书刊
2,书写
2,乡政府
2,乡亲
2,习等
2,习用
2,乖孩子
2,乒乓球
2,乐队
2,乐等由
2,乐于
2,乏味
2,乌克兰
2,之风
2,之称
2,之本
2,之家
2,之义
2,义勇军
2,举止
2,举办者
2,主意
2,主客
2,主动权
2,主办
2,主义者
2,为重
2,为副
2,为先
2,临洮
2,丰收
2,丰富性
2,中非
2,中途
2,中西部
2,中西
2,中英文
2,中百
2,中澳
2,中指
2,中年
2,中山大学
2,中实
2,中学部
2,中学生守则
2,中学校
2,中央电教馆
2,中央歌剧芭蕾舞剧院
2,中央教科所
2,中央戏剧学院
2,中坚
2,中国青少年研究中心
2,中国科大
2,中国福利会
2,中国社会科学院
2,中国电影
2,中国工商银行
2,中国少年先锋队
2,中国地质大学
2,中南海
2,中华文化
2,中午
2,中医药
2,中包
2,中创
2,中体
2,中产
2,个部
2,个子
2,个人主义
2,丧失
2,严管
2,严格按照
2,两码事
2,两全
2,东南风
2,东北师范大学
2,东北师大
2,世界各国
2,世俗
2,世人
2,专门史
2,专门化
2,专科生
2,专家指导
2,专场
2,专利申请
2,专修
2,专业性
2,专业化
2,丑恶
2,不许
2,不让
2,不计
2,不畏
2,不爱
2,不明
2,不无
2,不尽
2,不均
2,不可多得
2,不可估量
2,不公
2,不佳
2,不久
2,下车
2,下班
2,下河
2,下属
2,下定义
2,上解
2,上百
2,上班
2,上海市委
2,上海医科大学
2,上前
2,上不了
2,三轮
2,三讲
2,三线
2,三等
2,三字
2,三十年
2,三元
2,三个专业
2,万岁
2,万套
2,七年
2,七十年
2,丁关根
2,一重
2,一身
2,一般说来
2,一般人
2,一致性
2,一等
2,一端
2,一番话
2,一流师资
2,一派
2,一根
2,一月
2,一时期
2,一新
2,一想
2,一带
2,一声
2,一堂
2,一事
2,一书
2,一专多能
