4246,就业
4987,数据
3050,加息
3430,预期
4901,美国
2652,黄金
4373,市场
4381,经济
2297,美联储
3650,增长
2298,公布
1070,金价
978,现货
1419,人数
1476,指数
2363,企业
1061,原油
1222,反弹
1261,支撑
1332,下跌
1223,万人
966,失业率
1722,显示
823,周四
1245,央行
615,失业金
950,白银
1034,震荡
884,止损
806,下方
801,上方
1424,增加
789,英镑
1489,继续
1128,英国
1296,报告
774,澳元
695,周五
1263,目标
951,下行
1390,影响
1908,发展
973,附近
875,走势
1248,水平
1196,产业
1038,投资者
1309,价格
1079,创业
1194,风险
752,欧元
908,制造业
888,维持
1455,投资
770,回落
836,指标
1342,政策
939,增速
943,压力
872,表现
659,区间
493,就业市场
676,希腊
632,低位
1277,今年
913,利率
561,周三
962,下降
515,短线
557,阻力
533,触及
993,创新
943,技术
894,保持
923,持续
534,油价
485,均线
940,上涨
1045,方面
830,月份
610,分析师
716,趋势
544,行情
959,出现
1547,中国
730,全球
845,需求
897,时间
694,上升
441,低点
482,升息
552,服务业
805,稳定
896,主要
633,一线
576,最低
931,重要
783,金融
565,货币政策
472,强劲
493,决议
768,我国
446,欧元区
617,小时
627,工业
487,不变
579,声明
555,低于
338,承压
260,洛克哈特
439,失业
616,因素
626,人口
361,金银
731,会议
779,需要
565,近期
460,波动
367,收盘
504,短期
630,消息
593,整体
349,做多
366,关口
517,农业
876,国家
1003,工作
516,有所
299,布林
1075,问题
583,分析
684,实现
770,推进
327,多头
430,观点
382,升至
304,走高
782,情况
504,运行
321,疲软
644,国际
361,上行
432,新浪
564,明显
339,时段
436,新兴
511,百分点
642,推动
606,消费
579,收入
852,建设
553,加快
584,促进
462,货币
660,服务
362,期货
587,调整
772,公司
244,耶伦
645,提供
289,裁员
303,汇价
416,下滑
613,成为
470,资本
441,处于
549,行业
577,不断
423,债务
664,政府
396,新增
635,信息
227,收报
464,股市
360,复苏
304,跌至
317,劳动力
364,策略
460,带来
398,危机
341,增幅
447,结构
378,岗位
548,实施
389,回升
286,周二
425,形势
617,资金
308,不及
368,二季度
447,区域
281,走低
509,指出
633,社会
422,关键
255,高点
541,银行
515,重点
217,日本央行
403,总体
449,最大
428,变化
254,交易日
388,较大
564,全国
495,作用
411,最高
430,规模
409,交易
230,投资建议
350,构成
469,能力
430,综合
380,库存
379,为主
424,减少
417,商品
327,宽松
225,暗示
280,美联
393,平均
210,走强
326,季度
224,登载
224,新浪网
431,决定
222,交投
406,空间
311,预测
434,互联网
286,等待
321,位置
378,经济发展
340,信心
293,笔者
188,操作建议
323,高于
329,中国经济
462,调查
446,基础
477,基金
278,高位
301,跌幅
420,年来
392,扩大
334,贸易
404,内容
309,有望
371,面临
340,表明
282,迹象
381,良好
269,出于
235,打压
399,财政
167,月季
341,德国
250,基本面
171,线图
263,温和
200,预估
237,赞同
412,达到
452,领域
411,超过
257,向好
218,利空
436,环境
389,力度
247,劳动力市场
273,集群
255,转载
295,放缓
482,人员
365,导致
191,贵金属
592,进行
511,加强
439,存在
361,官员
335,文章
330,澳洲
367,媒体
177,看空
422,机制
190,汇金
352,生产
379,农村
267,延续
228,新低
616,记者
320,速度
321,工资
249,传递
498,项目
339,涨幅
369,模式
245,持平
409,第一
300,态势
172,万桶
248,强势
364,比较
364,计划
242,经济学家
269,前景
311,转型
260,证实
345,传统
130,亚特兰大
425,地区
249,企稳
165,跌势
373,完善
174,挑战者
184,美国劳工部
207,弱势
315,增强
317,降低
177,点位
283,动力
305,困难
197,持仓
246,开盘
352,销售
295,青年
358,进入
317,成本
349,发挥
481,合作
202,动能
330,实际
268,带动
368,机构
277,民生
236,大学生
376,意见
444,北京
408,制度
207,订单
330,发布
157,盘整
122,利多
330,主席
308,过去
327,有效
235,情绪
260,呈现
140,空单
324,体系
401,开展
290,引导
277,符合
227,可能性
125,汇市
148,鹰派
218,增长率
270,位于
352,去年
259,欧洲
446,城市
271,城镇
256,周期
145,录得
130,银价
154,卡尼
324,条件
300,资产
206,经济体
382,落实
265,升级
133,金叉
398,相关
223,收益率
187,国债
295,第二
189,周一
221,毕业生
220,利好
210,意外
390,要求
269,目的
267,程度
256,支出
197,年率
330,贷款
322,产品
268,核心
298,原因
280,经营
232,平稳
258,改变
277,系列
323,包括
311,居民
278,资源
123,季调后
197,创下
217,大众
259,人民币
205,汇率
286,强调
271,国务院
304,这是
375,部门
326,坚持
186,外汇
294,措施
202,降至
251,鼓励
282,具有
191,乐观
317,方式
240,方向
271,看到
260,考虑
223,优化
238,优势
229,状况
178,增加值
236,快速
192,过剩
189,结构调整
265,结合
205,格局
283,世界
186,暴跌
125,均值
269,得到
201,下调
227,能源
181,电力
219,转变
221,农民工
238,补贴
303,解决
211,转移
120,交易员
134,疲弱
202,实体
231,人才
298,地方
233,旅游
186,宏观
220,编辑
183,言论
160,合约
170,经济运行
176,潜在
272,平台
152,薪资
242,消费者
222,合理
121,欧洲央行
165,向上
173,好转
243,职工
140,会议纪要
233,融资
200,澳大利亚
113,下探
244,出台
176,加拿大
238,能够
204,职业
183,投票
161,行长
210,机会
302,万元
191,债券
306,组织
98,拉面
252,重大
245,选择
139,下挫
187,持有
193,委员
207,供应
183,有限
236,工程
167,要素
174,焦点
247,直接
157,万众
172,人社
221,公共
166,巴西
162,产量
142,附图
256,生活
135,初值
178,幅度
182,法国
174,劳动
164,驱动
287,单位
95,高做空
270,教育
217,比例
188,纽约
166,未能
168,物价
202,创造
79,收低
165,压制
180,扶贫
218,协议
171,活力
137,上扬
95,阴线
212,申请
210,越来越
207,试点
178,初步
224,广州
167,比重
234,获得
149,财政政策
141,商品价格
116,产出
182,农民
163,测试
199,启动
185,培训
202,确定
101,分项
175,年初
206,健康
162,冲击
164,信号
97,策略师
117,通胀率
182,常态
231,战略
237,历史
122,美股
133,后市
225,行动
230,过程
203,基础设施
176,释放
168,刺激
213,代表
168,利润
134,观望
152,绿色
149,担忧
246,发生
208,范围
158,供给
196,结束
150,休假
181,汽车
224,明确
160,进口
142,结构性
158,一轮
213,规划
170,讲话
184,不足
138,上调
184,相比
143,新闻发布会
129,减弱
165,高校
194,召开
210,深化
127,形态
188,阶段
156,国有企业
172,引发
154,前期
143,电子商务
190,全省
134,恶化
227,系统
144,盈利
127,概率
190,突出
244,群众
128,大跌
122,回调
191,事件
144,储备
136,帮扶
126,指引
219,文化
140,移民
104,重磅
92,铜价
121,万个
135,低迷
187,质量
106,鲍威尔
102,报收
212,日本
161,布局
193,高度
71,欧市
141,人力资源
126,量化
98,多空
159,月底
117,一根
218,中心
129,显现
125,生产总值
162,新型
131,回顾
192,之间
101,加元
172,发表
164,时期
176,专业
202,研究
104,黄金周
111,徘徊
137,迎来
135,稳健
197,标准
125,缓慢
183,主体
70,回撤
166,最近
174,来源
146,高速
189,任务
120,中期
176,帮助
213,中央
179,产生
129,煤炭
190,保护
175,重视
136,首席
175,确保
165,经验
201,介绍
158,一带
132,拉动
111,年期
110,波多黎各
135,扩张
155,普遍
158,巨大
158,背景
152,值得
141,将于
160,数量
131,今晚
105,职业资格
145,协会
73,消息面
165,反映
72,回吐
126,宏观经济
148,浙江
134,差距
145,基地
132,势头
125,走出
155,矛盾
146,累计
150,状态
78,波幅
108,流出
152,宣布
128,工厂
176,监管
84,苏伊士运河
114,农产品
183,业务
169,委员会
129,新高
127,缓解
101,底部
139,思路
143,恢复
134,判断
183,学生
123,贬值
152,很大
143,体制
176,公开
85,鸽派
150,年底
95,避险
165,第三
153,亚洲
125,石油
124,竞争力
127,采购
168,人士
158,指导
60,周线
82,留意
146,竞争
99,管廊
111,变动
128,局面
129,显著
164,专家
86,救济
82,措辞
144,资料
165,造成
77,路透
157,现象
125,总量
124,流动性
102,产业结构
72,持有量
60,新日
158,强化
126,降息
113,倾向
127,监测
65,参与率
201,发现
129,缺乏
128,公务员
149,养老
132,调控
69,汇通
109,劳动者
115,转向
139,态度
98,一波
107,处在
131,经历
150,协调
99,推迟
135,密切
136,达成
149,交通
148,社区
120,主导
145,准备
128,成长
143,方案
105,反复
92,李忠
200,规定
110,潜力
101,评级
74,阳线
140,城乡
117,负担
55,走势分析
129,有利于
92,就业创业
143,商业
133,前提
108,精准
117,公共服务
137,统计
97,港口
118,物流
99,世界经济
85,时点
117,群体
111,不利
87,受阻
130,说明
85,汽油
111,效益
97,振兴
95,宏观调控
143,无法
130,围绕
52,台币
89,用工
77,校对
116,高级
63,沽空
108,智能
62,粘合
79,亚欧
115,财经
103,参考
105,中小企业
106,明年
122,挑战
125,面的
150,成交
133,面对
106,步伐
97,技能
107,反应
121,证券
82,基点
73,盘面
106,打开
158,上海
80,开口
136,网站
61,看跌
152,家庭
94,粮食
122,下来
142,成功
114,推广
83,东北地区
149,努力
96,惠民
96,合适
100,加剧
109,数字
126,李克强
109,退出
164,人民
79,涨势
133,客户
114,上一
139,办法
63,头寸
112,总额
87,出炉
111,基准
124,科技
160,报道
114,评估
69,布伦特
122,效果
50,黑田
50,金市
116,一致
110,进展
89,经济形势
141,了解
92,联邦
118,必要
95,红色
86,经理人
90,主力
93,适度
150,网络
100,降幅
99,自主
94,增量
99,三大
168,关系
89,大于
150,法律
91,四周
101,巩固
112,金融机构
112,国有
88,兼职
137,深入
67,高盛
128,价值
100,贫困
107,信贷
92,投资人
129,力量
77,经济指标
142,开发
93,股价
75,上周五
106,角度
114,地方政府
93,收紧
88,业态
104,效应
115,生态
76,好坏
119,探索
89,给出
103,毕业
115,体现
91,失望
110,民间
110,决策
106,着力
108,统筹
54,证词
92,最为
112,地位
110,谈判
117,意义
129,购买
119,功能
119,安排
124,近日
117,设施
165,干部
50,季调
87,攀升
77,债权人
89,获利
99,期待
115,大学
110,效率
52,会议记录
103,适应
106,满足
80,瑞士
116,预算
86,辽宁
153,安全
109,限制
99,韩国
63,外汇市场
57,季率
126,给予
85,产业发展
101,半年
96,走向
73,试探
86,时机
72,忧虑
73,工业生产
110,总书记
96,别为
128,规范
108,海外
79,年化
98,社会发展
102,配套
99,残疾人
76,不确定性
128,集团
101,应对
109,税收
75,中性
118,登记
104,享受
73,不佳
98,汇总
98,吸引
87,减轻
108,渠道
99,以前
85,总部
86,看法
55,骤降
93,很快
46,上探
81,金融服务
48,储行
85,升温
42,期价
120,支付
59,减仓
90,轨道
65,仓位
98,伦敦
64,走弱
94,装备
94,信息化
121,统一
86,陷入
43,就业情况
84,援助
99,养老金
78,截止
115,基层
88,平衡
82,激发
65,民营经济
78,轮胎
82,国家统计局
66,齐鲁
54,看涨
110,实行
107,采访
74,网格
121,负责人
98,进程
92,层面
102,注意
125,土地
91,省级
98,养老保险
109,上述
74,升值
76,夏季
83,能量
79,全县
92,担心
57,升幅
45,下影线
76,发力
97,特点
93,立场
100,主动
101,设立
71,返乡
97,信用
53,逊于
85,高空
106,正式
122,习近平
58,稍早
92,注重
50,靓丽
87,移动
83,以往
57,紧缩
86,体制改革
71,欧美
94,回暖
42,收高
96,开放
45,学徒
80,流动
97,收益
57,糟糕
80,解读
79,年中
81,分类
125,领导
94,运营
83,回到
72,产业链
49,买盘
90,举措
102,贯彻
76,跨境
52,成屋
101,全市
90,埃及
62,美国第
88,工具
79,活跃
80,万户
70,萎缩
78,门槛
126,行为
97,员工
39,行情走势
52,彭博
88,占比
90,不够
47,普拉斯
88,调研
88,湖南
103,人们
53,发散
87,相当
61,之称
79,亏损
56,运河
94,账户
56,星期四
105,伊朗
96,不到
82,定向
82,令人
98,一家
60,求职
57,日均
74,航空
55,建筑业
84,通道
54,偏向
91,大型
99,对此
71,红利
77,事业单位
51,离场
40,行情分析
44,图来
64,飙升
72,亮点
73,将对
73,政策措施
50,升势
89,迅速
51,计价
70,全球化
61,激进
88,特色
80,防范
80,电商
80,收费
86,肯定
66,削减
72,吉林
76,园区
68,加工
105,告诉
73,级别
69,兰州
91,道路
65,创业者
67,商务部
77,协同
79,开工
91,健全
43,新屋
72,社会保障
105,专项
76,市场化
86,多年
58,贡献率
42,偏空
71,重申
73,积累
75,理由
43,夏洛特
92,形式
128,住房
78,入市
90,认识
85,俄罗斯
77,中纪委
71,依托
69,报价
41,清淡
64,最快
63,薪酬
79,待遇
97,地下
113,共同
88,多个
78,担保
58,重回
77,进步
59,吸纳
66,垄断
89,手段
57,预示
63,展望
87,品牌
104,举行
75,用人
79,构建
80,财富
83,日前
81,贡献
76,放在
80,股票
78,高端
62,消费品
46,十字
78,自然
66,图形
65,新华
54,素有
64,缩小
83,发放
64,外贸
67,足够
55,悲观
68,提示
75,展开
83,科学
78,实际上
60,稳定性
85,费用
105,执行
66,落后
104,书记
75,电子
76,相信
45,预料
44,数据处理
101,维护
52,回稳
57,中国制造
66,节奏
64,大城市
64,非洲
72,提到
73,遭遇
34,天津港
108,政治
80,现实
52,停产
61,降温
89,涉及
66,京津冀
64,发达
61,工业化
50,探底
81,只能
82,权益
54,新动力
58,经济工作
76,经理
58,社会保障部
39,日圆
54,减税
70,三年
41,英伦
59,小型
67,引领
32,货币政策委员会
118,责任
76,培养
86,思想
72,类似
61,超出
41,核桃
66,等一
69,特征
80,对象
62,警惕
62,乡村
54,对冲
38,储可能
50,宝马
81,时代
67,示范
70,存量
58,理事
67,商业银行
69,五年
72,多种
68,城镇化
57,本土
54,临近
62,生意
53,跳水
48,申领
52,美金
86,联合
75,劳工
61,万吨
56,集聚
54,金融业
81,拥有
55,单月
59,买入
63,纪录
59,外出
74,发行
84,意识
37,中线
77,不要
70,上来
58,重组
49,铁矿石
58,转换
70,党中央
60,违约
45,施压
97,精神
61,促使
73,部长
59,看好
58,逻辑
62,组合
59,之际
71,食品
74,铁路
47,一日
55,农户
55,中长期
54,统计局
61,总数
51,技术创新
68,成效
55,实事
54,点评
69,智慧
72,还要
54,略有
78,下午
76,广东
67,财政部
32,投票权
32,恒指
62,许可
60,尝试
62,体验
46,农业发展
38,希腊议会
33,贴水
70,建成
42,再就业
49,率高
33,百点
56,表态
77,用于
31,空仓
70,复杂
54,经济社会
73,纳入
68,主管
72,世纪
56,发展战略
60,后续
54,衰退
57,品种
36,暴增
60,省政府
72,年度
34,巴克莱
85,总理
63,免费
70,官方
70,先进
59,备受
66,村民
78,交流
38,平淡
47,稳固
53,止跌
78,保险
61,外部
88,利益
68,相应
39,日高
51,通缩
48,生产率
82,民族
79,有限公司
59,障碍
48,抛售
70,审批
78,香港
59,高效
51,至关重要
49,就业机会
64,工人
56,凸显
66,是由
69,覆盖
73,保证
41,赞成
60,一体化
60,年龄
36,竞价
59,意愿
63,提前
64,放弃
63,事实上
59,不错
52,国会
68,多人
48,下游
55,失败
29,德国商业银行
46,高技术
53,吉林省
69,线索
60,具备
60,改革开放
44,进场
79,面积
66,在内
52,标准化
62,有力
73,证明
76,打击
50,赤字
50,进出口
61,落地
64,业绩
50,破产
52,种植
58,有利
64,机遇
88,处理
67,应用
42,祝宝良
55,行政审批
65,避免
54,梦想
53,机器人
34,就业问题
54,耕地
54,本地
47,决定性
48,脱贫
69,医疗
52,职位
54,昨晚
50,站上
45,美国商务部
55,影响力
38,过山车
36,消退
45,逆转
55,钢铁
69,评价
57,氛围
54,伴随
50,三轮车
43,九月
63,司机
58,人群
29,余点
35,德拉
46,足以
49,中表
51,爆发
36,钻井
60,客观
66,觉得
46,来临
64,长沙
61,日报
70,设计
42,债市
51,趋于
56,福利
61,深刻
56,制约
58,共享
66,实践
54,企业家
43,受限
53,国民
63,事项
43,涨跌
67,对接
75,学习
36,减产
54,规律
52,年第
55,局势
48,涌现
59,财务
57,补充
45,西班牙
50,开支
35,万至
62,来到
49,减免
53,依赖
52,旅游业
58,投行
51,现出
32,母乳
46,微观
52,东部
55,适当
30,邦达
30,美林
47,反映出
71,成员
46,修复
56,人次
59,记录
43,三轮
47,动荡
50,黑龙江
60,优先
45,位在
62,运用
44,注明
37,利用率
53,考验
49,循环
64,朋友
55,寻求
35,熊市
61,计算
73,一名
50,也就是
60,对外
68,原则
52,民营企业
61,愿意
77,学校
57,工会
55,湖北
43,葡萄
52,动态
45,基调
52,市场经济
30,英皇
51,月初
48,天下
55,团队
34,密歇根大学
49,传导
48,意大利
38,预测值
59,从事
48,电网
41,逼近
52,激烈
63,民众
49,远远
56,是从
50,到来
35,谨防
58,关心
51,研究员
52,省份
38,减息
50,开启
55,感到
58,视为
74,深圳
58,已有
27,牛汇
50,适合
52,回归
54,积极性
64,承担
52,时刻
31,在线教育
45,务工
53,研究所
58,现有
45,吸引力
61,设备
53,由此
57,子女
48,万名
40,龙头企业
62,集体
31,四小
41,六年
43,收复
45,系统性
56,公平
64,局长
57,警告
66,主任
50,生存
50,清晰
57,容易
28,金道
81,房价
52,新区
60,事情
54,心理
36,临沂市
37,美国联邦
25,精矿
43,何时
58,承诺
37,站稳
29,小阳
38,财政赤字
74,孩子
62,事业
42,新产品
43,战略性
62,反对
40,失业保险
47,激励
24,贸易商
53,充满
36,经济状况
60,正常
32,整数
44,缺口
36,逆势
27,三角形
46,长江
40,阴影
50,聚焦
50,印发
39,能进
42,交易所
47,领先
34,中值
42,景气指数
46,对应
44,青海
38,七月
49,百姓
39,价位
51,优惠
32,皮革
37,经济政策
52,确认
51,距离
54,分配
44,路径
49,差异
32,韩元
48,年轻人
36,英国经济
40,跟随
47,中旬
35,华尔街
45,明了
29,升水
49,深度
44,衡量
60,社会主义
57,印度
36,风向标
34,失守
44,白天
47,重要性
51,第四
51,营造
44,摆脱
29,喂养
53,背后
52,运作
49,大规模
48,是非
29,倍率
46,银行业
35,连续性
42,中西部
39,部将
50,难度
51,资格
49,失去
49,杠杆
44,优惠政策
35,开工率
54,了解到
44,拓宽
51,定位
27,市场预测
34,朴槿惠
24,中长线
55,中新网
42,医学
39,矿业
43,调动
58,建筑
49,有助于
39,均衡
40,四年
33,立群
60,工作人员
42,壮大
40,高出
53,威胁
58,环节
40,金属
41,合作社
52,提醒
32,不景气
42,测算
28,钢厂
44,流通
39,水准
42,人力
51,解释
24,金论赢
39,沿线
50,观察
55,透露
25,电量
44,过度
40,准入
48,大局
36,激增
49,所在
43,过多
43,泡沫
22,前景展望
42,设定
42,大幅度
24,金汇
39,美国政府
57,用户
48,职能
48,十年
41,等级
35,带上
38,高水平
25,金威肖
43,中小
24,微跌
51,理论
29,普尔
33,急于
32,换挡
28,季节性
36,国际货币基金组织
42,猪肉
47,以为
41,赚钱
48,唯一
24,花轿
37,车牌
37,生产力
40,悉尼
29,求人
44,商务
46,缴纳
37,内需
42,自贸区
59,联系
46,寻找
53,成绩
43,偿还
30,技工
40,史上
50,兴趣
33,招商银行
31,就业率
36,减速
39,替代
30,韧性
22,高见
37,养殖
30,平仓
40,延长
28,关注点
50,发言人
28,公投
28,衰减
41,步入
43,开通
54,做到
53,金额
47,丰富
37,发电
67,监督
38,消费需求
42,看出
36,环球
39,集成
45,说是
38,缩减
57,认真
39,年末
32,论调
28,示范基地
34,乏力
47,主题
42,营业
50,批准
26,交易商
45,商会
43,前来
41,决策者
35,生育保险
36,日本经济
46,青少年
56,法治
33,长城
45,乡镇
30,择业
23,连阴
37,科技创新
34,个人消费
42,省长
48,年代
29,即期
54,市民
36,扭转
36,叠加
37,交叉
42,每日
50,防止
29,希腊政府
42,联网
49,上市
44,注册
32,下岗
35,抄底
54,文件
49,团结
67,机关
32,水务
58,医院
26,明朗
48,期限
42,缴费
56,办理
30,林左鸣
37,要约
42,严峻
41,都可
42,主流
38,走出去
43,青春
31,相符
41,分歧
44,导向
45,难题
50,先后
48,文明
47,杭州
32,几率
24,布拉德
35,研判
46,大国
22,琶洲
22,上影线
54,房地产市场
36,差不
44,天津
45,广西
41,政府部门
47,同意
42,沈阳
42,引进
43,知识产权
32,农药
24,邹乐涛
34,国际金融
36,流向
39,动员
56,游客
27,资源型
42,晚上
26,产地
45,思维
54,总统
42,跟踪
38,村里
26,不振
37,周末
43,户籍
38,生态环境
52,小区
35,景气
44,退休
42,座谈会
30,职业技能
30,玉米
36,被迫
42,热点
34,大类
26,跌到
22,成份股
46,认定
31,成县
34,月度
36,广阔
45,华人
39,困境
45,设置
28,劳动法
30,技术指标
36,债权
43,强大
33,关注度
35,全线
27,最低点
35,实物
24,图表
37,外资
44,运输
38,荷兰
29,通讯社
34,增至
46,存款
28,华尔街日报
40,针对性
52,所谓
31,纪要
36,资助
28,耐用品
33,零售额
22,参半
37,国民经济
33,经济网
25,东三省
42,现金
35,产业政策
35,新技术
52,社保
46,研究院
35,有意
27,机械化
34,微调
36,工作任务
37,力争
34,益于
38,他指
39,估计
41,多元
26,就业工作
35,转为
19,储就
45,联盟
39,谢谢
33,定力
38,实质
33,取决于
35,滞后
28,波动性
25,交割
32,产业化
27,登记注册
42,规则
26,钱庄
32,有效性
42,成熟
30,农田
44,正是
32,迫使
34,总工会
48,成果
29,理科
42,到位
30,贴息
41,日晚
40,板块
42,繁荣
41,总结
33,商标
29,天然气
52,负责
37,保安
40,理想
29,电价
37,绿城
41,第一次
46,方法
41,最多
41,有着
33,示范区
32,国企改革
38,试图
38,不明
31,政治局
55,台湾
36,费率
32,短缺
30,反转
41,坚定
23,道琼斯
36,目录
31,高涨
33,珠江
40,武装
41,山东
33,商贸
34,表述
34,盘活
36,占据
25,期货日报
34,经济报道
31,猜测
30,往年
35,可持续发展
31,区域性
40,中国政府
41,扎实
45,软件
43,医生
29,国有经济
40,外国
25,小麦
25,军转
32,资讯
37,可在
21,不破
35,可谓
30,减缓
33,期望
40,多家
39,遭到
36,不在
50,检查
31,争论
25,土鸡
29,春华
36,增多
37,授权
39,人生
38,固定
36,调节
49,行政
42,经费
38,咨询
33,置换
45,欢迎
32,压缩
37,热情
27,就业服务
42,居住
49,程序
21,大丰
35,打算
42,允许
28,经济日报
39,同学
38,同步
29,内生
20,将令
20,告结
43,讨论
29,松紧
19,数据发布
19,张莹
30,倒闭
34,沿海
31,速比
27,预调
43,理念
34,毒品
25,畜禽
32,简称
33,新能源
29,背离
27,平均值
36,考试
35,放宽
36,湖南省
32,优于
35,全社
35,对比
32,闲置
37,营销
39,紧张
31,受访者
34,三线
22,电厂
41,通讯员
18,信号线
44,均价
36,结算
19,受压
39,医保
48,党员
24,增产
46,举办
27,做大做强
29,高估
27,现代农业
22,于每
40,特殊
36,统计数据
33,攻坚
25,促进就业
38,补助
35,奋斗
40,儿童
38,工商
38,革命
46,合同
30,引擎
44,上午
32,供需
27,罢工
26,坦桑尼亚
22,汤森
48,公积金
22,平减
33,三农
32,夯实
36,法律法规
19,章由
39,现状
34,及其他
29,原材料
33,初期
29,工资标准
22,银山
22,犹存
32,载体
31,艰难
30,大盘
23,资源环境
39,做法
39,之路
19,高至
25,含金量
46,地产
39,签订
33,显得
31,司长
35,动作
26,特困
30,资源配置
38,现代化
36,途径
32,不仅仅
30,增大
33,细节
38,理解
26,交办
35,编制
31,盲目
21,创业政策
28,创新型
39,框架
33,旨在
40,老师
36,约束
34,小于
19,捷运
24,质量安全
21,面馆
23,资信
35,质疑
37,签约
32,巴黎
27,外流
27,到新
33,每一
27,大典
20,君主
22,雷亚尔
20,宝金
28,击穿
20,价差
24,库存量
29,国务院办公厅
22,国家信息中心
29,迈出
33,也就是说
31,全民
17,勾头
35,标志
37,广东省
33,资质
29,助推
25,时来
37,素质
38,知识
27,资产负债表
31,增减
28,兑现
19,差值
36,观念
30,市政
50,违法
28,富民
32,薄弱
27,弹性
32,再创
28,停滞
31,证书
27,转正
32,相当于
22,登场
19,顾问公司
18,重化工业
18,盖过
30,首要
35,平等
30,创办
36,额度
26,数值
33,增值
22,连跌
22,有变
31,消失
28,耐心
28,生产经营
24,强硬
30,救市
30,基建
33,一人
29,意图
35,协定
27,趋向
28,最长
32,心态
17,油市
17,日经指数
25,单日
36,江苏
26,社会责任
38,理财
35,称为
27,短板
32,联动
42,权力
25,种养
32,所长
32,长时
28,增长点
27,剧烈
32,部副
19,连阳
19,备件
34,获取
23,招聘会
38,凌晨
22,农业科技
26,改革举措
27,收敛
29,扩散
28,无力
36,自治区
32,物质
28,前夕
24,三角
42,宣传
22,裁决
40,损失
32,外界
30,湖北省
26,不足以
36,发出
39,车辆
25,创出
41,自由
25,马车
36,遗产
24,村官
21,塞西
25,助学
32,走进
28,重大项目
28,倾斜
37,职责
31,牛肉
31,负债
23,海康
25,激励机制
25,减持
24,竞争性
28,多重
24,看点
23,优势产业
26,增效
38,公众
27,顺应
28,动摇
26,浪潮
28,版权
25,全美
29,低保
38,独立
24,纳斯达克
31,复兴
24,港股
27,中国人民大学
32,创建
30,对待
38,合法
28,保值
23,花旗
30,在建
29,兴业
37,沟通
17,日历
36,抓紧
37,教授
26,进一
25,延迟
25,低端
20,运费
38,优秀
39,成交量
51,西藏
39,事实
18,新加坡元
32,电视
21,塞夫
23,坚挺
29,服务平台
25,逆差
35,成都
32,决心
21,铜矿
24,规模化
26,占优
22,收盘价
29,前进
27,崩溃
24,势将
34,研究中心
23,维度
23,上文
27,休闲
25,省会
16,嘉盛
27,最小
33,伟大
29,中指
33,中国人
35,八大
38,心
28,搬迁
31,窗口
35,争取
31,阿姨
19,稍后
26,便利化
20,全力以赴
35,院长
31,陕西
35,自信
21,总行
31,合计
27,渐进
19,劳工部
32,不良
25,雇主
31,落户
21,缩量
18,学联
34,形象
20,拉低
33,广州市
26,产值
17,道明
17,走势图
23,不良贷款
28,带有
20,能耗
23,收官
27,食品安全
33,改进
28,考生
32,棚户区
27,算是
34,感觉
33,征求
32,过来
26,黑龙江省
43,犯罪
21,戒毒
31,地铁
20,东丽
28,基金投资
34,主权
29,吸毒
29,原有
28,涵盖
26,工程师
29,带领
24,压低
30,第五
27,阶段性
24,议会
21,三周
32,老百姓
18,收尾
23,在岗
27,买家
20,垫底
25,管理费
33,传播
30,走访
35,论坛
24,撬动
31,红网
19,道县
26,跟进
22,篮子
20,大豆
23,综合体
15,四开
26,设在
15,箱体
15,挂单
15,储已
26,须要
27,交通运输
17,交易者
25,青联
27,上学
30,参保
24,服务工作
35,治安
29,记者会
30,修订
16,空方
30,怀疑
29,干预
20,工业品
28,密集
18,税收收入
24,回报率
32,总经理
28,剩下
25,博弈
27,相反
27,日发布
29,转化
40,党委
29,在线
32,树立
16,陪葬
36,专题
34,互联
27,上表
22,航道
35,父母
27,阻碍
26,见习
31,皇家
24,催生
22,金山
32,境外
26,实时
25,辽宁省
27,跟着
33,家长
35,普通
40,巡视
24,大关
18,营建
28,小额
25,企业融资
22,职业培训
25,拉开
17,反倾销
31,广告
32,定价
28,适时
27,变革
27,聚集
35,权利
31,便利
26,文科
23,强弱
31,董事长
33,秩序
25,甘肃
26,三十年
30,著名
17,抗跌
14,宏亮
30,借贷
22,要闻
34,回应
27,天气
33,用地
29,满意
31,余额
31,延伸
25,从小
22,芝加哥
28,阳光
15,急升
35,北京市
32,损害
32,学院
23,缩影
31,垃圾
24,二大
26,中国企业
25,剩余
19,海通
21,入场
20,产销
22,升高
29,有序
24,贫困户
26,道理
26,上演
18,市场分析
24,同等
25,助力
28,分为
32,多名
28,互动
25,原创
27,又是
26,墨尔本
49,成员国
27,既有
29,面向
17,受累
27,本质
21,支柱产业
27,回报
22,大增
29,河北
28,组建
24,流入
22,出处
24,到期
24,估值
28,奖励
20,加码
28,不适
24,关键词
18,量能
18,财政金融
27,分工
15,李健
30,法规
26,个体
23,曲线
20,大戏
27,打工
23,交易平台
19,招工
19,工业发展
21,汇丰
28,排名
26,组成部分
23,致富
15,砝码
24,正常化
30,奥巴马
18,绩优股
19,船只
18,超低
22,对称
21,交易市场
32,破坏
19,盛来运
23,智能化
22,房市
30,日至
26,供求
25,风暴
25,内在
22,直言
26,提及
23,新一代
25,龙头
20,满族
25,人心
29,身体
20,阵痛
26,借鉴
16,螺纹钢
22,外债
24,卖出
25,减小
22,调查报告
22,毫无疑问
15,德意志银行
34,通州
19,力挺
30,停止
14,金叉放
14,标售
26,进度
20,全国青联
25,分布
26,受益
19,详见
20,源泉
40,新华社
17,走好
25,高峰
20,推介会
20,佐证
22,酝酿
24,实质性
19,关键性
25,美丽
16,中上
23,创始人
19,商学院
19,旺季
26,下发
25,不小
19,八月
26,轻微
27,习惯
15,伦铜
23,热门
24,完好
28,利息
21,萧条
19,用电量
14,自闭症
21,债券市场
31,清单
13,金行
18,创纪录
24,意向
27,高新技术
27,控
24,阴阳
24,部委
26,崛起
26,大赛
28,本文
27,拉美
17,治污
19,正轨
22,出发点
25,预警
24,热线
26,角色
23,家乡
29,审议
21,余地
15,溢出
15,压轴
28,收缩
23,困扰
17,确信
30,生命
14,骤减
24,政府性
22,偏好
28,收购
18,分水岭
24,工地
26,泰国
23,高层次
21,印证
19,水质
25,放松
24,忽视
23,抓手
25,温馨
20,张祖德
26,想要
22,永久
19,开行
16,遇阻
26,化名
28,名义
17,断崖
22,人气
27,完整
22,留守
25,确立
17,张霞
20,顺差
33,同志
14,数据表
23,匹配
19,职场
23,中部
17,人网
22,充足
24,生猪
40,中方
21,报考
24,定点
25,年间
24,长春
24,感受到
13,启东
22,不宜
25,特定
16,薛某
21,估算
21,国务院发展研究中心
29,副主任
17,比值
21,高标准
26,行业协会
20,公益性
22,热潮
24,上线
20,王岐山
19,外币
20,转岗
30,亚太
27,回答
28,四川
25,作业
17,中间价
22,辅导
24,想法
23,致使
25,长远
26,借款
27,说法
26,理性
26,声音
22,多层次
24,上世纪
37,立法
30,队伍
26,价值观
20,找工作
19,瑞银
24,假期
21,全额
19,中央银行
17,交通安全
22,在外
25,校园
25,旗下
16,尼克
22,划定
29,经济带
17,深加工
22,不理
23,脱离
18,薪水
18,大通
24,长沙市
21,忽略
21,价格指数
26,申报
21,次日
22,军民
21,中澳
18,彭博社
18,威视
20,不支持
31,商品房
18,供应链
25,业内
18,摩根
23,政务
27,卫生
14,荣枯
14,减收
26,副主席
20,迈向
27,概念
20,所有制
20,低下
27,场所
24,内涵
31,省委
22,不行
17,跌跌
17,择机
27,承认
19,周期性
13,上周四
13,库欣
20,投机
22,机械
23,到达
29,身份
25,会同
14,淹城
22,出租车
21,审慎
22,答案
25,溢价
28,材料
12,蔡昉
12,央行货币政策委员会
23,动向
24,南非
26,共计
16,午后
14,戒毒所
23,阁下
19,大妈
23,出国
24,机器
24,快递
21,缩水
19,节水
22,响应
18,偏离
14,高抛低
14,袁锦霞
13,势能
26,适用
16,上保
22,小康
22,大门
24,品质
25,仪式
20,比率
25,流程
23,美好
21,能达
27,派出所
29,小组
14,机率
23,独特
25,并将
17,管网
20,个性化
26,股权
19,附加值
34,审计
23,想象
14,史蒂文斯
25,销售额
13,阳柱
16,周六
20,并称
21,争夺
23,放开
25,妈妈
18,前日
20,恐慌
22,南沙
26,谈话
22,年到
28,典型
26,老板
21,高铁
25,表达
23,创意
22,行至
18,回乡
17,未果
15,询价
21,变为
21,挣扎
18,偿债
23,上班
26,新加坡
22,起点
23,大大
12,放空
12,农膜
19,投产
22,志愿者
21,本金
13,储仍
24,驾驶
18,峰值
26,方便
22,中国青年报
15,失地
14,示范县
16,开采
21,投资项目
17,季报
23,西部
23,衔接
15,废料
26,实力
21,离不开
26,命运
23,一次性
22,发布会
19,专注
27,证据
22,重返
22,良性
23,每一个
30,非法
21,下旬
28,周边
20,重心
24,通信
35,腐败
23,顶
24,上市公司
21,说道
24,国防
18,趋势性
23,关闭
16,月利率
19,跨区
17,回旋
23,高速公路
20,增值税
17,穆迪
21,前列
22,卡车
17,反差
37,双方
16,多日
15,受挫
12,金牛区
12,公债
12,储票委
22,浓厚
18,月薪
18,中介服务
13,净空
21,尴尬
18,主线
19,社会化
16,配方
20,强国
20,发展规划
25,城区
25,一道
22,政府工作
19,没法
17,放权
24,路线
19,科普
24,管理办法
18,经济危机
23,中共中央
21,谋划
21,工伤保险
23,老虎
23,涨停
17,外资企业
25,幸福
24,强度
23,重要讲话
19,光伏
18,阵营
26,尊重
17,市场占有率
17,不休
31,执法
12,中南大学
21,总裁
15,生鲜
22,投资基金
28,务实
20,中国人民银行
22,合并
19,服务机构
21,多亿
17,良机
14,遂宁市
24,督促
20,牛市
22,份额
20,嫌犯
19,老龄化
18,开发工作
14,页岩
22,敏感
17,有色
15,服务公司
14,中方县
23,依法治国
27,招生
14,五日
21,回国
11,常弱
11,万手
12,经贸委
25,手续
34,住宅
18,数年
18,工业园区
21,高潮
25,推荐
21,个股
20,终结
21,摘要
20,小镇
27,酒店
15,银子
14,自驾游
19,工伤
16,日美
17,自负
20,留在
18,中央政治局
19,厂房
16,市场供求
23,下去
20,说服
18,人才培养
17,受制
15,高通
21,国际化
12,宣讲队
18,卫生院
20,简化
16,共青团
22,以下简称
21,立足
29,领导人
12,黄金矿
20,解决方案
14,中略
21,多元化
24,隐患
16,了结
21,减慢
15,注意力
13,点子
19,免收
18,不远
21,诞生
26,担任
21,项目建设
15,户数
19,惊喜
19,入驻
20,受访
22,辩论
19,调度
15,议和
21,区别
17,技术改造
17,低速
14,陈东琪
17,生活保障
27,视频
12,点金
12,崩塌
19,商事
28,电话
17,葡萄牙
31,反腐
14,开班
22,高温
24,离开
17,托底
21,节点
19,贫困县
22,写道
13,出口量
17,弱化
17,先前
26,其他国家
11,欧盟委员会
11,周度
16,偿付
18,二轮
23,反馈
19,作证
21,定义
18,高企
13,埃及政府
14,跃升
24,披露
25,作风
18,退役
18,新开
17,行政村
20,爱心
14,过从
14,深成指
19,双向
22,总局
18,过半
18,会通
16,外需
16,加明
16,中立
12,按摩师
12,储还
23,环境保护
18,充裕
17,分数
21,知名
20,货物
18,重点项目
18,六成
19,常大
19,县城
16,专车
21,异地
21,会员
24,业内人士
17,实惠
21,销量
16,风口
16,城市群
14,生产性
21,遗址
12,投资移民
16,综上
21,回忆
23,缴存
21,开设
17,劳动合同
11,追赶型
14,生产基地
21,验证
20,研究部
17,疑虑
19,艰巨
16,私营企业
28,通报
24,东西
13,李锦
20,综述
15,互换
19,青睐
18,沉重
18,用电
21,税务
20,请问
29,共识
21,安徽
18,阿里巴巴
22,出发
22,呼吁
21,注意到
12,桥村
18,纲要
22,契机
17,低谷
18,开办
24,副总
16,今明
16,滑坡
21,赢得
16,陈述
15,上任
24,争议
21,诚信
20,心里
14,平均每月
12,预览
16,脱贫致富
19,最初
20,印尼
23,县委
17,世界银行
19,生产者
21,协作
14,喘息
21,乘客
18,孵化
19,迫切
17,撰文
17,波段
18,终端
16,买车
23,于其
20,学历
14,联席
18,场地
14,陈云
14,支点
17,蓬勃
18,高等
17,日来
16,社会经济
16,天使
18,中等
21,舞台
17,非公有制
20,实习生
20,层次
23,获悉
19,实施方案
12,休市
16,方正
16,回流
20,应有
25,办公室
23,中新社
17,行列
17,正值
11,希腊人
21,领取
17,看不到
18,疑问
18,尤为
13,分行业
20,不久
19,慢慢
17,更具
20,后果
13,畜牧业
16,候选人
18,大连
11,湘潭大学
11,收市
17,新一
15,贷款率
16,石化
22,信托
17,首选
11,粤东
16,可观
17,抵押贷款
15,财政部门
19,低价
19,上去
17,多来
17,中国银行
17,煤矿
17,假设
13,黄艳
13,摊贩
22,分散
11,合金
18,政策性
19,银监
19,其中包括
22,列入
19,人民日报
21,全方位
13,顶住
13,完整性
16,体量
17,法律责任
18,北美
15,贫困村
18,流转
20,牵头
12,预演
17,远离
17,称之为
16,着力点
17,景观
15,国家旅游局
19,留学生
18,小康社会
16,真实性
14,工业区
23,重庆
15,以经济
20,成就
20,暑期
19,年金
21,各界
18,好事
20,党政
17,稳妥
20,演讲
18,关爱
15,成品油
15,关停
26,公告
17,金融产品
18,认证
18,社交
14,准确性
17,日下
17,新旧
13,宽幅
18,缩短
18,不平
17,承载
16,顶部
15,技术性
10,永丰
18,毕竟
13,有把握
13,上图
16,零部件
16,施策
14,国际贸易
19,检验
20,波兰
14,绍兴
11,澳新
18,办好
12,三连
20,妥善
15,束缚
13,临沂
18,源于
18,供应商
15,劳动密集型
15,启蒙
18,保证金
13,进村
19,年时
16,住户
13,宏源
28,警方
23,军队
20,在一起
17,兴起
24,纠纷
13,决战
17,更快
16,公立
21,日常
18,缺少
20,禁止
15,报到
15,年半
20,市政府
19,重复
19,模型
18,制订
15,普遍性
13,期权
13,常高
20,不想
16,储量
14,在即
19,东京
12,卫计局
10,职业院校
10,纳金
11,行空
13,分析研究
17,水利
11,拉伸
12,吴文学
17,瓶颈
15,年的发展
16,教育培训
23,常委
19,感受
16,抱怨
21,组成
12,颓势
21,街道
13,最高点
20,办公
14,事业性
16,失衡
13,临界点
19,最佳
13,宋卫平
18,未成年
16,激情
17,有待
20,缓和
18,庞大
20,执政
12,宿迁
14,大方向
18,无奈
19,听到
16,加权
18,经济学
18,着眼
17,场景
19,华侨
19,学员
15,自动化
17,常规
17,坚实
12,瑞讯
15,常好
13,焦虑
20,年至
17,土壤
18,美日
18,南方
12,来美
21,错误
15,仓储
11,外汇交易
10,高开
10,郭姓
10,排位
10,难言
19,提速
15,全天
16,巨头
17,多样化
19,见到
18,走上
20,控股
12,招录
12,免责
17,传媒
14,规模较大
16,为政
20,全区
13,爱民
17,短短
17,子公司
13,分析报告
16,院校
12,就业前景
17,流失
14,潜能
18,弥补
11,关键点
16,艰苦
17,颁布
11,用油
15,雇员
22,新疆
13,销售量
15,金砖
12,相关性
17,一面
18,科研
13,收费项目
13,中银
18,出行
14,锐减
14,两区
18,展现
18,对手
18,封建
19,福建
20,第七
14,工业园
16,前行
16,海宁
16,充实
11,强心剂
15,雇佣
17,季节
11,振荡
16,惊人
17,一代
13,高利率
14,生态保护
16,散户
23,签署
26,房屋
13,沃尔玛
18,名称
18,分行
20,施工
15,离岸
15,回购
16,端的
16,北方
14,配额
19,认可
21,部队
17,月前
16,网点
15,总人口
11,空港
11,低落
12,过长
13,投机者
15,专场
18,享有
11,超跌
11,萎靡
12,张峰
14,持续性
15,低收入
12,面源污染
12,种业
17,融资担保
10,购买量
13,可期
14,滨江
17,扩展
16,果断
12,游走
13,初创
11,长上
18,话题
17,正面
13,昭山
20,公路
26,男子
11,乳制品
16,只需
16,出场
14,大臣
14,境地
19,回来
15,房地产业
17,生产商
21,计算机
9,瑞达
9,汇市分析
9,作收
13,大市
10,轿夫
10,主产区
14,工商户
14,历年
15,在校
18,开发区
19,管理局
12,检修
15,合伙
17,筹集
16,晨报
19,公益
24,违反
15,欠款
12,禁行
17,明白
17,可以通过
19,河南
16,地处
15,来回
25,查处
13,圆梦
12,周日
11,限产
17,一本
12,大鹏
15,股票市场
16,限于
20,飞机
15,珠三角
14,盈余
14,烦恼
14,七年
14,生产效率
14,内可
21,学者
22,老人
12,石油输出国组织
16,地域
18,西安
10,单点
12,强于
14,操办
17,营业税
16,完美
13,时隔
11,雪上加霜
12,辅导班
14,好消息
15,涉农
12,中高
25,先生
19,高层
16,元和
13,前科
14,必要性
16,不安
14,网店
17,携手
19,共赢
13,暂缓
15,沈阳市
10,强县
12,南韩
14,相比之下
11,目标值
11,丹阳
9,王永良
18,相同
17,实习
14,保障局
10,陈建华
13,求职者
13,接续
13,交替
17,新华网
11,退税
11,比价
17,力大
19,草案
16,拖欠
19,市长
15,看似
15,不减
13,一般性
12,制造商
13,证券交易所
16,研究报告
11,美国市场
9,呼和浩特市
11,卖空
10,重压
13,触发
13,冶炼
18,全村
12,集中度
12,融资租赁
17,规范化
17,学会
15,拨款
15,适量
18,云南
17,医疗保险
13,套利
11,赶超
15,承接
16,主义
15,达标
15,百年
15,关税
12,报复性
11,资金面
12,招生计划
18,家里
15,大地
10,花旗集团
17,分公司
16,青岛
13,弱势群体
14,配送
14,要点
14,纠结
15,进城
20,官兵
11,难受
9,祝您
9,炼厂
9,平水
9,内亚
13,静态
15,综合性
15,医疗卫生
15,机组
19,发酵
14,关门
16,遭受
15,深远
19,飞行员
17,买卖
18,办事
18,中华民族
19,义务
11,吉林大学
15,链条
12,核心能力
17,发起
15,偏低
19,家人
20,山西
10,涌动
12,总产值
14,致命
11,天通
17,面前
12,特色产业
12,陆克华
11,转型期
14,劳动关系
15,一句话
12,丰收
14,大户
17,处长
15,之家
11,常帐
14,涌入
19,主张
15,丧失
16,狠抓
15,现价
18,药品
10,灌区
17,不知
17,贵州
12,储蓄率
16,办事处
16,提问
9,郭嫌
9,机会成本
15,不良资产
18,女性
13,新疆生产建设兵团
14,总收入
15,红包
12,招揽
19,教学
12,中航
16,数额
15,急需
15,任何一
10,农田水利
16,试验
12,大姐
15,学费
12,空缺
17,山区
19,冲突
16,北京晨报
10,块状
16,第六
20,死亡
15,精英
12,药品目录
12,产品开发
13,工程技术
15,跨越
15,起步
14,提议
14,批发
10,数位
22,女士
16,开创
16,内蒙古
15,上限
9,拉锯战
16,代价
17,租赁
18,年轻
14,次数
9,法国兴业银行
9,储仍可
18,舆论
13,市场行情
15,可靠
14,参与者
14,全球性
11,出口加工区
17,底线
14,住宿
13,化肥
16,过桥
12,欠佳
13,大都市
17,幼儿园
10,振兴东北
15,本科
17,前面
12,橡胶
15,摆在
18,妇女
17,营养
17,拆迁
17,名单
13,发债
13,到家
17,里面
14,北京大学
14,多方面
11,工时
11,爬坡
14,物理
14,名校
10,微涨
22,领导班子
19,委托
18,查询
10,消费国
12,恒生
15,录取
14,残疾
17,便捷
13,企业所得税
9,商贸城
14,护理
16,学术
17,课程
16,众议院
17,中一
22,手机
12,工种
11,高后
14,考量
17,万余
11,直销
14,重启
13,高新区
11,昭通
10,落空
10,宿迁市
13,希拉里
16,愉快
18,买房
17,传达
21,党组
14,边缘
11,马背
15,教育部
15,专业化
15,研究生
14,北上
18,危险
9,技术移民
14,隔离
15,火爆
11,扩大内需
18,胜利
12,例会
16,巡视组
14,天然
18,感谢
11,堪忧
8,经营方
8,纾困
8,福汇
8,强可
8,保中
17,适宜
17,听取
12,旅游局
17,路透社
14,航运
14,强力
13,路线图
13,市场价格
13,免税
18,伙伴
11,黄埔区
14,追踪
14,惠及
13,质押
13,可持续性
15,经营权
12,矿山
15,竣工
11,否决
9,中下
15,轿车
15,出厂
17,接触
14,何在
11,工具箱
15,近年
14,贫困地区
13,新材料
10,商都
12,服务员
9,木工
17,协助
11,旧金山
11,机床
12,网络化
18,担当
13,枢纽
15,志愿
14,场合
16,频繁
12,金融债
13,入股
10,快慢
26,案件
13,高风险
13,偏远
17,新中国
11,首钢
13,相差
13,因地制宜
11,技术服务
9,铂金
10,殆尽
13,兼并
12,消费税
10,时显
13,脆弱
13,夸大
10,逾越
14,锁定
13,许是
17,落马
13,底气
13,三地
13,全会
18,条例
11,金融城
12,重创
12,农家
14,富裕
10,后成
8,强健
11,优胜劣汰
16,透明
12,淡季
9,资水
13,构筑
16,车主
16,校长
14,内心
19,军人
14,苹果
10,买进
10,石鼓
13,尾声
13,万亩
13,到户
13,关乎
13,取向
12,华北
12,偏差
11,昔日
13,时间表
12,递减
12,主因
15,国有资产
13,汽车运输
8,读数
11,科技型
17,全体
13,浮动
13,交易量
14,所在地
11,低成本
16,是不是
13,会计
11,加工业
16,提交
14,对外开放
16,税率
10,能带
12,大潮
15,边防
10,采煤
10,平缓
13,类别
13,有为
13,告别
12,突破口
15,细化
19,张家口
16,祖国
14,罕见
13,景象
12,出口退税
9,间作
9,波澜
8,减幅
8,伦锡
14,排水
15,海南
13,加力
12,人均收入
14,调研报告
11,双引擎
15,出租
16,组长
12,不均
9,编组
15,工程建设
9,崩跌
9,减员
9,六连
18,文物
20,教师
10,汇丰银行
12,前瞻性
16,税法
13,旺盛
11,零利率
14,出资
13,少有
11,直线
18,广场
14,竞赛
15,未成年人
14,位居
13,南方日报
16,墨西哥
10,再起
14,绩效
14,坦言
9,辰溪县
14,花费
10,沉陷
18,追究
11,成交价
12,来都
14,抢劫
16,股份
15,省市
21,机场
14,所说
8,先下
8,节能降耗
16,华裔
9,微小
8,下周一
14,奖金
13,对大
12,常州
14,餐饮
18,对话
13,建起
8,青年工作
13,报导
14,大小
13,转入
13,投资额
12,冷水
12,施政
12,揭晓
13,常会
20,运动
10,运营管理
23,楼市
10,展期
12,并存
12,大专
13,至此
10,十日
16,中学
13,前途
14,海关
14,全世界
12,工会组织
16,选举
9,水村
13,辉煌
12,环保局
9,新招
9,体制性
10,小作坊
8,票数
8,湖南大学
8,拉锯
14,厦门
12,横向
18,办学
13,节约
13,晋升
15,上游
11,多于
11,专线
17,武汉
8,长才
14,风貌
12,意味
10,愈演愈烈
9,应声
9,供称
13,夏天
12,基础性
14,停车
10,引致
10,精深
10,周内
15,同事
14,读者
14,电信
15,结余
9,于城镇
16,沙特
14,顾问
13,法案
11,调入
11,敲定
9,全日
10,真金
8,续建
14,管理制度
13,有益
12,只不过
11,打响
11,定调
10,伺机
12,两成
12,如一
12,灰色
13,亲戚
9,犯案
10,张大
17,中东
11,育新
12,过上
14,浙江省
13,入户
11,制度性
11,断面
12,日到
12,厂商
11,悬念
10,施肥
8,广东公安边防总队
8,一波三折
11,零售业
11,集约
13,无需
12,挤压
9,流通领域
9,借力
15,增进
12,重重
12,楼继伟
10,商贩
14,收支
12,于此
10,看上
11,创业投资
11,冲破
14,工作会
9,交流中心
14,师傅
13,倒逼
9,特别提款权
9,头头
14,骨干
14,条款
13,惯性
15,思考
13,通航
11,北戴河
13,罗马
13,就医
12,积蓄
11,打虎
10,蓝山
10,中继
14,档案
8,网上交易
8,李思
11,有色金属
11,不计
11,弥漫
9,时调
9,摩根士丹利
17,大选
13,难点
9,昨夜
11,鞋子
11,起伏
11,纯收入
12,度过
13,城市建设
12,虚拟
9,顾及
9,先机
12,生长
16,出让
21,法院
13,上门
12,迈进
12,督导
11,较量
9,马币
10,盛宴
14,区委
8,次级
8,底特律
16,邀请
10,功不可没
13,新西兰
13,过热
14,督查
7,阴跌
7,生态旅游
7,满足感
7,大圆
7,周线上
7,减量
7,倒戈
7,于近
11,授信
11,山村
12,牧民
21,违规
8,预科
11,方略
9,有线电视
19,司法
15,点击
12,农场
11,点燃
11,提早
11,并重
10,泰铢
13,首届
13,课题
12,交易中心
9,日止
14,暑假
13,开业
13,克服
15,不符
13,反思
12,全国性
11,进口量
15,故事
11,减排
14,党支部
11,医务人员
11,创造力
14,法人
10,骨头
10,生物医药
10,会创
12,细则
16,中介
11,停工
11,存折
8,电话咨询
8,实得
11,抱有
13,国情
14,两地
11,序幕
11,务工人员
11,保险金
12,高质量
10,行政区划
10,能比
11,开局
13,暂停
13,愿望
9,卖地
14,商家
11,经销商
14,迅猛
8,小弟
11,城际
11,减负
13,蔓延
15,第三方
21,纪律
14,二线
11,最强
11,农机
12,汇聚
9,疑云
11,评定
11,小企业
10,搭台
16,南京
11,城市化
8,本分
8,延展
8,单上
12,节省
13,生物
13,开拓
10,显露
9,资源丰富
11,落脚点
11,主动性
12,保费
14,发言
11,调查组
11,常明
11,医疗服务
11,准备金
15,前往
10,二手车
19,景区
9,紧固件
9,技术培训
13,津贴
13,传承
10,造船
7,暗流
7,天子
10,家数
12,规避
11,穷人
13,资产管理
7,走跌
7,朔伊布勒
7,日亚市
7,巴克莱银行
7,一针
12,分界线
14,江西
13,任期
9,难逃
9,献策
8,经济研究
14,总监
15,海军
15,补偿
11,开发性
14,历史性
13,教育改革
13,浪费
10,币值
10,地板
13,三公
11,导师
14,连接
10,创建活动
13,饭碗
12,一体
9,铁路机车
11,裁定
21,西方
9,选择性
9,管不
11,追赶
8,琼中
12,废弃物
11,风险管理
11,管理服务
15,法定
9,包袱
8,输电
8,亮眼
11,脚步
8,聘雇
8,场租
12,准备金率
13,事宜
10,区位优势
11,区域经济
13,地面
9,风电
9,行政性
13,服务中心
12,根源
16,早期
9,起色
9,本周一
9,增长极
13,首位
11,超额
13,上面
13,工作组
10,转折
10,要务
9,无望
9,汽车行业
13,风格
13,用来
13,中华
11,亟待
13,普及
9,贸易量
10,净流入
11,累积
12,地带
14,约定
12,坚持党
10,判定
7,销售税
7,费城
7,蓄势
7,有忧
7,免费培训
7,产油国
11,介于
8,大失所望
12,储蓄
9,肥料
10,技能培训
10,价值链
11,培训机构
13,号召
12,码头
16,民主
15,图片
9,州长
11,工作重点
13,结论
13,余人
9,养命钱
8,恒生指数
8,盛松成
12,例子
10,柴油
10,平衡点
13,购物
12,范畴
11,远比
12,互利
11,空前
11,文明建设
7,保靖县
15,拒绝
11,万辆
9,采摘
9,列表
11,期盼
9,长期性
13,包含
12,马上
12,安倍
14,租房
11,太子
11,年会
9,格罗斯
14,第十
12,招商引资
12,入手
8,美国银行
8,示范工程
11,攻坚战
14,少数民族
12,竟是
10,图中
17,土耳其
16,网友
9,本田
7,银美
7,种养业
7,马铃薯
10,旅游休闲
12,暴露
12,删除
11,铁道部
12,气氛
10,财长
13,双边
12,合一
15,事务
10,成交额
10,体力
8,定律
8,专项调查
8,万和
15,电影
12,列为
12,年代初
12,建设项目
13,干扰
12,属性
12,阿根廷
11,盘点
11,县政府
14,法制
14,餐厅
8,唐人街
8,冰岛
10,有约
11,以高
14,秘书长
11,所致
9,期指
9,交行
10,诠释
10,时日
10,于该
13,诉求
11,权重
11,上将
8,高技
12,坚守
13,报销
9,僵持
13,山东省
7,李政
7,同上
12,硬件
13,高中
9,月报
11,高低
12,广播
11,顾客
10,外包
11,游览
12,医药
12,交通事故
8,交错
12,时任
12,河道
12,不动产
11,眼球
9,紧缺
10,银河
10,屏障
12,样本
11,位列
12,限度
12,模糊
11,等候
10,翻倍
10,每一次
15,市委
13,娱乐
8,演化
11,辐射
11,留学
11,加深
11,中大
10,推手
10,国家税务总局
10,保险费
7,民宿
12,线路
12,另有
9,积压
10,上下游
8,砍人
12,对立
11,立于
11,有时候
8,拭目以待
10,办起
8,过渡性
8,训练营
11,白领
11,口头
12,不具
12,调和
11,僵局
11,在任
15,公民
7,开山
9,平平
12,关联
10,矿石
13,权威
12,冬季
12,红线
12,气候
10,贫富
8,出国留学
9,天花板
9,水资源
13,情形
11,运转
11,出任
11,三星
10,劳务
10,优越
10,中非
14,东莞
15,社会稳定
14,学科
13,新政
11,层级
13,挂牌
16,拍卖
10,厘清
12,下面
7,推后
7,华盛
9,创业服务
15,审查
9,铁腕
9,贸易额
12,倡导
10,壁垒
11,降到
7,工行北京市分行
10,九年
12,主办
8,笼罩
8,演进
8,存疑
12,战时
9,出生率
10,法律顾问
10,可控
10,余个
11,老乡
15,地块
12,厅长
8,学生就业
11,大面积
8,操心
9,滑落
9,上榜
10,残联
11,架构
10,生产技术
12,便宜
13,限购
11,简要
11,焕发
15,预防
7,翻转
7,生产制造
9,席卷
9,个位
12,进取
16,斗争
12,助理
13,强制
11,转业
11,无限
11,过渡
10,支部
10,仅次于
14,自觉
11,核准
13,选拔
12,人有
8,货运量
10,既定
9,如火如荼
8,韩东
8,坎普
12,峰会
11,行政执法
11,不易
10,餐馆
10,金融时报
10,保本
12,划分
12,形容
19,管线
8,目标价
11,群团组织
10,抱团
8,实属
11,限额
11,水泥
9,致远
15,协商
11,占领
11,民兵
9,业服务
7,买账
10,变迁
8,澳大利亚人
9,加有
11,信访
12,责令
12,纳税人
10,处境
12,辞职
9,预言
9,深耕
9,位数
8,生产以
8,金币
11,贯穿
11,慰问
10,能导
8,斯克
13,租金
11,实验室
12,共同体
12,指定
10,重头戏
15,军事
11,入学
10,政府职能
10,共生
7,养蚕
8,指导价
12,同一
10,成绩单
10,大势
9,营运
9,可复制
13,平安
11,缺陷
8,鲜菜
10,囧
10,社会管理
17,领导干部
8,谢步升
7,调头
7,胜出
10,妨碍
7,精炼
11,试验区
10,资源优势
12,交给
11,今早
6,黄白
6,自今
6,纽西兰
6,瑞穗
6,影线
6,不济
6,上周三
7,管护
7,渐近
11,业界
9,私有
10,繁重
10,淡化
10,可达
7,强将
11,客车
12,风景
8,蓝山县
11,挂钩
11,广州日报
10,前沿
10,军工
9,通货膨胀率
13,震惊
12,提倡
8,朱德
10,过往
10,建材
10,双赢
13,台北
9,证券投资
10,楚天
11,职业教育
11,痛苦
9,受困
8,许就
8,本意
10,分区
11,承办
10,死刑
10,陷于
8,向城镇
14,诉讼
8,改成
11,畅通
13,喜欢
9,营业额
9,社会事业
9,从业者
10,新闻社
11,厕所
12,路子
12,抬头
13,时尚
10,九江
14,赔偿
10,村村
10,有偿
9,执行官
9,小觑
11,不合理
8,义乌
10,辛苦
10,外商投资
9,经贸合作
9,中国工商银行
14,收获
8,陕南
10,年仅
9,竞拍
11,人事
11,中共中央政治局
12,魅力
10,创造性
11,失速
9,正处
9,专家组
10,切都
16,民警
7,抵销
7,内能
10,演变
10,国产
9,丰厚
8,总值
10,国际合作
11,董事
11,监管部门
9,岛屿
11,流域
8,回信
11,大道
11,刚性
7,统计司
7,扰动
14,实战
9,新设
12,保险公司
7,真经
10,连锁
10,享受到
11,实用
9,定心丸
10,投资公司
7,发展历史
8,优秀企业
9,要好
12,马来西亚
6,杨龙
6,侯静
6,高盛集团
6,西兰
6,能源业
6,现况
6,消纳
6,分析图
11,基数
10,牌照
9,高等院校
10,生于
9,降临
7,颇感
10,有如
11,亮相
13,人类
10,星期
9,归纳
9,大军
9,不靠
12,兄弟
11,人和
12,会长
8,绿卡
10,青海省
10,灾难
8,鲁甸
7,政策文件
8,郴州市
11,不合
10,诸如
12,当局
10,标明
8,老城区
11,赋予
11,善于
10,多久
7,博取
7,万事
7,达拉斯
9,蕴含
9,服务型
6,城市设计
8,二月
9,雨露
11,好处
13,牢固
8,方法论
8,就业政策
9,证券市场
9,企业集团
9,井喷
8,制定者
8,偿债能力
11,外地
10,助于
10,管理员
9,新农
7,黑色系
11,人身
12,建筑面积
13,公正
12,带头
11,银行卡
10,面貌
9,立新
10,合作交流
8,矿区
9,枯竭
10,模拟
9,挣钱
11,老区
12,太平洋
10,守法
9,心情
9,残障
9,国家标准
7,劳务派遣
13,母亲
8,中资企业
9,节能环保
9,家政
7,倒挂
8,晕倒
11,上网
6,野村
6,衍生性
6,统计处
6,盘大
6,瑞士法郎
6,永隆
6,杆式
6,交易区
9,自救
9,前述
9,为公司
10,档次
7,稻草
7,坐等
7,依存度
9,一对一
11,加载
10,完工
8,按需
8,八字
11,离职
10,直观
7,银华
11,安全生产
10,出路
12,体育
8,美加
10,钢材
10,好莱坞
7,摘帽
7,和美
11,招商
8,一环
6,民本
9,由美国
7,吉安
9,生源
9,抢眼
9,容纳
13,三严
9,争端
9,投资环境
12,饱和
8,广西壮族自治区
8,整体而言
10,座谈
7,出口国
7,三根
10,东风
13,三实
9,应聘
9,单个
10,节能
12,维修
12,新城
7,苏格兰
10,洪秀柱
16,律师
10,新进
10,举动
8,归功
8,农资
8,养老保险金
9,文化旅游
11,未经
6,水电费
6,后半段
6,厄尔尼诺
6,储以
10,不容忽视
7,服务经济
15,整改
9,厄瓜多尔
12,精彩
9,给力
9,家境
7,摆渡
7,假牙
7,归因
8,省区市
7,湘江
9,足额
12,涉案
8,寿险
9,高官
8,国学
6,开幕词
10,时代周报
10,宽带
9,国泰
9,劳动力资源
11,征税
7,上移
12,地点
10,凭证
9,水价
9,行业发展
9,用车
8,投机性
7,大虹桥
11,医疗机构
8,苗头
10,占有
11,配偶
12,倡议
8,野生动物
10,民心
9,可望
8,好将
8,城市功能
8,付息
10,培训班
8,地缘
10,停留
11,民企
13,一开
10,看病
6,张武龙
6,卡普
6,分界点
6,健身器材
13,议员
15,涉嫌
9,名额
9,外逃
8,雪豹
9,并轨
9,居高不下
9,出身
7,柔性
9,迪士尼
6,浙江经济
6,官吏
8,细微
10,出手
10,不算
9,引来
16,房产
10,变数
12,党建工作
10,自律
10,困
7,减低
7,开盘价
10,区分
8,打车
12,庆祝
8,于民
9,腾飞
12,阶层
9,预见
9,可行
12,类型
12,安装
6,储值
9,蓝图
7,数控机床
11,片区
10,开辟
8,跌落
8,蓝筹
7,分发
8,威尔
7,小吃
6,失智
6,债务重组
11,高管
9,共性
10,意思
11,暴涨
10,全新
9,思潮
9,根基
8,双峰
12,攻击
11,坚强
9,无意
9,文化生活
10,矿产
9,余家
10,涉及到
6,起航
6,供销合作社
10,购进
10,疯狂
9,新村
9,列支
9,余元
10,麻烦
8,连通
8,国际国内
8,决策层
8,农家乐
7,刘方仁
9,受益者
7,尺码
7,内行
6,渣打银行
8,连片
8,减贫
8,人口老龄化
9,发声
10,首创
7,工作安排
7,国门
6,滚石
6,成指
7,方向性
9,禁令
10,恰当
8,非处方药
8,下有
8,错过
6,任远
10,抗议
7,林村
7,家店
12,小学
8,审计厅
8,劳动保护
9,呼声
10,招标
9,本省
7,拉链
12,深圳市
7,大气污染
7,出价
13,物业
9,在意
8,入库
6,财政危机
10,干事
10,三中全会
6,撤资
9,实名制
10,遥远
9,概况
7,交友
8,有名
8,万一
9,颇为
9,宣告
9,一国
6,王权
6,泰中
6,吴思科
9,感慨
11,保障性
7,水稻
8,隧道
11,装修
8,极致
8,亲历者
11,发展道路
10,爸爸
7,来人
10,民意
10,改为
9,财力
8,经济区
8,种地
8,中山大学
7,田间
7,全局性
6,金表
6,慢行
6,冒烟
6,葡萄节
6,葡萄沟
6,管辖区
10,混乱
9,走过
9,纽带
12,光明
7,茶叶
10,喜庆
9,分开
10,稍候
7,健保
9,水电
10,交付
7,追随
12,案例
8,拥堵
8,社会福利
8,大哥
8,中行
10,贫穷
7,初级阶段
9,合伙人
6,华银
10,东南亚
10,坐在
8,洽谈
8,抵押物
8,居家
8,专业人员
10,效用
10,指示
7,之事
9,动用
13,方针
9,安全性
9,姿态
10,全局
7,招用
8,推动力
9,山上
10,管理工作
10,税费
11,代表团
9,挫折
9,后进
10,中药材
13,事故
7,深陷
7,江湖
9,英法
6,程承吉
6,单周
6,保康县
7,靴子
10,高素质
8,新机制
9,特许经营
9,同于
9,万余人
9,残留
6,确定性
6,朱彬
8,新项目
7,依赖度
6,万也
10,遵循
10,为人
10,天地
7,运气
7,保姆
10,源头
10,向前
9,重大决策
9,世界各国
8,诱因
8,营商
8,好戏
11,极端
9,都市报
9,税制
9,湘潭
6,财政科
6,规划委
6,用者
6,焦炭
8,高地
8,网络平台
8,特长
8,在校生
8,目的地
11,遵守
9,无锡
7,金融企业
7,答卷
7,上海财经大学
6,鹤城区
6,发展较快
6,刘向东
9,纳税
8,日新
8,利润率
11,经纪人
10,葛洲坝
8,往常
9,慈善
9,工作日
9,热爱
8,楼价
10,衣服
6,抵押品
9,合规
7,尊敬
10,下属
8,混合型
8,兜底
8,交易额
8,表决
10,报名
10,为期
9,再现
8,度假
7,建厂
7,国内旅游
7,比多
7,警戒线
8,多点
8,在城镇
9,冶金
7,结成
9,租车
6,许能
6,统计制度
6,物流配送
6,沼气
6,为之一振
6,秦岭
9,任性
11,陷阱
8,证券报
8,对消
12,契合
10,发动
7,股跌
7,波音
7,春风
7,接盘
7,三甲医院
9,温暖
9,杀人
9,让步
8,新车
8,审批事项
9,名片
9,地质
7,观光
6,紫金
8,招牌
6,张亮
9,之本
10,履职
8,终极
8,用作
8,三月
9,不该
7,解困
9,累
6,荣枯线
6,局部性
6,兰州市
6,公有制经济
8,衰落
7,任何时
11,马路
10,老家
6,产学研用
9,常常
8,编者按
8,扶贫工作
10,备案
6,项目库
6,苹果公司
10,参议院
9,偏见
8,中位数
12,原料
9,等于
9,家园
9,复制
7,望去
6,美国联邦政府
6,剩余劳动力
6,花生
6,自习
5,龙飞
5,龙山县
5,高都
5,荷兰银行
5,白云机场
5,疏港
5,月城镇
5,房户
5,张茉楠
5,平于
5,小量
5,夏粮
5,培训服务
5,加工费
5,创业之路
5,内黄
8,向往
8,于一体
11,公寓
9,证券化
9,新闻记者
9,容量
9,沙特阿拉伯
6,正道
6,思想家
6,应能
6,图景
10,高压
8,举例
7,批发市场
7,发案
9,隐性
9,切入点
10,有没有
8,审视
6,缺人
10,博士
9,丑闻
12,处罚
9,政协委员
8,研究机构
6,洞村
9,越多
9,计委
11,死者
10,绝不
9,化学
9,水位
9,实有
6,前因
7,富余
7,职业生涯
7,科学决策
8,亮丽
8,大发
9,彰显
9,五月
8,县域
6,厌恶
6,环节税
10,国土
9,参照
7,纪检工作
10,数据库
8,录用
9,经营者
10,中华人民共和国
9,带给
7,放眼
7,工场
6,到期日
9,方方面面
9,发展目标
7,欧盟统计局
12,飞行
6,透明性
6,看准
6,文明创建
6,整体性
9,商户
7,抢占
10,分级
8,阅兵
8,违者
8,课题组
7,行业组织
8,改动
10,伤害
8,落地生根
8,省区
8,便民服务
8,买单
7,移居
6,企业局
6,电邮
14,访问
8,银行体系
8,注册资本
9,模范
6,孤岛
6,土特产
6,和平台
6,中游
6,严苛
9,余万
7,选股
7,杀伤力
7,商务平台
9,杂志
8,联邦政府
10,涨价
9,第八
9,玻璃
8,丰田
7,金矿
9,矿产资源
8,长春市
8,野蛮
8,轨迹
8,清华大学
8,分红
10,合作伙伴
9,携带
7,技师
6,日本企业
6,币种
9,报纸
8,辍学
10,准则
8,督察
9,学业
9,时长
8,植物
8,年收入
8,功夫
8,分流
7,疏导
9,论证
5,规划师
5,观潮
5,苦差事
5,决策咨询
7,萝岗
7,执照
7,展会
12,房子
6,盛厂
6,就业者
6,上收
5,通汇
5,连升
5,拟作
9,职能部门
6,兽药
8,取一
13,艺术
10,人大
6,韩媒
6,金川
6,蒙特利尔
6,今非昔比
10,高考
8,实效性
8,看重
6,冷链
9,阐述
9,差别
7,连带
8,民用
7,多领
7,余下
7,上山
6,强压
7,园艺
6,赞比亚
9,效力
8,较差
8,分担
9,基础建设
9,进驻
7,顶尖
9,主角
7,负值
7,外卖
5,签到
5,服务行
5,拟订
5,反对票
5,初见
8,抵御
9,着手
6,都城
6,像样
6,产区
6,谢师宴
9,客服
8,普惠
8,媒体采访
10,清楚
6,小结
7,迈入
7,衰竭
8,底蕴
8,假日
7,克难
8,创业板
13,公安
8,细分
6,长假
6,生态农业
6,泥潭
6,商务活动
6,到货
6,饭馆
9,视野
7,隐含
7,耗资
7,目前市
8,为生
10,国家安全
9,锻炼
8,差价
8,低估
7,计入
7,腰斩
7,市场营销
8,欧佩克
6,谷底
6,撼动
6,大考
6,杰布
5,电子盘
5,总库
5,协调性
9,策划
9,四川省
9,年限
10,媒体报道
8,误解
8,同类
7,能人
7,出货
7,耕作
7,助燃
9,云南省
9,典礼
10,性格
10,调解
6,就业培训
6,减半
7,省里
7,为辅
8,现金流
8,电子设备
8,预留
7,三菱
6,杜家
8,之年
5,桂阳县
5,新松
9,留给
10,批评
9,更换
9,早上
6,南方周末
6,借记卡
6,扶梯
9,实效
9,看着
10,观众
10,社会问题
7,传真
7,企业主
8,花钱
6,肖玉壁
7,年龄段
7,劳动就业
7,添加剂
8,想着
10,生日
9,口岸
9,末端
7,主战场
7,约合
7,参选
8,唐山
6,高产
6,易信
6,水果刀
6,抬升
10,委副书记
6,阿博特
6,库克
5,支撑点
5,一搏
5,胡毅
5,消散
5,洪煜
5,民资
5,加工区
8,化为
8,像是
7,非公企业
7,随之而来
7,自治县
9,大厅
7,选项
8,政党
5,美甲师
9,监督管理
12,举报
12,大陆
8,难免
6,特斯拉
6,排放量
7,衡阳市
7,科研成果
7,基地建设
10,赞
9,管理部门
8,深厚
8,后勤
7,长调
5,风灾
5,段落
10,台湾地区
8,模块化
7,暂时性
8,管理模式
8,宝贵
6,杨洋
7,保障工作
7,威盛
6,面纱
8,产业园
8,不乏
6,遗存
6,山体
9,持股
7,公司治理
6,剧增
8,上台
8,绿化
8,查阅
7,出乎
7,擅长
7,不降
7,一百年
6,萌生
8,不懂
9,例行
6,张辛泰
6,扣动
9,实地
7,团市委
7,集结
7,本科生
7,服务项目
8,可以使
6,预算案
5,燃气轮机
5,服役期
5,推拿
5,就业处
5,冒头
5,不平衡性
6,渐行渐远
8,六月
8,伊始
5,香菇
5,于超卖
8,总计
8,眼前
8,下功夫
6,货源
6,上门服务
7,英美
7,商业化
11,元素
6,种粮
5,陵墓
5,法语
13,战争
9,弘扬
7,本息
7,改制
7,劳动保障
7,功能区
7,保洁
7,下限
9,文字
8,呼应
6,爱国统一战线
6,发电量
9,疗法
7,左翼
8,载客
7,议案
7,孤立
8,为首
9,使命
6,警报
6,言辞
6,困难重重
8,护航
9,公务
8,目光
8,海南省
7,转折点
7,电站
7,时出
7,听证会
9,疾病
5,膳食
7,新意
9,中产
6,开张
6,应收
6,高耗能
6,双轨制
10,训练
7,出新
7,保驾
6,能化
8,经营管理
8,发文
6,回想
5,钢坯
5,营销渠道
5,易受
5,扣减
5,卓创
5,劳动力价格
6,渭南
6,旅游资源
6,地毯
8,演说
8,专访
7,征程
7,同行业
6,开店
8,异议
8,停车场
7,国际收支
7,对决
8,春天
6,房地
6,存栏
9,恒丰
9,谈到
8,贵州省
5,镇乡
5,作主
11,中美
7,需求量
7,犹如
7,曲折
7,可靠性
7,主营业务
9,郑州
6,执委会
8,转账
6,秸秆
9,大队
6,强省
9,在家
10,道德
7,辩证
7,事业部
8,德州
8,对照
8,国际在线
8,口号
7,作物
8,布鲁塞尔
6,内涝
6,换来
6,履新
6,合作区
7,纵深
7,前置
8,成才
5,经纪商
7,有所不同
7,最差
7,八年
7,客运
8,管道
8,历程
8,勇气
10,电动
5,王者
8,中新
9,常委会
6,杀跌
6,尚可
6,叫卖
7,服务商
9,得知
8,回避
5,职工教育
9,漏洞
9,印象
7,灵活性
7,妥协
7,华东
8,人因
6,铁路运输
7,调剂
7,生机
7,指标体系
10,判处
8,联手
5,归于
5,市场策略
7,小城镇
7,封顶
7,国家计委
5,比拟
5,增势
6,管理创新
6,常务会
6,储运
6,扳机
7,看作
7,生产线
7,天山
7,变现
6,猛增
6,令计划
8,台阶
8,相似
8,分离
8,空调
8,手法
8,企事业
7,操盘
5,大船
5,何亚非
6,考研
6,没用
6,建筑商
9,石头
9,地震
6,预订
8,顶层
8,化工
6,积聚
6,电信业务
6,梯度
6,体育产业
6,族裔
8,走到
7,牌子
9,纪念
8,表面
6,踏上
9,检测
5,采石场
5,鳌头
5,高小
5,边界线
5,穷根
5,科技服务
5,猪苗
5,华副
7,百元
7,燃料
7,十名
7,中央纪委监察部
8,有钱
11,职务
7,政府机构
6,刘延东
8,温州
9,亲属
9,数字化
8,申办
5,输家
5,示范带
6,造血
6,管理室
6,大头
7,定居
5,聚合力
8,清醒
9,信任
8,涉足
7,加班
6,计划经济
6,可惜
12,警察
6,悬崖
8,冬奥会
7,始于
6,下线
5,暑热
6,优质服务
7,女婴
9,游戏
7,电器
8,高兴
7,科学研究
6,拥有量
6,承包地
6,建言
6,并购重组
8,宣传教育
6,倒退
7,波及
7,困惑
6,新移民
6,可再生
6,办发
8,拟定
8,两会
8,微弱
9,升学
8,不作为
6,三日
7,见效
7,扩容
7,传言
8,权限
8,文物保护
6,沙县
7,数据统计
8,宁夏
7,重于
5,阀门
5,湖湘
5,广州市委
5,巴西政府
5,宗族
5,人事管理
9,夫妇
6,午夜
5,标准分
5,大年
7,指导思想
7,创业园
9,印度尼西亚
9,党委书记
8,哈尔滨
8,人工
7,预热
9,流动人口
7,过关
7,采石
5,稳定器
6,就业指导
8,还款
8,农业部
9,汇报
5,日增
7,透支
5,安全网
5,奥朗
8,一事
7,所学
6,集成电路
6,降低到
6,还本
6,政策咨询
6,动车组
6,内外部
7,理事长
9,肩负
8,武汉市
8,闭塞
8,刺伤
7,黄埔
7,初衷
8,学习贯彻
7,目标区
5,管一些
5,大工
6,铺路
6,厂区
6,尉健行
10,对方
6,歧视性
7,面试
7,应付
8,勇于
7,总面积
10,破裂
6,专家分析
8,服装
6,开放型
6,反观
6,劳务输出
9,中共
8,生活方式
7,发掘
8,题为
18,两岸
8,记得
6,晕
7,离退休
7,下乡
7,上旬
9,应急
8,精力
8,可喜
8,危及
7,定局
5,红顶
5,于让
6,敲响
7,沉淀
7,扩建
7,保守
5,上三
6,盈亏
6,海运
9,开除
7,填补
6,月生
7,新发
7,十多
5,竞争者
5,楠木
7,上岗
7,女王
6,标示
6,三板
8,长度
7,饮水
7,弊端
8,士兵
8,反击
8,恶劣
6,指明
5,过当
5,管理规范
5,接踵而至
7,身为
5,模具
5,大支
5,周均
7,计量
6,解难
6,水分
6,复牌
6,区里
6,独木桥
9,阵地
6,国家开发银行
7,软件业
7,中关村
7,愈来愈
8,人大常委会
6,阻挡
6,噩梦
6,发包
6,举债
7,遗留
7,并举
8,证件
8,住在
10,财产
8,识别
8,穿过
7,股份制
7,林业
5,蓝皮书
5,绿色食品
5,永定区
5,关卡
9,有害
7,服从
7,分站
5,松原市
6,车行
7,来华
6,着眼点
6,王斌
6,月一次
6,其生
5,刘震
5,出笼
8,区县
7,长大
7,澄清
7,出面
9,指挥
7,软化
8,学期
7,珍珠
6,抨击
6,离家
6,经委
5,自驾车
5,撰稿
5,休整
8,批示
6,加州
7,购买力
7,发自
7,儿女
6,零距离
6,盛夏
6,倒数
6,不复存在
7,运量
8,一座
5,辰溪
5,朗德
5,拦路虎
8,办公厅
7,雅典
7,参军
8,轰炸
8,清洁
6,调整工
6,提供商
5,张口
5,翘尾
11,定于
7,前十
7,压倒
8,后发
8,频率
5,服务化
5,放活
5,何宏钊
6,摇篮
6,人才引进
6,业务量
5,工业经济
5,坪村
7,少于
8,指责
6,非盟
7,管理体制
7,最高人民法院
8,腹地
7,货运
7,南北
6,医改
7,新局面
8,排污
5,如图
6,本土化
7,草原
7,稀缺
5,金融资本
5,物产
5,未知数
6,缓冲
6,制高点
6,几何
7,券商
8,昆明
6,漂流
5,借势
7,稿件
7,开出
8,初中
6,官方网站
8,可操作性
5,联结
5,开市
5,布朗
5,巨变
6,发运
7,城市发展
8,太阳能
8,公职
6,咸阳市
5,淡静
5,果园
6,刊文
7,地价
7,时有发生
7,实绩
7,历经
8,免征
6,资源税
5,追高
5,医术
5,中二
9,保卫
7,促成
5,全科
8,评述
7,社会学
5,追涨
5,诉说
5,茫然
5,汽车类
5,万方
7,万家
5,延续性
7,甘肃省
5,旅游项目
6,钥匙
7,天线
7,时限
6,重点企业
6,边际
6,成败
5,应如此
8,有何
9,自行车
5,技术引进
7,降价
7,聘请
7,标识
8,队伍建设
8,留有
6,行三
7,海峡
7,在职
8,边界
6,财政部长
6,电子政务
6,十足
6,剥离
6,利差
6,五天
7,中南海
8,房企
11,违纪
5,风潮
5,铺垫
5,重量级
5,病根
5,生大
5,价格走势
7,讲解
7,分支
4,黑土地
4,雅静
4,谢炼金
4,褪去
4,疏理
4,生态型
4,瓦鲁法基斯
4,流失率
4,殖大县
4,次声
4,快速化
4,商品城
4,南澳
4,单以
4,出奇
4,储更
4,储只
4,住宅房
4,中阳
4,专才
4,万紫
6,本领
5,泸溪县
5,正和
7,老兵
6,国际奥委会
6,马拉松
7,登录
5,生态园
7,仓库
8,乌克兰
5,吸引外资
5,发起人
5,中央党
6,解套
6,有形
6,暴利
6,上牌
7,全文
8,参观
5,闯荡
10,儿子
5,齐跌
6,通行证
6,草根
8,东亚
7,县长
7,中央电视台
7,农作物
6,励志
13,宗教
7,开会
7,可用
5,重工业
5,纪凯夫
5,清偿
5,本特
5,吴官正
8,制度建设
8,不清
8,患儿
7,认知
8,油气
6,社区服务
6,差别化
7,拐点
9,电脑
6,社区建设
6,有效期
5,续期
8,通关
7,渔业
5,社会科学院
5,狂热
5,敬请
5,改造成
5,运往
5,秘籍
5,后备力量
5,亚马逊
6,社发
8,监督检查
7,做起
6,出局
6,同情
9,治疗
10,立案
7,法依
7,时有
7,联合会
8,新版
7,筹资
6,月经
6,体质
6,长点
5,症结
5,王刚
5,劳动法律
6,首季
6,钞票
7,秋季
7,区政府
8,践行
7,士气
6,领到
6,不良率
5,点数
8,上级
7,交融
5,冷暖
5,价格战
7,竞争优势
7,通用
5,农耕
6,机密
6,巧合
7,交通设施
5,经济影响
5,加温
6,致辞
5,巅峰
7,组件
7,上报
8,概括
7,咸阳
6,动车
6,会议室
6,分数线
6,防灾
5,知名企业
5,常多
5,上影
9,大会
7,数千
8,机动车
7,军方
6,商务局
7,封闭
7,惨遭
7,题材
5,软银
5,物流服务
5,大公
7,潮流
8,公示
5,特产
5,其下
6,项目投资
6,学子
6,出差
4,经济发展部
4,红安县
4,特产品
4,巴西国会
4,上党
7,入伍
5,久违
5,漫漫
5,全国工商联
10,从严
4,金普
4,贷款担保
4,比基
4,商必须
4,周来
4,发货量
4,伦铜收
4,伦铜仍
4,中轴
9,日本政府
6,选民
7,激动
6,双拥
6,冲刺
6,保障卡
7,事关
6,电工
8,分管
7,点名
6,落网
8,方针政策
7,家具
7,拥军
6,大山
7,国税
7,国土资源部
7,三成
6,日起施行
6,年增
6,原地
5,难看
5,社会工作
5,居多
5,头疼
7,董事会
7,党政机关
5,滴灌
8,布什
6,诟病
6,讽刺
6,韩国政府
7,桥梁
5,字号
5,卢文洁
4,职称评聘
4,牛羊
4,援助金
4,应用技术
7,定制
5,视频会议
5,普洱
5,参议员
5,劳资
6,营业部
6,理工
6,改观
6,应将
6,审定
6,奖惩
6,好美
5,猜想
5,月嫂
7,深思
7,批复
6,外企
6,严守
6,和音
6,匮乏
7,富有
6,编辑部
6,人员培训
7,常住
7,杰出
7,有数
7,船舶
5,饲养
5,自上而下
5,李崇禧
6,话语
6,理顺
6,专员
6,一般来说
8,询问
5,荷香
5,洗礼
5,品牌化
5,受援
5,劳动监察
5,出厂价
6,办实事
6,公私
6,于如何
7,恐惧
8,所得
7,电源
7,泄露
7,楼房
5,强推
5,不治
7,爷爷
6,视频资料
6,停车位
7,明星
4,雅园
4,锤子
4,英大
4,湖北省政府
4,海坡村
4,椿萱
4,摩拳擦掌
4,城市带
4,单时
4,千山
4,且看
5,宝鸡
5,安全线
6,重量
6,结对
6,同在
6,先锋
6,他用
5,金条
5,旅游景区
6,器件
8,核实
6,利克
7,迁移
8,客人
7,清洁能源
6,当做
6,差异化
6,固化
6,升级版
6,生力军
5,创业资金
5,余亩
7,寻租
6,政策环境
6,快捷
6,宜昌
6,资源化
5,过目
5,费力
7,也门
7,负荷
6,长久
6,纵向
6,紧接
6,保险业
6,伤人
5,直指
5,去处
5,一丝
7,捐款
8,总体规划
7,一月
7,为民
6,高新
6,无一
6,数万
6,商机
7,专用
4,送电
4,效益型
6,会会
5,有史以来
7,下达
5,平价
5,债权国
6,投资机会
5,莫过于
7,一流
7,相机
6,七大
5,徐洪才
6,谈论
6,空转
5,预备役
5,欠账
5,税额
7,帮忙
7,郭某
7,休息
7,专利
6,金报
6,纺织
6,多渠道
6,中型
6,国家经贸委
6,吞吐量
5,打一
6,紧随
6,更深
6,小平
6,以期
6,降解
6,饲料
6,长三角
6,权责
6,特别关注
5,随行
4,维修工
4,粮价
4,日行
4,尤显
4,关于如
4,高升
4,韩国央行
4,金贵
4,重金属污染
4,蜂拥
4,生变
4,挥金
4,对外部
4,多业
4,吉林省政府
5,服务队
5,刘铁男
5,北斗
4,时区
6,选派
6,税收政策
5,注资
5,横亘
5,打败
5,快车道
5,增利
5,青山
5,不得而知
6,强制性
7,直辖市
7,挫伤
4,加开
6,选定
6,言之
5,调研组
5,特派
5,车市
7,市值
7,超市
6,治理结构
6,向北
8,男友
8,大使
7,读书
7,知名度
5,党派
6,博客
7,净利润
6,天马
7,外商
7,发展经济
5,源地
5,松原
6,瞩目
5,辩称
5,西宁
5,大三
5,本币
6,许会
5,张家口市
5,况下
5,高级技术
4,雪域高原
4,湘西
4,流动率
4,洞庭湖
4,机电产品
6,念头
6,年份
4,陈建
4,言仍
4,破产法
4,浮现
4,桐木镇
4,松坡村
4,扶智
4,帮带
4,以汽车
5,工期
5,吹风会
5,翻天覆地
5,系统集成
5,干劲
5,世界市场
5,通信技术
6,智利
6,年头
6,前任
8,受伤
8,精心
7,蒙古
4,甚广
4,有底
4,手艺人
4,于可能
4,下关
7,声称
6,绝非
6,最大化
6,定性
6,动辄
6,统战工作
8,查办
7,核查
6,谋生
6,名列前茅
6,地上
6,归根
5,汽车厂
5,宏观经济学
5,禀赋
5,看齐
6,太久
5,洗牌
6,收费标准
6,感叹
6,编织
6,有助
5,流浪
7,并有
7,在校学生
4,黄群慧
4,大连万达
4,乌云
5,入围
6,职业学校
6,这句话
6,科目
6,眼光
6,创立
9,真相
5,沉默
6,扎根
6,发展前景
6,储存
6,保护区
7,江苏省
5,幸福感
5,富国
5,加精
4,连跌五
4,帕迪利亚
4,借入
6,拨付
6,属实
5,修路
7,赛事
7,拍摄
5,以东
7,辖区
6,油田
6,探寻
6,中德
9,女子
6,永不
6,推崇
5,湖南日报
6,象征
6,私家车
6,有法律
7,利于
8,分裂
5,荷花
6,都市
6,情景
6,专栏
6,不必要
5,家庭暴力
7,往来
7,供应量
7,大作
4,阵痛期
4,撙节
4,战死
4,张洁
5,掘金
5,开花
5,工序
4,大黄
4,侦讯
7,版本
5,连云港
5,购车
5,日本国
7,而定
7,不正
6,美洲
6,基石
6,回头
6,临床
5,面子
7,行驶
5,部际
5,热力
6,齐全
6,邮政
6,应为
6,促销
6,资源共享
5,产经
6,栏杆
5,繁多
5,深港
5,服务系统
4,黯淡
4,骤增
4,马桥镇
4,行业报告
4,蔬菜价格
4,磷矿
4,吴井光
4,什寒村
6,视角
7,好奇
7,安居工程
5,普通人
5,后人
7,信念
7,新世纪
4,黄文涛
4,月度统计
4,岗位数
4,屠宰加工
6,翻身
5,写照
8,交换
6,补课
6,著称
7,传来
7,熟悉
6,大米
4,服务期
7,法律援助
5,生什
5,号角
5,下文
7,笑
5,一个月后
5,急难
5,对子
6,逃离
6,标杆
6,共产党员
6,相互作用
7,战斗力
6,动手
7,想到
6,工作站
6,之多
6,难找
6,医师
6,京城
7,定量
4,滋润
4,水泥厂
4,戏说
4,天津地区
4,培训计划
4,冰淇淋
4,之利
5,软件技术
5,过招
5,考证
4,高过
4,落子
4,脐带
4,正宗
4,仓单
5,当地人
6,村庄
6,一群
7,一把手
7,兼任
6,报酬
6,可怕
9,驾驶员
5,神华
5,并行
5,出走
5,借机
7,身份证
6,基因
4,金饰
4,中诚信
6,温度
5,难事
5,搞活
6,饮料
7,探讨
6,二代
6,中强
7,危房
4,噩耗
4,产后
4,微升
4,建设司
4,中民
6,大好
5,行业性
5,流水线
5,总算
5,市民化
5,回老家
5,吹响
5,全资
5,台车
4,葫芦岛市
5,导游
7,日中
5,线缆
6,钱包
6,财政局
6,污染物
6,行政管理
4,雷曼
4,零六
4,帝王
4,咨询机构
4,于已
4,软肋
4,自相矛盾
4,发表言论
7,旅客
7,女人
7,丝路
6,实施细则
6,发展方向
5,苦苦
5,政务服务
6,孤儿
5,怀化市
5,之人
6,科技成果
6,社科院
4,中国产品
5,科研项目
5,头版
6,影视
7,任职
6,漫长
6,一时期
5,告诫
6,管理层
5,紧扣
8,户口
6,辅助
6,征集
6,华夏
6,入境
9,语言
5,加薪
5,切记
7,信用卡
6,谋求
6,手工
7,实验
4,套利资金
4,刘思敏
7,撤销
7,微软
7,技巧
5,野生
4,资格考试
4,挤奶
4,前兆
4,军装
6,营业执照
6,可通
7,照顾
5,理政
5,叫做
5,认领
5,成行
5,国内消费
6,说服力
6,合肥
6,个人所得税
4,高低可
4,新疆旅游
4,兴县
6,邮件
6,种类
6,安居
6,关怀
4,金融股
4,泵站
4,沉闷
4,暴风雨
6,还给
6,排队
6,奇迹
6,中国社会科学院
6,基本原则
5,新业务
5,半壁江山
6,投资管理
9,音乐
6,杭州市
5,轻工业
5,产者
5,比来
6,人意
6,智力
8,暴力
5,规模大
5,成果转化
4,知兵
4,意欲
4,容许
4,培训期
4,以阿
4,一语
6,宣传工作
5,州政府
6,蛋糕
6,就学
6,前身
6,体会
5,高职
6,昂贵
4,森林公园
7,否认
5,游说
5,调整期
5,资金流
6,登陆
6,火灾
6,市县
6,上浮
6,汗水
6,蔬菜
6,里程
6,宣讲
8,医护
4,步之遥
4,单调
4,乳品
5,迷茫
5,离校
5,数亿
5,同质化
5,不可或缺
6,实名
4,新观察
4,应聘者
4,庄家
4,反升
6,可先
6,浓郁
10,华盛顿
9,处分
7,天后
6,前三
5,石油化工
5,爱尔兰
5,解开
5,浦东新区
5,整合资源
5,在编
5,花样
8,女儿
10,宪法
4,哈珀
4,最低值
4,住区
5,迫在眉睫
5,调低
5,结转
5,棘手
5,想尽
6,发扬
7,税种
7,出生
5,编译
6,生死
6,空白
6,直属
6,新生
7,无视
4,门主
4,胆量
4,郑勇
4,班可加
4,李赛斌
4,刘容欣
7,治国
5,长短
5,安家
5,勉强
5,驾驶证
5,出入
8,父亲
6,工艺
5,出游
5,铺平
6,漂亮
6,单元
6,传输
4,失业者
4,飞出
4,网恋
4,福斯
4,珍妮特
4,点火
4,火烧
6,第九
6,实业
6,极限
5,日上
7,回家
5,管理权
5,校舍
5,服饰
5,年产
5,寻常
5,中资
7,水果
4,管长
6,包容
5,合法性
6,成一个
5,客厅
7,海洋
6,虚报
5,马力
5,领军
5,报批
5,上实
6,干旱
6,乔治
7,明说
7,签证
9,方将
6,采集
6,供电
5,运营商
4,集中区
4,新纪元
4,将相
4,多年历史
4,均势
5,不禁
4,面板
5,单方面
5,出人意料
5,憧憬
4,无门
4,君子
4,十堰
4,五六月
5,求新
5,奠基
7,首都
5,不意
7,公园
4,收得
5,社会保险费
5,无用
6,利用外资
7,交往
4,麻生太郎
4,强求
4,帮困
6,中都
6,责任感
5,政府服务
5,驾车
5,堵塞
4,法上
4,暴富
4,实证
4,出资人
4,农业技术
4,两面
8,分子
4,美国大学
6,震撼
6,公关
5,单子
5,重工
5,相近
5,志愿服务
5,医疗保健
5,一照
6,管委会
6,款项
5,执政党
6,透明度
6,穿越
6,学堂
4,投资促进
4,五味
5,赢家
5,一码
4,贴现
4,黄金分割
4,映衬
7,审核
5,机智
4,政务大厅
4,创收
4,主导权
5,所及
8,论述
4,莲湖
4,盗贼
4,完结
4,大四
5,疑惑
5,沉睡
7,系数
6,说明书
7,万套
5,日产
6,阿里
5,换人
6,不停
4,郑昕
4,所向
6,用途
5,票房
5,新股
4,枪决
4,揣测
4,彭夷星
4,卢万里
4,保护局
4,体面
4,亚于
6,康复
4,螺纹
6,重型
6,远洋
7,家属
6,极地
8,首相
5,经济师
5,细胞
5,生活环境
4,正式工
4,发力点
6,说话
6,嘉宾
5,研究者
4,小商贩
4,定安县
6,宣称
4,高寒
4,圣保罗
5,过渡期
5,必不可少
5,尚有
7,产权
6,自愿
5,闯入
4,都比
4,走近
4,程文浩
4,工作经历
4,安防
4,大街小巷
4,号院
4,倾力
4,优势资源
4,人马
6,居住证
11,恐怖
5,金正
5,中小型
5,一条龙
6,放心
6,高性能
6,宿舍
4,美国联邦储备委员会
5,落到
5,紧迫
5,真空
5,启发
6,陕西省
6,现任
6,官网
7,阶级
4,老党员
4,置办
4,立志
4,深渊
4,期许
4,圆桌
4,取经
4,落实率
5,逃脱
5,羡慕
5,最深
5,常小
5,再贷款
5,不菲
5,驱使
5,之美
6,污水
4,越长
5,景点
5,建有
6,难得
4,喀纳斯
4,而下
4,羁绊
4,站到
4,二日
6,中学生
5,评判
5,电气
4,采矿
4,轮船
4,真好
4,工作内容
4,寒冬
5,利税
4,金字塔
4,管理型
4,癫狂
4,沪综指
4,平板玻璃
6,余名
6,清晨
5,大佬
5,合理性
5,私有化
5,结合点
7,撰写
5,脱节
5,喜人
5,促进发展
6,通畅
6,上课
5,数据分析
5,市盈率
6,验收
6,定为
4,非典
4,涵养
4,提要
4,下到
4,单单
4,清费
5,证照
5,接力
5,床位
5,园林
6,输送
6,头条
6,廉洁
6,专职
7,常见
6,筹措
6,社会效益
6,东盟
5,证券时报
5,求是
5,基本情况
5,情理之中
5,批文
6,越来
4,衍生品
4,止步
4,悲惨
6,自由化
4,无量
4,奶制品
5,试探性
5,预算法
5,精细化
5,科员
5,台账
5,压抑
5,保健
4,胡凯红
8,统治
6,美国国会
5,政策法规
5,微型
6,净值
7,二天
4,停不
7,贿赂
4,零售商
4,粗放
4,普拉
4,后盾
4,只管
4,准许
4,一区
6,大桥
4,部门设置
4,糯米
4,民忧
4,参保率
4,十里铺村
6,驻地
5,法制化
5,蓝天
5,投资机构
59,白盘
4,撰稿人
4,手动
6,大厦
5,硬骨头
5,从没
5,不仅如此
4,硬币
4,白沙县
4,湖北省纪委
4,渐进式
4,攻略
4,国电
4,四天
4,县里
4,下台
4,绝佳
4,刘涛
5,旋风
5,支农
6,监察
7,股东
5,赚取
5,惠农
4,畜产品
6,超标
6,与会
5,下单
4,临行
4,餐饮业
4,补仓
7,返回
5,转包
5,最基本
5,登台
6,记住
9,国民党
6,村人
6,养猪
5,买主
4,星期一
6,落入
5,水利部
5,得失
5,半导体
5,充斥
5,粪便
6,淘宝
5,地段
4,许只
4,点将
4,沙坪坝
4,平整
4,出乎意料
4,农机具
6,河北省
4,企业经营者
4,高居
4,组织结构
4,疯涨
4,涉企
7,跳楼
5,城镇化率
5,之久
4,钱还
4,东非
6,人大代表
6,严谨
4,非金属
5,筹划
5,确权
5,多出
5,交通银行
4,鼓动
4,转交
4,主场
5,大片
5,不慎
5,重任
5,科研机构
5,留言
5,公共管理
6,为重
7,刑事
4,常快
7,受贿
4,西藏自治区党委
4,民族主义
6,主旋律
5,升到
5,进出
5,文体
5,可行性
5,储户
5,中将
4,银行信贷
4,金融学
4,贵人
4,新品种
4,常少
5,组合拳
5,报送
6,三名
4,援藏
4,停电
4,优抚对象
6,致力于
5,佳绩
5,重点工程
5,快讯
4,疲态
4,主城
6,科学家
5,同城
4,高效率
4,落差
4,松弛
4,养活
6,出访
4,蓄积量
5,困局
4,行都
4,怀揣
6,中午
5,阶梯
5,初见成效
5,公有制
5,调处
5,市场价
4,拍卖会
4,合资企业
6,精品
5,痕迹
5,原始
4,小看
4,大型商场
4,偷换
6,兴奋
6,书写
6,有权
5,明清
5,丹麦
5,通俗
5,动工
5,货轮
4,心来
4,埃塞俄比亚
4,同场
5,淡水
6,掩盖
4,最低价
5,法则
5,发稿
5,到场
5,保单
4,刘华
5,法制宣传
4,开头
4,小汽车
6,假象
6,责任人
5,管理部
6,膨胀
5,股灾
5,生命力
5,华商
6,记者招待会
6,国都
7,公安局
4,职业发展
4,科技园区
4,监管部
4,特色农业
4,区划
4,僵化
5,我们相信
5,性感
4,数据化
6,集资
4,夜市
4,听信
4,心仪
4,之国
5,本刊
5,政府采购
5,养生
5,入会
6,基金会
6,一行
5,欣喜
5,管理机构
5,宝宝
7,撤离
5,奋进
5,力图
5,余年
4,配套服务
4,军政
6,业者
3,黄利斌
3,鱼菜
3,高能耗
3,赵庆明
3,走升
3,调经
3,而长
3,编后语
3,经营期
3,空看
3,猝不及防
3,漏斗
3,毒品危害
3,景观设计
3,早场
3,日基
3,拥有超过
3,拆款
3,投资界
3,强阻
3,应因
3,墨西哥比索
3,商贾
3,加厚
3,何看
3,伦铝
3,产中
3,一剑
6,潜艇
6,地中海
5,织
5,一重
4,里根
4,设厂
4,脆弱性
4,甲醛
6,发明
6,感情
5,限行
5,事中
4,留学人员
4,零钱
4,殷切
4,成问题
4,元化
4,账款
4,萌芽
4,无异
5,小小
5,人中
6,商场
5,坏账
5,公用
5,做生意
5,信誉
4,照搬
4,出名
4,中国区
5,规章
5,自助
5,星期五
5,师范学院
6,水源
5,合资
6,味道
4,里来
4,车企
4,耗费
4,梯队
5,开门
6,忍受
6,休克
5,顶级
5,舒服
5,半年报
4,围住
4,长于
4,输血
4,补差
4,申万
4,安全高效
4,医药卫生
4,包钢
4,分片
4,交社
5,社会实践
5,学人
4,里都
4,跳槽
5,互助
5,经常性
5,立起
4,尖锐
4,北部湾
4,低廉
5,财政厅
5,之星
5,教会
5,覆盖率
5,推销
5,存单
5,名牌
5,催化剂
5,三亚市
4,抱持
4,多城市
4,金都
4,误差
4,湖南人
4,收归
4,大件
6,黑色
6,中央政府
5,力求
4,经略
5,无缘
5,收录
4,计较
4,徐守盛
4,店面
6,西北
4,村社
4,动因
5,研究室
6,议题
6,持久
5,募基金
6,骗取
5,共和党
4,银监局
4,保护主义
5,股票型
5,突发
5,大都
5,人民网
5,老一辈
5,深造
5,不惜
4,告急
4,非物质文化
4,纠缠
4,旧城
4,支持率
4,奢靡
4,天数
4,跨行
4,脱困
4,申贷
4,工龄
4,光电
4,优选
4,发展现状
4,荔枝
4,华晨
6,隐藏
7,朝鲜
6,央视
4,免于
5,聚居
5,以求
6,参赛
4,南昌市
5,便民
4,天平
5,误导
5,艰辛
5,指导性
5,心声
4,迟滞
4,相符合
4,过气
4,跑腿
4,王道
4,忧心
4,微乎其微
4,功能性
4,创业园区
7,审理
5,有近
5,护士
3,高纬度
3,项目化
3,铅锌矿
3,试验田
3,育肥
3,纪律性
3,王晓东
3,牌和
3,正本清源
3,施药
3,整地
3,教诲
3,技术型
3,交叉点
3,黄女
3,麦可思
3,项目推介
3,面点
3,阿姆斯特丹
3,踏步
3,脑力
3,续着
3,科技股
3,王守仁
3,爆发性
3,渣打
3,海防线
3,毛喆
3,模范村
3,常账
3,如年
3,哈里曼
3,口粮
3,危殆
3,侯晓然
3,于随着
5,老李
5,秦皇岛
5,政局
6,提起
5,比比皆是
4,亚特
4,最重
5,门店
5,预案
5,管理条例
5,效能
6,上海市
7,处置
5,支柱
6,暴雨
4,建设局
5,就读
7,套房
4,政纲
4,教育机构
4,意料
4,征兆
4,四千多
4,可同
5,历时
4,黄石
4,阴谋
4,连任
5,颠覆
5,厂家
7,身亡
5,整容
5,商报
6,赶到
5,困难户
7,战场
6,关切
5,终止
5,用药
3,黄跃进
3,统计指标
3,给排水
3,牛肉面
3,技术类
3,市场推广
3,国成
3,化生
5,面积约
5,得了
4,娱乐业
4,创造者
6,司法机关
4,多层
4,商也
4,往届
5,牧区
4,迸发
4,论断
4,离岗
4,接棒
4,工钱
4,于以
5,扫清
6,首付
4,远非
4,申请量
5,屏幕
5,卫星
4,情势
5,上千
6,集会
4,福特
4,湖南省委
5,社保局
5,主动权
4,贵宾
4,爆出
4,政府预算
4,华泰
4,关中
6,一审
7,治党
5,过硬
5,摧毁
5,后悔
8,势力
4,博多
4,滞销
5,科技部
5,归结
5,罚金
5,主业
4,堆积
5,民办
5,工程项目
5,传出
7,政权
5,省委书记
5,同业
4,非凡
4,阴霾
4,货值
4,年产值
4,字头
4,复合型
4,催化
4,体能
4,产业基础
4,管用
7,磋商
4,收购价
5,核电
5,专户
5,经济建设
4,破败
3,长阳
3,牧户
3,油库
3,播种
3,抗跌性
3,投入品
3,平以略
3,复合材料
3,吞没
3,叶耀庭
3,以及技术
3,产品目录
3,交通线
3,主产地
7,走廊
6,二手
4,美誉
5,特殊性
5,千里
5,王晨
5,民主党
5,乘车
4,蚕食
4,而行
5,经济效益
5,查出
4,连同
4,资费
6,名字
4,整车
4,候选
4,怀化
4,中央社
6,团体
6,公交
6,航空公司
6,绿地
5,帷幕
5,亲子
6,中国日报
4,西南地区
4,抚顺
5,金融街
4,沿途
4,减灾
6,女友
5,神州
5,有高
4,用钱
4,服务局
4,已获
4,告一段落
6,台风
4,电子元件
4,潜水艇
4,极小
4,店里
3,聚一
3,磨难
3,石书红
3,水火
3,党小组
3,修订案
3,两块牌子
5,行政机关
5,歧视
5,护卫
4,版图
5,中多
5,自有
5,经办
5,折扣
5,国人
4,存有
4,饽饽
4,地利
5,最美
4,练就
6,自治
6,诱惑
4,中石化
5,领会
5,个性
5,上个世纪
6,狭窄
4,休斯
5,英雄
4,风向
4,郭永祥
4,详解
4,收支平衡
4,侵蚀
5,福州
3,马上要
3,狠劲
3,煲汤
3,焦虑症
3,桔子
3,摆地摊
3,搬运工
3,家种
3,受业
3,万州
3,资信评估
3,贝莱德
3,认同度
3,受热
3,东亚银行
5,票据
4,赖以
3,组织创新
3,物流业
3,液态
3,格兰瑟姆
3,免费卡
3,保温
5,房租
5,故乡
6,救灾
5,输出
5,流量
5,大额
4,赎回
4,资产重组
4,并联
4,下大力
5,学到
3,赵少康
3,扼杀
3,句点
3,兽医
5,吃饭
4,监察室
4,地气
5,下决心
6,拉萨
4,百姓家
5,约有
4,破题
4,民进
4,可追溯
4,大型设备
4,谩骂
4,收储
8,审判
4,复杂性
6,人文
5,掠夺
5,人选
4,光临
4,优先级
5,建设者
52,新宾
4,愤怒
5,江西省
4,于零
5,知情
5,家住
4,连连
4,辩解
4,老年人口
4,百家
4,深两市
4,地方特色
4,入水
5,视线
5,洛杉矶
5,坚信
6,有期徒刑
7,购房
5,包装
4,霸气
4,老大
4,口碑
4,靠拢
6,联络
6,曝光
5,愿景
5,院士
5,安全管理
3,饱含
3,良策
3,纰漏
3,湾村
3,既成
3,无底洞
3,抗旱
3,执笔
3,天鹅
3,增容
3,里奇蒙德
3,踏入
3,生活秀
3,泼冷水
3,四海
3,券种
3,刘熠
3,养蜂
3,保守型
3,仲恺
4,资产负债
4,技术支持
4,下山
5,美的
5,天都
5,值班
5,之旅
6,传统文化
3,明治
3,挖土
3,坑口
3,囤积
3,受雇
3,双联
3,克强
4,词汇
4,自来水
4,独资
4,机械设备
4,国民收入
5,渗透
5,建构
5,时分
5,并购
5,前所未有
4,业务员
4,同住
6,全国人大常委会
4,搬进
4,大众化
6,神秘
4,抗震
5,供水
5,对面
6,外交
4,网络资源
4,文理
4,实验区
3,物流行业
4,森林覆盖率
4,乌龙
4,老太太
4,回事
4,陈安
4,深水
4,放假
4,剥削
5,紧迫感
5,核心区
4,张剑
6,防线
5,通行
3,薪金
3,自给率
3,生产国
3,王远鸿
3,张前荣
3,平生
3,做市商
3,倾销
3,一览
5,港澳
4,斥资
4,地支
5,访谈
5,模块
5,来访
5,上缴
6,交流合作
5,无形
5,栏目
6,朋友圈
5,失职
5,省直
4,住客
4,生产资料
4,创新性
4,优待
3,莫大
3,立统
3,申银
3,求进
3,措手不及
3,工伤认定
3,及时性
5,近乎
5,经济体制
5,澳大
5,合格
3,病死
3,泸溪
3,开灯
5,饭店
5,并处
4,尾随
6,空军
5,不公
4,隐忧
4,省去
4,水产
4,手机银行
5,缺失
5,研讨
3,台籍
3,会计学
5,正规
3,钢铁业
3,软性
3,礼包
3,最小化
3,宋浒智
4,速度快
4,笔试
4,对公
4,双刃剑
4,何方
4,耐用
4,铁皮
5,人民银行
3,支撑力
3,实发
3,喷灌
3,反哺
3,介绍机构
5,周转
4,堪培拉
4,中段
4,跨部门
4,盘子
4,摸索
4,祈祷
3,资方
3,中国产业
5,开幕式
5,欲望
5,总队
5,为由
4,待定
5,奥地利
4,老牌
4,事态
5,更易
5,减退
4,沃克
5,遍布
4,事主
5,苍蝇
50,帝陵
4,文华
4,探亲
4,不俗
3,龙山
3,集散
3,许并
3,群人
3,立德
3,环境监测
3,正名
3,年货
3,国家项目
3,君臣
3,勤俭节约
3,党组会
5,大楼
4,利剑
3,资质证书
3,国内领先
3,同价
4,终场
4,门户
5,曾多次
5,讲述
5,世人
4,车费
4,筹码
4,法务
4,二元
4,余杭
4,乡土
4,退化
3,观光旅游
3,学理
3,乾坤
4,口气
5,治本
4,蒙古国
4,环境治理
4,抉择
4,切入
4,出口额
4,余条
4,以政府
5,通讯
6,空中
4,中看
5,住院
4,避开
4,安康
4,国有控股
4,供养
5,裁军
4,行凶
5,移交
4,工作机会
3,高开低
3,测出
3,汇点
3,改行
3,高就
3,风来
3,铁矿
3,跌价
3,下拉
3,费都
4,高品质
4,建设银行
4,不顺
4,万多
5,职称
3,鲜肉
3,长势
3,纵览
3,曾做过
3,文化内涵
3,奔跑
3,化学需氧量
3,亦然
4,家教
4,钱都
4,行政化
4,信息网
3,说词
3,美国参议院
3,申明
3,得愈
5,永久性
4,风险投资
4,听证
4,净利
4,中投
5,九十年代
4,被捕
3,持有者
3,发展型
3,债务人
3,交会
5,受托
4,纲领性
4,历年来
6,蜡烛
4,高薪
4,风尚
4,内阁
5,万件
4,反常
4,扰乱
4,证券公司
4,命题
4,一派
4,林立
4,取土
5,军官
4,购入
4,生涯
4,开立
4,剧情
3,大中小企业
3,公营
6,腾讯
5,抗战
3,麻阳
3,预感
3,调出
3,许还
3,纳闷
3,积弊
3,消费性
3,架势
3,晴雨表
3,新网
3,如山
3,俄罗斯政府
3,企及
5,生效
3,雷波
3,自主经营
3,李养华
5,中转
5,理事会
4,行政法规
4,看成
4,污水处理
4,明细
4,托市
4,就达
4,凤凰
4,企业管理
3,达累斯萨拉姆
3,汉川
3,武功
3,杨玉琴
3,巴加莫
3,冠冕堂皇
3,亩产
5,快乐
3,至正
3,立峰
3,比大
4,纵观
4,排头兵
4,广义
4,大院
4,制衡
4,专业人才
3,贻误
3,质量检测
3,第四年
3,水产养殖
3,姓男子
3,冷水滩
3,阿西
3,郭敏
3,理据
3,新加坡国立大学
3,壮阔
3,国际航空
3,农场主
3,儒者
4,搬家
4,政治经济
4,对华
4,立国
4,大萧条
4,家底
4,占全
4,劳动争议
4,插曲
3,特钢
3,有起色
3,吃香
3,历史数据
3,农商
5,头脑
4,跟不上
4,后遗症
4,主力军
3,进中
3,炮声
3,溃败
3,李杰
5,法新社
3,转行
3,超乎
3,综合防治
3,稻田
3,李建波
3,日创
3,报告表
3,工程造价
3,份量
4,源自
4,总和
4,安排好
4,内贸
5,宗旨
4,唐代
5,教训
4,铺开
4,民政厅
5,金钱
3,田园
3,油茶
5,基本法
5,决不
4,问卷
4,电视电话会议
4,方来
4,开来
4,巧妙
4,中信
4,高速度
4,小山
6,含量
6,建房
4,执行力
5,调任
6,办案
4,抢抓
4,适应性
4,宁静
5,晚报
5,敦促
4,递增
4,犹豫
4,内控
4,兑换
4,做成
4,不争
6,安定
3,麦肯锡
3,街办
3,看报
3,挤兑
3,伤感
4,渡过
3,空心化
3,牙医
3,橘子
3,朱文
3,大坑
3,大专生
3,蕴涵
3,生产加工
4,工党
4,高昂
4,自觉性
4,病历
4,曾因
4,会主
3,龙永图
5,中止
7,菲律宾
4,自豪
4,算法
4,下沉
4,耐力
5,数学
4,受惠
3,陈晨
3,竞标
3,严寒
4,学问
5,大师
5,根本性
4,不懈
5,书面
4,拷贝
3,学研究所
4,支线
5,流传
4,贯通
4,帝国
4,人手
5,奶粉
5,国资委
5,历史文化
3,认知度
3,简明
3,科技计划
3,浓烈
3,洋溢
3,权等
3,心知肚明
3,张华
3,厉行
3,使然
4,平方
5,小孩
3,白山
3,水肥
3,夹缝
4,薄熙来
4,退休金
4,翻番
4,滞留
4,换成
4,大为
4,冬天
4,代办
4,乡亲
5,王朝
4,人事部门
5,出色
3,保质
4,学派
4,跻身
4,调试
4,手续费
3,集团化
3,英格兰银行
3,涉外经济
3,本地化
3,待发
3,单产
4,欧洲人
4,传单
5,成人
5,亲情
3,还手
3,调减
3,竹林
3,海宁市
3,洪灾
3,收银员
3,技术中心
3,冷水滩区
4,组团
4,榜首
4,工商联
4,宏伟
4,口袋
3,郭晓红
3,软环境
3,王维纲
3,猜疑
3,牵线搭桥
3,杨义邦
3,探路
3,掀开
3,戏称
3,小商品
3,宋瑛
3,安徽省委
3,品尝
3,历练
3,刘云山
3,仓储物流
3,中央编译局
3,三新
3,万国
4,费者
4,世贸组织
4,跌停
4,管理者
4,想想
4,外在
5,资本主义
4,良心
4,干什么
4,时节
3,勤学
3,修德
4,熙熙攘攘
4,马上就
4,宜居
3,特派员
3,推荐就业
3,布隆迪
3,外部性
3,县民
3,不稳定性
4,随迁
4,编号
4,加油站
3,运销
3,步子
3,推敲
3,发展状况
3,乡镇干部
3,两极
4,雷锋
4,脉搏
4,易懂
4,人情
4,惩处
4,追问
3,呼啸
3,不甘
3,注册商标
4,签发
4,空气质量
4,特有
4,宅基地
4,孵化器
4,互补
3,福星
3,来使
3,有年
3,劳动安全
3,人身险
3,于超
3,一年度
4,结局
4,分包
3,贸易公司
3,相聚
3,村里人
3,抱负
3,必先
3,年数
3,喻为
3,加多
3,冷清
3,信用评价
4,海底
4,在朝
4,于一些
5,影子
3,签约率
3,观察者
5,应根据
5,党籍
4,部件
4,环境保护部
6,严密
5,换取
4,科协
4,抵触
5,境界
6,直升机
4,着急
4,抛弃
4,惜售
3,非洲人
3,跌回
3,砖瓦房
3,理中
3,无悔
3,夕阳
3,埃及人
3,厌倦
3,数据中心
3,开凿
4,附件
4,科学化
3,错失
3,湖南省政协
3,张磊
3,公益活动
3,中进
3,一席之地
4,昭示
3,聊聊
3,常来
3,季开始
3,娘家人
4,固有
4,事物
3,中生
4,截面
4,决胜
5,立体
5,古代
6,乌鲁木齐
6,上诉
4,渴望
4,副教授
4,首例
4,人多
3,经济圈
3,成真
4,封锁
4,共产党人
4,代理人
4,无明
3,黑洞
3,躺倒
3,经济一体化
3,漩涡
3,投稿
3,成克杰
3,实招
3,不妙
4,公交车
4,组成员
4,挤占
4,农牧民
5,不说
4,越过
5,新作
4,来宾
4,中国青年
5,毛泽东
3,罚息
3,投资贸易
3,农艺
3,免息
4,管党
3,笃实
3,枷锁
4,车间
4,教育资源
4,咖啡
4,取缔
3,刀子
3,今晨
3,斯科特
3,出题
3,下议院
5,航线
4,在学
4,索取
4,文化教育
3,魄力
3,过节
3,紧要
3,矛头
3,直通
3,用水量
3,消减
3,指日可待
3,威望
4,大同
4,环保部
4,燃气
4,气温
4,渔民
4,世界杯
4,资源管理
3,航空业
3,制品业
4,跨过
3,西太
3,行会
3,吃紧
5,党的建设
4,驾驭
4,西南
4,用品
3,重点县
3,谬论
3,毒瘾
3,截然不同
3,弯道
3,工作指导
3,四国
3,先来
4,初始
4,为准
4,上空
5,商店
5,规格
4,总会
4,均等化
4,地级市
4,些小
3,食客
3,好奇心
3,回过
3,代发
4,种子
4,口径
4,发卡
4,去向
4,做为
4,无情
4,福祉
7,阿富汗
5,色彩
3,理科生
3,心理测试
3,问津
4,养护
4,游艇
3,随军
3,避难
3,背负
3,禁运
3,工夫
3,密歇根
3,寄语
3,坟墓
3,等第
3,疾苦
3,步调
3,惧怕
3,告终
3,勾画
3,到今
3,作对
3,五保户
3,主人翁
3,一品
5,公安部
4,站长
4,常有
3,积攒
3,田埂
3,宝华
3,城坡街道
3,唱衰
4,媒介
5,罚款
3,强刺激
4,游人
4,深知
4,放手
4,援建
3,花旗银行
5,通州区
4,购买服务
4,幸运
4,基层组织
5,军舰
5,净化
5,节日
4,归属
3,首日
3,怀抱
3,命脉
3,午饭
5,平米
5,送达
4,邻近
4,燃油
4,大将
4,篇章
4,台北市
3,跌停板
3,端掉
3,盖房
4,新人
4,小心
5,鉴定
4,神经
4,百人
5,正义
4,服务站
4,折合
3,沪上
4,下基层
4,非国有
3,重要会议
3,能见
3,给钱
3,治乱
3,征询
3,基层工作
3,葡萄园
3,种苗
3,民主党派中央
3,投资国
3,在册
4,进军
5,卡梅伦
5,共建
4,走入
4,镜头
4,经营性
4,亲人
4,下属单位
4,理会
4,北欧
5,弹药
4,世界贸易组织
5,抗日战争
5,二维码
4,地理
4,上百
4,破灭
4,有种
4,成片
5,颜色
3,邮轮
3,眉山市
3,动情
4,原理
3,顺风
3,酿成
3,退伍军人
3,说来
3,港区
3,李东生
3,上马
3,苏海南
3,沃土
3,投资政策
3,人事代理
3,万州区
4,毋庸置疑
4,教育发展
4,懂得
4,年纪
5,节目
3,三明市
4,新时代
4,呼和浩特
4,舒适
4,硕士
4,意在
4,开发建设
3,送出去
3,大波
5,共同发展
4,高分
4,休斯敦
3,跑去
3,走完
3,要数
3,烧钱
3,世界性
3,级景区
4,秋天
4,治安管理
4,装机
4,闭合
3,美国财政部
3,纺织业
3,电力工业
3,注册公司
3,放有
4,交谈
4,不住
4,字眼
4,发利
3,舌尖
3,河池市
3,政事
3,提供有
3,价格低
4,树林
4,常识
4,从北
5,嫌疑人
4,充电
4,商讨
5,幻想
4,余件
4,端正
4,二中
4,中中
3,自谋
3,新线
3,塑料制品
3,务工者
3,主动型
3,标的额
3,加挂
3,超车
3,统计数字
3,紧抓
3,毫不动摇
3,星级
3,庸者
3,到任
3,共存
3,下落
4,五成
3,黄文
3,当政
3,少数派
4,视察
4,医药费
4,战舰
4,安保
3,鲜见
3,过夜
3,瓦解
3,期货市场
3,市价
3,大讲堂
3,后于
4,突击
5,事发
4,地步
4,代表性
4,青年人
4,献给
4,悠久
4,培训学校
4,后劲
4,切身
4,荣誉
4,热心
4,宴请
3,妈咪
3,国研
3,到时
3,冰火
3,默克尔
3,贾康
3,能者
3,无害化
3,总能
3,十天
3,劲头
3,副职
6,开发商
4,借口
4,单价
3,金饰品
3,海洋工程
3,敷设
3,信用担保
5,被告
4,水面
3,菲利普
3,留足
3,林毅夫
3,智能家居
3,收件
3,小额信贷
3,中法
4,欠缺
4,途中
4,露天
3,陈文
3,旅游景点
3,头顶
3,况来看
3,养殖户
4,归还
3,窝窝
5,照片
3,高雄
3,私家
3,惊动
3,存活
4,轮流
4,高科技
3,走下去
3,明智
3,出栏
3,扁平化
3,半停产
3,副产品
3,阻隔
3,殖民地
3,新家
4,到访
4,视觉
3,贫寒
3,项目进展
3,上风
3,掩饰
3,就任
3,大手笔
3,地方性法规
3,不保
5,党组织
4,商量
3,高松凡
3,高成本
3,考试招生
3,汽车业
3,工程学院
3,尔等
3,何理
6,会见
4,好人
4,回去
4,占地
5,扫描
3,月入
3,无聊
4,认购
3,环保型
3,习性
5,顺序
3,项目融资
3,水晶
3,务农
4,被套
3,注册地
3,眼神
3,咨询公司
3,合署
3,受众
4,感知
4,勇士
5,贪污
4,一杯
3,秘鲁
3,清朗
3,苏北
3,红土
3,禁牧
3,校友
3,打工者
3,小规模
3,小一
3,周转金
3,全境
4,样子
3,起始
3,生计
3,实地调查
4,交织
4,出海
4,法律服务
4,发动机
3,联系点
3,打扫
4,政企
4,一新
4,渎职
3,示范园
3,学生会
3,量比
3,经得起
3,篇幅
3,注册资金
3,分房
4,地税局
3,金连
3,离谱
3,惊呼
4,无助
4,冠名
5,新房
3,染上
3,果树
3,安居房
3,非一
3,集约化
3,套期
3,乘法
3,郭家
3,跳出
3,资源保护
3,讲堂
3,滋味
3,想通
3,恒隆
3,年度计划
3,倾听
4,界面
4,间断
4,门票
4,谈起
4,为先
4,专业知识
4,穿着
3,交货
5,公款
3,过手
3,过世
3,水生
3,春城
3,政界
3,出头
3,二氧化硫
3,风景线
4,北部
4,引人注目
4,路途
3,大山深处
5,患者
4,禁毒
4,捐赠
3,观测
3,海外华人
3,和睦
3,决断
4,双眼
3,经验丰富
3,每名
3,本年度
3,多远
4,致电
4,同行
3,操作手
3,崇礼县
4,特质
4,古人
3,让行
3,新理念
3,惊天
3,宜昌市
3,咖啡厅
3,刘勇
3,养老保险费
3,使用费
3,国贸
3,国际标准
3,乳业
4,荣誉称号
4,注定
5,意志
4,外来
4,贝克
4,投降
4,考古
4,活着
4,曙光
3,领办
3,欢喜
3,厨师
3,佯装
3,价钱
3,亚太区
4,设有
4,工作报告
3,车身
4,预约
4,违章
4,争做
3,迟缓
3,待业
4,部位
4,记忆
3,翻版
3,百分比
3,少不了
3,小盘
3,周报
3,华安
4,大战
3,值钱
3,乞讨
4,督办
4,热度
3,震区
3,海水
5,友好
4,局限
4,杜绝
4,粉尘
4,尺寸
5,侦查
3,阐明
3,过境
3,百分
3,打造成
3,大手
4,英语
5,运送
3,绿树成荫
3,理工科
3,扬帆
4,断裂
4,争抢
3,草莓
6,报警
3,痛心
3,官僚主义
3,集体所有
3,科技城
3,燃眉之急
3,服务好
3,好过
3,四轮
3,人才市场
3,美景
3,复杂化
5,合成
3,渴求
3,朝气
3,不甘落后
5,逾期
5,袭击
5,违背
5,反恐
3,临港
4,老年
3,资格证
3,设备制造
3,收场
3,路来
3,人口数
3,中工
3,英明
3,精神卫生
3,先发
3,中低
3,速来
3,文科生
3,肯德基
4,组织建设
3,减量化
3,秉承
3,政治家
4,执业
4,生成
3,西班牙政府
3,诉至
3,无可
3,一村
4,战胜
3,驻外
3,好运
3,大学城
4,滋生
4,门类
3,紧邻
3,废止
3,飘红
3,配比
3,翻红
3,政策宣传
3,工作总结
3,城乡发展
3,冷落
3,人士处
3,心通
4,财政收支
3,物流公司
5,管辖
3,错位
3,折腾
3,张军
4,主编
4,全过程
4,颁发
3,设计制造
4,感染
4,中小学
3,滨海
3,榆林
4,实录
4,一生
3,表现力
3,电视广告
3,图解
3,华南地区
4,盒子
4,人寿
3,资源性
3,航空航天
3,耗时
3,纷呈
3,沙坪坝区
3,水费
3,培训费
4,浸泡
3,移民局
3,果实
4,讲座
3,远在
3,诚实
3,西城区
4,着重
4,有趣
4,持刀
3,掌中
3,救命
3,停业
3,最高分
3,失之交臂
3,和信
3,世界日报
5,投诉
3,守护
4,安徽省
3,赢利
3,财产权
3,计划单列市
3,申请表
3,技术应用
3,打基础
3,四方
3,可循
3,农地
3,于从
4,姓名
5,健身
4,对准
4,定一
4,摄影
3,老去
4,招商局
3,群岛
3,稀少
3,福布斯
3,旅游产业
5,严禁
3,小明
3,吵架
4,大利
4,终身
3,朴实
3,分设
3,先于
3,警钟
3,重提
3,标牌
3,工业部门
3,达人
3,退伍
3,凝结
3,保护性
3,中分
3,阻挠
4,多天
4,中外
3,骄人
3,注视
3,尊师重教
3,述评
3,起家
3,消费水平
3,容忍度
3,喝茶
3,十家
3,助学贷款
3,付诸
3,时能
3,张家界
3,破案
3,疫情
3,日照
4,设想
3,大棒
5,任命
3,月下
3,运算
3,轻人
3,旅游产品
3,初选
3,驱动力
3,贵州省委
3,春笋
3,强者
3,减去
4,简介
4,虹桥
4,时报
4,护卫舰
3,负数
4,变相
3,母猪
3,转身
4,事务所
4,周刊
4,纪念日
3,防城港市
3,安危
3,一口气
4,跨国
3,集中到
3,蓝筹股
3,如雨
3,博彩
3,保时捷
3,上周末
3,希冀
3,肉体
3,界别
3,战火
3,休学
4,制度化
3,相等
3,上岸
4,注意事项
4,挤出
4,协力
3,财源
3,维护费
3,礼拜
3,地方性
3,交回
3,别提
3,金融投资
4,谈及
4,开幕
4,兴建
3,羁押
3,备忘录
3,汽车消费
3,日产量
3,军队现代化
3,联合报
3,官商
3,饱受
3,返贫
3,超常
3,裁量权
3,联办
3,科技厅
3,密不可分
3,企业界
3,一档
3,冲动
3,蜘蛛网
4,盗窃
4,繁华
4,物资
3,待售
4,不见
3,田野
3,乡情
5,战机
4,还债
4,典型案例
3,科创
3,示范性
3,盛世
3,显眼
3,得益
3,安阳市
3,可达到
4,名下
4,工作室
4,国旗
3,高楼
3,突发事件
3,大开发
3,亏本
3,中实
4,千年
3,渔船
3,必读
3,农大
4,泛滥
4,电视台
4,奢侈品
3,淡薄
3,反向
3,动物园
4,品格
4,将就
3,触角
3,董事局
3,稳住
3,报称
3,垄断性
3,商行
4,古城
3,规划建设
4,苏州
3,潇洒
3,文物部门
3,外快
4,设计师
3,年产量
3,拿不到
3,南非政府
3,颁证
3,锤炼
3,行业标准
3,定额
3,倍数
3,企业注册
4,澎湃
4,拨打
3,动静
3,欧洲议会
3,清真
3,重庆晚报
3,网络建设
3,收益权
3,亟需
3,新东方
4,延安
3,铁饭碗
3,社会支持
3,卫民
3,以培养
3,脸色
3,和田
4,地图
3,顶端
4,隆重
3,节俭
3,电机
3,灵敏
3,商用
3,呵护
3,农贸市场
3,作坊
3,驱散
3,外购
3,中老年
3,一山
4,中国国务院
4,太阳
4,预定
3,早报
3,地标
3,跨越式
3,换算
3,战略规划
3,开销
3,居前
3,一致性
4,相连
3,军属
3,省际
3,政治经济学
3,内因
3,永年
3,模样
3,有感
3,新机
3,微妙
3,南站
3,况且
3,不得已
3,高污染
3,炼钢
3,巢湖
3,家畜
4,谣言
4,偷渡
3,建设管理
3,捐资
4,越好
3,合作者
3,资金量
3,规范性
3,权衡
3,政策规定
3,录入
3,应征
3,宣讲团
3,会期
3,中坚
3,探访
4,领袖
4,集团公司
4,社会生活
4,药物
3,越狱
4,写字楼
3,来这里
3,早点
3,攻关
3,挂号
3,慢性
3,年审
4,有用
4,不留
3,取决
3,新任
4,一书
3,食者
3,兵员
3,台胞
3,选择权
3,调研员
3,省城
3,太远
3,产品销售
3,中央党校
3,无果
3,钢筋
3,节庆
3,语气
2,龙溪
2,黄诚桂
2,黄咏
2,高力
2,验尸
2,项能
2,韦尔斯
2,长城资产管理公司
2,铜材
2,铁矿砂
2,钣金工
2,金管局
2,金属市场
2,金基本
2,金刚台
2,连增五
2,进账
2,轴线
2,轮下
2,转化率
2,车系
2,车及
2,赵辰昕
2,资源分配
2,费解
2,言该
2,蔡进
2,菜馆
2,菜篮子
2,茅岛
2,苏浙
2,自多
2,绿色环保
2,经济园区
2,管两轮
2,等价物
2,矿场
2,短期培训
2,皮特
2,电力系统
2,生产量
2,王茜
2,煤油
2,炼狱
2,潘军也
2,滞胀
2,滑出
2,深度分析
2,法兴
2,汤涛
2,民建中央
2,来万
2,月分
2,曹阳
2,无遗
2,整车厂
2,捉摸
2,拓荒者
2,找出路
2,房结果
2,房利美
2,息差
2,态立县
2,开采业
2,广州港
2,岭门镇
2,小娟
2,小农经济
2,定来
2,如何把握
2,大刚
2,夜幕
2,夜宿
2,备足
2,可信性
2,受用
2,发行权
2,匹敌
2,加进
2,加得
2,刘煜辉
2,关注市场
2,兰达
2,六日
2,公屋
2,储行还
2,储行仍
2,储又于
2,产业群
2,乐事
2,丰乐
2,中间品
2,中国青年政治学院
2,个名村
2,专业对口
2,万招
2,万多宗
3,提防
3,跟风
3,股本
3,排序
3,总支出
3,大市场
3,功效
3,公共事业
3,仿真
3,上得
4,支队
3,南昌
4,决不能
3,负债率
3,而出
3,期末
3,指着
3,崩盘
3,大打折扣
3,外迁
3,出钱
3,养殖场
3,偏僻
4,结婚
4,公办
3,看守所
4,加紧
3,使用量
3,满意度
4,不严
4,肌肉
3,雏形
3,连年
3,转战
3,美德
3,欣慰
3,市局
3,国大
3,中北
3,鼓劲
3,调升
3,电缆
5,条约
3,运煤
3,离异
3,教育体系
3,于受
4,落在
3,面向社会
3,速率
3,过年
3,能开
3,政策性银行
3,成功率
3,先得
3,信息系
3,专科
3,不快
3,想像
3,难关
3,老干部
3,繁琐
3,建设规划
3,合同法
3,勘探
3,人流
3,销往
3,劳动生产率
3,转机
3,突破性
3,低效
3,二十年
4,曼谷
3,判刑
37,欧罗
4,所属
3,学制
3,国际交流
3,团中央
3,逆市
3,身处
3,端倪
3,盛大
3,棉花
3,差额
3,划入
3,代为
3,店主
6,美方
3,论点
4,告知
3,提法
3,应由
3,减法
4,打着
3,里约
5,纠正
3,气势
3,重叠
3,透露出
3,蒙古族
3,汽车销售
3,推测
3,制药
3,不来
3,武装部
4,三国
4,星期三
4,建部
5,判决
4,请求
4,物品
3,岳麓区
3,增发
3,偏爱
3,企业改制
3,中第
3,引水
4,家族
4,副总理
3,马云
3,迎合
3,开端
3,契税
4,排查
5,海域
4,转让
3,三重
3,精简
3,独有
3,服务性
3,日常工作
3,前台
2,鱼翅
2,魏皓奋
2,题型
2,靶向
2,陈际瓦
2,金库
2,通篇
2,这年
2,过活
2,起死回生
2,缺考
2,经销部
2,粤港
2,管小
2,竞技场
2,王锡锌
2,潮头
2,渗透力
2,泛化
2,民心者
2,每万
2,李祥
2,斯伦贝谢
2,斯人
2,摇摆不定
2,摆布
2,快感
2,往昔
2,开放度
2,师法
2,嫁祸
2,大气候
2,出鞘
2,出出
2,凄惨
2,兼得
2,全站
2,保民
2,一贯性
2,麦嘉
2,通来
2,荣誉感
2,经济态势
2,稳产
2,石路
2,白手起家
2,环境优势
2,照护
2,涂层
2,洗选
2,智诚
2,日澳
2,护林
2,建材家居
2,应同时
2,姜樊
2,大型超市
2,均衡点
2,在望
2,圣洁
2,哀嚎
2,交通方便
2,于低
2,于两项
2,上选
4,见证
3,独立性
3,淡定
3,来不及
3,最高值
3,家用
3,仅能
3,个子
3,专业性
3,继续教育
3,海外留学
4,动机
5,阅读
4,形状
3,征缴
3,委屈
3,基本形
3,取而代之
3,灾害
4,置业
4,文化活动
4,忘记
4,对策
3,富人
3,备战
3,万张
4,成分
4,人物
3,自然人
3,村子
3,亿多元
3,下手
3,落幕
3,回馈
2,郑昕就
2,达美
2,辐射面
2,车架
2,跌下
2,融融
2,牌价
2,接力棒
2,换工
2,感同身受
2,德国西门子
2,徐博
2,强心针
2,地平
2,地下党员
2,国际竞争性
2,四德
2,发案数
2,博世
2,半信半疑
2,仁义
2,不言自明
3,静静
3,舆情
3,核发
3,于自己
3,吞吐
3,难过
3,还好
3,近半
3,社会团体
3,电子产品
3,深圳商报
3,安心
3,三联商社
3,一成
3,研究人员
3,时间段
3,埋伏
3,内来
3,还清
3,简历
3,新路
3,合肥市
3,发育
3,疲惫
4,炒股
3,轻视
3,受助
4,立方
3,受过
3,商界
3,出境
4,火车
3,邮箱
3,接听
3,复合
3,光复
3,牵动
3,权威性
3,搬到
3,打包
3,实为
3,全日制
3,二氧化碳
3,遍地
3,连锁店
3,宽阔
2,龙河镇
2,高级人才
2,销售率
2,银保
2,金等也
2,采矿业
2,通知栏
2,车商
2,董希淼
2,著地
2,肉禽
2,紫珠
2,石斛
2,琼中黎族苗族自治县
2,热钱
2,正阳
2,杨宗强
2,本基
2,最新政策
2,拟合
2,彭澎
2,强村
2,张晓光
2,开基
2,山旮旯
2,富国银行
2,天府早报
2,多座城市
2,场主
2,国贫县
2,吴波
2,合作机会
2,各类主题
2,卓令乾
2,利克称
2,冬种
2,公司招聘
2,全程服务
2,保康
2,何时开
2,交叉性
2,于股混
2,于实需
2,之夫
2,主题性
2,下货
2,上周一
3,群体性
3,照相
3,接轨
3,拥挤
3,大成
3,参股
4,城乡建设
3,西北地区
3,肯尼亚
3,过人
3,自营
3,兑付
4,跨国公司
3,下辖
3,生活费
3,国家政策
4,小姐
4,教室
3,解禁
3,一等
3,顾虑
3,经济开发区
3,演绎
3,标准规范
3,教育厅
3,排行榜
3,前夫
3,出院
3,争相
3,之义
3,百货
3,急促
3,人参
4,监控
3,装有
3,精选
3,所得税
3,先导
2,高效化
2,非生产性
2,蔑视
2,科所
2,王立新
2,无为
2,敬民
2,心行
2,张庆
2,己任
2,复吸
2,动员令
2,刘伟平
2,出格
2,人才资源
2,主机厂
3,居于
4,森林
3,门将
3,要强
3,大字
3,评比
3,海关总署
3,复印件
3,抗争
3,如能
3,承诺书
3,归集
4,风气
3,坎坷
3,登记证
3,权益保障
3,不尽
3,铸造
3,教学内容
3,学风
3,卖家
4,昏迷
2,香港股市
2,陵园
2,阔别
2,长谈
2,谦让
2,论据
2,萌发
2,自交
2,章法
2,熊掌
2,滑到
2,沈阳机床
2,武陵
2,扬起
2,快餐店
2,御用
2,建德
2,建和
2,工件
2,宾利
2,学文
2,孙某等
2,够呛
2,回弹
2,后备箱
2,北半球
2,倒贴
2,龙泉驿区
2,魔力
2,金融局
2,酒店业
2,访问者
2,网络营销
2,窝棚
2,挑战性
2,抢滩
2,客服中心
2,圣路易斯
2,回涨
2,同步性
2,华东地区
2,元汇
2,中心化
35,唐甄
2,顶格
2,面料
2,订制
2,肉鸡
2,续约
2,申请免费
2,湘雅
2,清苦
2,感官
2,加盟费
2,共通
2,会费
2,介绍信
3,罪犯
3,上帝
3,酒精
3,绝望
3,情怀
3,原文
3,中欧
4,围观
4,拳头
3,集合
3,管理体系
3,珠宝
3,指望
2,留恋
2,沉沦
2,期中
2,上达
3,售卖
3,未知
3,冷却
3,礼堂
3,长发
3,联谊
4,中文
3,首轮
3,开区
3,入口
3,躲过
3,挫败
3,警醒
4,网民
3,拉丁美洲
3,两端
4,大病
3,英文
3,出击
4,强迫
3,比喻
3,一楼
3,骗子
3,要义
3,积淀
3,泰勒
3,光芒
2,论语
2,蔡岩红
2,舍弃
2,胆识
2,老字号
2,组织化
2,矢志
2,煤价
2,浙江人
2,气焰
2,正餐
2,暖冬
2,日人
2,新密
2,数字显示
2,批评者
2,想清楚
2,弹劾
2,应须斩
2,平均年
2,平均价
2,完胜
2,如海
2,声浪
2,地质局
2,土建工程
2,匡时
2,况来
2,保管员
2,伊宁
2,价廉
2,产品加工
2,于事
2,主抓
2,不同人
2,不前
2,万竿
2,一汽大众
4,评为
3,航班
2,高炉
2,面包店
2,金属矿
2,费舍尔
2,花城
2,空升水
2,程小勇
2,格连
2,板卷
2,有知
2,时序
2,新西兰元
2,收运
2,房债
2,情况表
2,性价比高
2,市场消息
2,岗山
2,坦陈
2,地表水
2,国三
2,园区企业
2,友好型
2,划一
2,保守派
2,互保
3,生活服务
3,掉下
4,赌博
3,常委会议
3,于我们
3,三口
4,邓小平
3,揭牌
3,其成
2,马华
2,选育
2,覆灭
2,社评
2,田园风光
2,王志群
2,激动人心
2,林下
2,无事
2,招架
2,抢险救援
2,威斯康星州
2,天池
2,培养高
2,周观
2,击破
2,冠上
2,全友
2,于明
2,万里路
2,万卷书
3,诱导
3,理赔
3,明晰
3,工商部门
3,万吨级
3,惩治
3,税务总局
3,瑞典
3,多条
3,冒险
3,路人
3,答应
3,社团
2,雇工
2,直营
2,不相干
3,优雅
3,广发
4,特性
3,淹没
3,模特
2,起数
2,被调查者
2,维修服务
2,浮夸
2,流花
2,派送
2,无太
2,控制性
2,成美
2,心水
2,实施期
2,壮美
2,城里人
2,四日
2,后花园
2,双桥
2,厮杀
2,制备
2,于稳
2,专有
3,电动车
3,工作量
3,地级
3,刘志军
3,顺延
4,同级
3,章程
3,厨房
3,便有
3,中意
3,意为
3,天时
3,考评
3,太平
2,金等
2,表象
2,营养不良
2,英伟
2,自由党
2,统计工作
2,密集区
2,宣传册
2,受控
2,压库
2,占得
2,单就
2,北京大学法学院
2,倒排
2,保税区
2,不如意
2,逼问
2,迷迷糊糊
2,超采
2,象牙塔
2,装袋
2,自行车道
2,独立日
2,时尚杂志
2,接货
2,开矿
2,康利
2,工装
2,小工
2,密西根
2,台南市
2,中流
3,惊讶
3,走向世界
3,前所
3,敞开
3,喜悦
3,又称
3,光彩
3,眼泪
3,法定代表人
3,构想
3,带到
3,地理位置
3,黑名单
3,请示
3,沦为
3,七成
3,车站
2,贡献者
2,自由落体
2,美名
2,来源国
2,利通
3,测量
3,水库
3,赞誉
2,黏性
2,高作低
2,马拉诺
2,集成化
2,钱生钱
2,通信业
2,诚信度
2,背靠
2,联保
2,生活必需品
2,沙田
2,格可
2,标金
2,战局
2,天成
2,大动
2,加速性
2,初生
2,于绿城
3,热衷
3,场面
3,后台
3,便于
2,辛巴
2,质量型
2,蚕种
2,耿学清
2,纬度
2,站住
2,看相
2,王晓慧
2,江峡
2,水磨石
2,民社
2,民品
2,此卡
2,横比
2,楼附楼
2,棋盘村
2,李铁雄
2,朱均平
2,服务全国
2,操作指南
2,张新牌
2,张其佐
2,应怎么
2,周天勇
2,后工业社会
2,卡里亚
2,冯利伟
2,军品
2,仕达
2,于走
2,万元欠薪
4,性质
3,文化娱乐
3,听从
3,拼搏
3,蒋洁敏
3,年薪
2,体系化
3,决算
3,做客
3,清代
3,敏锐
3,夏日
3,万物
3,商业地产
3,民航
3,博览会
3,智商
3,科威特
3,誉为
3,奔波
3,腐化
3,联合主办
2,配角
2,通化市
2,蹿红
2,茂林
2,磨练
2,混合制
2,挤掉
2,心安理得
2,徐绍史
2,市辖区
2,存在有
2,大理石
2,和会
2,变坏
2,卡都
2,别想
2,关政
2,事半功倍
2,跳空
2,管从
2,电解铝
2,增长期
2,商标法
3,行政部门
3,法制教育
3,成年
3,年分
3,工商管理
3,低调
3,人性
3,响起
3,依附
3,称赞
2,驻法
2,运输业
2,赐予
2,滨江区
2,清初
2,桑梓
2,探测器
2,入籍
3,两旁
3,尽责
3,不通
4,豪宅
3,揭幕
4,牺牲
3,做事
3,间距
3,掉头
3,修车
3,交流经验
3,一剂
4,动物
3,身影
3,改组
3,家庭生活
3,大旗
3,内容丰富
3,中体
3,大一
2,陈家
2,门卫
2,躲到
2,踏进
2,程景伟
2,电白
2,环顾
2,没意思
2,旧闻
2,散开
2,居者
2,小摊贩
2,对流
2,对不上
2,威尔士
2,原路
2,单都
2,凑钱
2,佳肴
2,中街
2,肥西县
2,网上审批
2,用户量
2,标段
2,市场调节价
2,工业设计
2,养牛
2,产品制造
2,上海地区
3,胜负
2,开考
2,不兴
3,挑选
3,出动
4,战斗
3,频道
3,网页
3,民情
3,周某
3,分成
3,交纳
3,一年期
3,一幕
3,长征
3,应试
3,之情
2,韶山
2,难于
2,赋税
2,解放日报
2,用处
2,牙科
2,焦化
2,派到
2,求好
2,意下
2,归咎
2,常务董事
2,已有近
2,实施项目
2,官职
2,大项
2,发轫
2,信得过
2,件数
2,书目
3,搅动
2,皮书
2,料中
2,主导性
3,中断
4,法庭
3,运输部
3,兼顾
4,观看
3,一百多
3,名列
3,俱乐部
3,名师
3,上交
2,高桥镇
2,金月
2,网络销售
2,槐树
2,岌岌可危
2,原子能
2,凉爽
2,乌鸦
2,中国旅游
3,保利
3,血液
3,道路交通
3,跑到
3,开具
3,得下
3,来源于
3,风情
3,民政局
3,抢夺
3,主观
4,文学
3,罪名
3,跑道
3,议事日程
3,共鸣
3,第一部
3,影像
2,黔东南州
2,高科
2,钟纪岩
2,遵义市委
2,许更
2,薪火
2,苏维埃政府
2,苏区中央局
2,舍得
2,罗云
2,绿化工程
2,精益
2,相左
2,电子交易
2,王荷波
2,李维汉
2,朝代
2,曾希圣
2,摸得着
2,揭阳
2,徐孟加
2,开课
2,好书
2,大埔
2,多行业
2,周季方
2,前情
2,于向
2,中牟
2,下注
2,高富帅
2,生活频道
2,热轧
2,波涛
2,多难
2,可信度
2,价格低廉
2,上端
3,发给
3,入党
3,啤酒
2,郭晋晖
2,恒裕
2,小瞧
2,医疗改革
2,颠簸
2,创业致富
3,监督工作
3,不顾
2,阵风
2,赖账
2,计时
2,营养费
2,网上商店
2,硬着头皮
2,皖北
2,活生生
2,检获
2,广福
2,妙招
2,后冲
2,华立
2,别将
2,光明网
2,二十分
2,风光带
2,追随者
2,要道
2,腼腆
2,胶着
2,纽约州
2,研发机构
2,盖起
2,由英国
2,生育率
2,游轮
2,征途
2,当道
2,孟买
2,十方
2,伦齐
2,中东欧
3,白云
3,划转
3,推力
3,气质
3,来京
3,地下水
3,保密
2,谷歌
2,芙蓉
2,征收标准
2,商已
3,行事
2,韩国国会
2,钻探
2,经纬
2,累累
2,留空
2,最高层
2,放话
3,工商局
2,高远
2,贺国强
2,综观
2,终身制
2,简政
2,深意
2,洪江市
2,沦落
2,求情
2,武汉市委
2,字典
2,大任
2,后置
2,十二月
2,先行者
2,何还
2,上海通用
3,书店
3,公路运输
3,泥土
3,失血
5,同胞
3,退还
2,诚信经营
2,王一鸣
3,预备
3,社会服务
3,何让
32,麦卡
32,弗蒂
3,四季
3,助手
3,中小学生
3,频发
3,尊严
3,完毕
4,卢森堡
3,彩票
2,驶向
2,进口国
2,曾将
2,成就感
2,年生产
2,就绪
2,小刚
2,家国
2,妻儿
2,基层党建
2,城乡差距
2,勤于
2,出招
2,余杭区
2,伯明翰
2,于自
2,主办国
4,机动
2,铺上
2,遂宁
2,苦衷
2,自卑
2,老师傅
2,红十字
2,清空
2,寄回
2,大田
2,刘林
2,凶险
2,住有
2,输入地
2,软件园
2,步道
3,使命感
3,一首
3,工作情况
3,烘干
3,废水
2,鼎盛
2,颜值
2,结交
2,波罗的海
2,有悖
2,德国联邦
2,大家族
2,坪乡
2,关联度
2,共话
2,安德鲁斯
3,不例外
2,统计师
2,电解
2,普降
3,视听
3,会议费
4,国防部
3,标记
3,行程
3,土地使用税
5,无效
3,车型
2,路要走
2,胆子
2,罗昌
2,缠身
2,穷苦
2,砥砺
2,牛仔裤
2,挣脱
2,工作规划
2,合同额
2,叫板
2,中科
2,不反弹
2,下村
2,三个字
2,万多件
3,群众性
3,女神
3,商业性
2,高且
2,风帆
2,量产
2,说穿
2,蒙古包
2,联点
2,相救
2,由小到大
2,段来
2,模具制造
2,李彪
2,本利
2,成云
2,当先
2,干果
2,尔吉
2,宏观管理
2,孙伟
2,外延型
2,卫生机构
2,利源
2,创业人
2,信义
2,余只
2,产业带
2,云天
3,微生物
3,曾任
4,推进会
3,男性
4,二手房
3,保有量
3,你好
3,投资银行
3,当作
3,建设工程
3,温室
4,饮食
2,停运
4,雨水
3,积分
3,团购
3,公认
2,集装箱码头
2,泥沼
2,待工
2,市场性
2,型材
2,入境旅游
2,法拉盛
2,李婷婷
2,搏斗
2,抢道
2,打火机
2,小本
2,小人
2,奇瑞
2,圈里
2,三进
2,一无
3,防御
3,担负
3,练习
3,片面
5,列车
3,附属
3,垂直
3,输入
2,郭勇
2,许杰
2,耗材
2,编撰
2,纠偏
2,新密市
2,故土
2,国家公务员
2,周旋
2,发福
2,发布厅
2,双轮
2,博大精深
2,初心
2,先贤
2,伤亡事故
4,别墅
3,周后
2,酒店管理
2,格来
2,地铁线
3,春秋
3,富强
3,各行各业
3,太湖
3,发作
3,刑事案件
2,胜算
2,统合
2,日达
3,南亚
3,嫌疑
2,张弛
2,协调局
3,振奋
4,运动员
2,进港
2,益智
2,次高
2,学童
2,塞尔维亚
2,侵扰
2,行期
2,地产业
3,小事
3,基金管理
3,剥夺
3,三条
2,高密度
2,配套性
2,郴州日报
2,遗漏
2,解脱
2,自由职业者
2,聚力
2,管理司
2,知青
2,深谙
2,气场
2,模糊不清
2,易事
2,战略决策
2,天真
2,天会
2,华电
2,优越性
5,文艺
3,人称
2,都行
2,逝去
2,老店
2,电瓶车
2,橡胶厂
2,柱子
2,杂草丛生
2,期望值
2,振作
2,戏码
2,外公
2,后腿
2,友邦
2,湖南省政府
2,拥有者
31,客站
2,扬名
3,爱国
2,金以及
2,都市网
2,远达
2,管怎样
2,电气设备
2,应收款
2,如市
2,四座
2,华创
2,入校
2,信息部
3,旅行社
3,外表
2,重地
2,请托人
2,经意
2,约束性
2,糊涂
2,石油集团
2,牵连
2,温饱
2,治税
2,正一
2,昭通市
2,廖少华
2,差错
2,宣传单
2,大中华区
2,同乡
2,减至
2,交通费
3,售后服务
2,隐现
2,洛克
2,林吉特
2,裂痕
2,波士顿
3,启用
4,婴儿
3,年代中期
3,同年
3,西欧
3,桌子
2,苗圃
2,福地
2,生物质能
2,朝圣者
2,客座
2,地道
2,变强
2,发祥地
2,历史风貌
2,华东师范大学
3,处级
2,重操
2,田汉
2,生息
2,波浪
2,求去
2,根艺
2,黄土
2,餐具
2,闯关
2,货物运输
2,触网
2,自新
2,稀奇
2,生生不息
2,现代人
2,特稿
2,沮丧
2,检视
2,桂阳
2,机构人员
2,实景
2,在线访谈
2,在业
2,制胜
2,今都
2,中肯
2,中式
3,家门
2,送餐
2,渔网
2,忙活
2,迟或早
2,进出境
2,新概念
2,悠悠
2,就是了
2,下机
3,轻型
3,主持人
3,授课
2,增值服务
3,李强
3,反响
3,小朋友
3,写出
2,未决
2,何时才
3,灾区
3,对内
2,驻足
2,针对性强
2,资本运营
2,考官
2,科技发展
2,火车头
2,总站
2,大权
2,士官
2,农民增收
2,交集
2,个位数
2,不起眼
3,高举
3,南宁
3,药水
3,监察局
2,长青
2,长新
2,观光农业
2,落袋
2,职业规划
2,管清友
2,碳纤维
2,投资司
2,成金
2,张晓军
2,岳麓
2,增到
2,咨询顾问
2,参合
2,压延
2,卡宴
2,入不敷出
2,保可
2,众生
2,于小微
2,声声
2,分析预测
3,提请
2,苦水
2,杰里米
2,朝天
2,最远
2,手部
2,成瘾
2,快餐
2,哺乳期
2,冷冻
2,交易大厅
2,存款准备金
3,空气
3,看见
2,来由
2,总纲
2,张欣
2,安全部队
2,多美
2,地基
2,内乱
2,充饥
3,开玩笑
4,无人机
2,跳板
2,联营
2,涉险
2,法律规范
2,根子
2,本职工作
2,新闻稿
2,打折扣
2,慌张
2,市场信息
2,史册
2,刘少奇
2,冰山一角
2,党的历史
2,信服
2,书记处
2,中曾
3,监狱
3,保有
3,猛烈
2,陶行知
2,晋水
2,十字架
2,依山
3,下班
3,规程
3,陆军
2,高后低
2,都大大
2,力道
2,出口商
2,主导产品
3,运力
2,及可
2,光鲜
3,交代
3,联邦德国
3,简易
3,中山
3,下图
3,下令
2,鸟巢
2,要紧
2,西来
2,自立
2,系统化
2,波折
2,有误
2,有增无减
2,掮客
2,所想
2,总督
2,外力
2,名言
2,南街
2,区块
2,分属
2,先锋队
2,从未有过
2,乐意
2,中国石化
3,白皮书
2,巨无霸
3,刑法
3,全国政协
2,车也
2,自掏腰包
2,半成品
2,余均
3,有效率
3,神奇
2,马里奥
2,闭口
2,远点
2,至高
2,猜猜
2,来比
2,時間
2,如水
2,天发
2,备注
2,图示
2,吴茜
2,叫法
2,修理工
2,长河
2,装机容量
2,苦于
2,美发
2,未定
2,强拉
2,参政
2,于更
3,聪明
3,邻居
3,害怕
2,让出
2,自责
2,泄密
2,掣肘
2,成本控制
2,大法
2,境遇
2,坦白
2,哥斯达黎加
2,发证
2,南美
2,候补委员
2,份子
2,返工
2,辅以
2,车或者
2,草签
2,生活空间
2,珠宝商
2,泰达
2,挣得
2,拘泥
2,成飞
2,回执
2,华鑫
2,关东
2,充电器
3,描绘
3,之风
2,始作俑者
3,工作者
3,信仰
3,市纪委
3,派驻
3,新闻网
2,议政
2,自在
2,立法法
2,王建
2,李稻葵
2,总编辑
2,守土
2,大办
2,四字
2,企业服务
2,中央委员
2,一己
2,瑞雪
2,抢劫案
2,房屋出租
2,广州地区
2,大坝
2,匆忙
2,刘某称
2,产妇
2,为难
3,芯片
3,议论
3,科学技术
3,常驻
3,固体
3,不当
3,经受
2,烈军属
2,泛珠
2,哈德
3,步行
3,报废
3,成大
2,运到
2,调查局
2,良方
2,百强
2,民主管理
2,有度
2,方为
2,往日
2,交通建设
2,万元至
2,一包
3,来信
2,超大型
2,瑞特
2,杀戮
2,拟出
2,开高
2,尘土
2,北非
2,了断
3,羊城晚报
3,开车
2,绕开
2,曾两次
2,奢望
2,前路
3,感动
3,忙碌
3,购置
2,邀约
2,老农
2,拜托
2,大中华
2,包内
2,血脉
2,省心
2,王素毅
2,漂浮
2,水落石出
2,有钱人
2,开路
2,大马
2,优势互补
2,任由
2,举报信
2,金城
2,蓄积
2,荣幸
2,现值
2,最高价
2,数控
2,底牌
2,工资卡
2,头绪
2,大点
2,大小事
2,大和
2,办公会
2,以民
2,五轮
2,中心网站
3,山地
3,中东地区
3,账号
2,房地产商
2,年历
2,茶艺
2,美梦
2,史迹
3,凝聚力
3,眼睛
3,竞选
3,重庆市
3,下一代
2,文汇报
2,金桥
2,财务部
2,我行我素
2,建业
2,年长
2,亚裔
2,逃走
2,新思维
2,惊吓
2,心生
2,卢某
2,协和
2,几内亚
3,驻华
3,迄今为止
3,递交
3,不幸
2,至大
2,耗能
2,汽车配件
2,标准时
2,我猜
2,成衣
2,总商会
2,加工制造
2,全票
2,安邦
2,厄运
2,回款
3,商业保险
2,石油业
2,巴布
2,小农
2,团结报
2,简报
2,班次
2,有法可依
2,征兵工作
2,张家界市
2,小视
2,大幕
2,全城
2,倒下
2,会同县
2,任上
3,讲究
3,来得
3,抗击
2,平复
2,已获得
3,带队
3,使用者
2,查询服务
2,巴彦
2,夭折
2,劳动人事
2,何利
5,和平
3,榜样
2,市网
2,蒙受
2,卸任
2,内部控制
2,供气
2,会展中心
2,之意
2,雁塔
2,车程
2,腾挪
2,父女
2,无照
2,大房子
2,伯父
2,临江
3,奥运
2,重开
2,迷惑
2,身受
2,矿物
2,有点儿
2,卷烟
3,开罗
2,轰鸣
2,费尔南德斯
3,整顿
3,写作
3,为人民服务
2,鉴别
2,自然村
2,排挤
2,心思
2,出口产品
2,再见
2,修订稿
2,信息库
2,中电
2,功利主义
2,井冈山
3,财物
3,毗邻
3,传奇
3,日程
2,育有
2,炎炎夏日
2,村落
2,停水
2,休养
2,顺畅
2,部长会议
2,行政复议
2,苛刻
2,肃清
2,烧烤
2,有失
2,执法监督
2,千家
2,假释
2,亲吻
2,中村
2,遥望
2,王小兰
2,月坛
3,婚姻
2,绝症
2,病痛
2,新说
2,打回
2,山坡
2,对白
2,宝鸡市
2,坐牢
2,前文
2,佛法
3,套取
3,官司
2,金也
2,聚拢
2,耀眼
2,社保费
2,满头大汗
2,利弊
2,公众服务
2,先手
2,企业招聘
2,从征
2,中国财政部
3,走路
2,补缺
2,脉络
2,窘境
2,朴素
2,摊位
2,排行
2,大客户
2,分给
2,保法
3,上进
2,候用
3,税负
2,楼栋
2,包装袋
3,礼物
3,抗日
3,卢布
3,帐户
2,斗志
2,成倍
3,养成
2,讲明
3,公证
3,作案
2,高增
2,输出国
2,贸易部
2,经济部
2,明朗化
2,印尼盾
2,化纤
2,出口型
2,产业经济
2,结尾
2,取暖
2,割喉
2,训练班
2,老红军
2,气度
2,对联
3,公车
3,责任制
4,检察
3,灵魂
3,作法
2,随意性
2,满天飞
2,戴着
2,延伸至
2,干群
2,工作部门
2,周到
2,冷淡
2,航站楼
2,摆摊
2,误用
3,户型
2,陈思
2,金还
2,通则
2,要价
2,融资服务
2,脚跟
2,拷问
2,应更
2,应仅
2,地方税务局
2,代工厂
2,人才服务
2,上海证券交易所
4,中国共产党
3,打电话
3,外国人
3,核武器
3,前方
2,八通
2,胡同
2,第一版
2,无知
2,广电总局
2,婚前
2,听听
2,价格比
2,矿藏
2,旱涝
2,安得
2,堤岸
2,变废为宝
2,亿只
2,虚弱
2,特色旅游
2,政要
2,待命
2,动态化
2,地产市场
2,惩罚性
2,乡愁
2,大降
3,恶意
2,遵从
2,超大
2,行政职能
2,星星
2,底数
2,外衣
2,需求方
3,含义
3,碰撞
2,王进
2,路网
2,联通
2,粗略
2,正职
2,散步
2,打牌
2,察觉
2,中国网
2,除法
2,补涨
2,获赠
2,级差
2,督导组
2,猛涨
2,求生
2,明来
2,敞亮
2,定制化
2,因特
2,十一年
2,助推器
2,分段
2,中流砥柱
2,警棍
2,藏毒
2,政府领导
3,中俄
2,假装
2,雇人
2,舍不得
2,志愿填报
2,女郎
2,人名
3,过电
3,粉丝
2,德国人
2,当家
2,张鹏
2,回想起
2,紧箍咒
2,植被
2,标志性
2,有目共睹
2,官僚
3,老化
2,丁丁
2,费特
2,有教师
2,强市
2,隔断
2,疏于
2,奋战
2,大业
2,万头
3,轻轨
2,食品工业
2,象征性
2,衰退期
2,范式
2,正像
2,早先
2,无利可图
2,技术指导
2,国际清算银行
2,同发
2,举例来说
2,房内
2,高精尖
2,社会保险法
2,砖厂
2,沪港
2,新社
2,度日
2,工商注册
2,山东省政府
2,太仓
2,地租
2,嗅觉
2,吴斌
2,制片厂
2,信息流
2,低分
2,万到
2,妨害
3,缺席
2,拆迁户
2,轮值
2,繁忙
2,有损
2,数名
2,倾向性
2,不值
2,群英
2,玉田
2,旅游开发
2,余张
2,盒饭
2,时滞
2,土石方
2,台安
2,以铁路
2,双拥工作
2,绝杀
2,松鼠
2,支路
3,合作项目
2,遣送
2,解冻
2,相隔
2,卡尔
28,立派
2,看得见
2,并列
2,发行费
2,内核
3,职权
2,闻讯
2,常理
2,上楼
2,高到
2,驳斥
2,陈柏槐
2,问答
2,管理工具
2,种类繁多
2,相得益彰
2,王鹏
2,漫灌
2,最高峰
2,常低
2,安全第一
2,包干
2,保定市
2,紧跟
2,洼地
2,来得及
2,小轿车
2,安抚
2,公开信
2,让给
2,沙龙
2,亲朋好友
2,迪拜
2,太少
2,别了
2,侨务
2,未遂
2,店老板
2,字幕
3,绘画
2,雄风
2,实收
2,金融保险
2,趋好
2,经济分析
2,技术市场
2,合营
2,先富
2,所有者
2,先进典型
2,举起
3,伤者
2,研读
2,画卷
2,浙江省委
2,民生服务
2,普惠制
2,无水
2,按理说
2,招致
2,把脉
2,恳请
2,差旅费
2,婚庆
2,同花
2,卡内
2,保税
2,举步维艰
3,情节
2,毒枭
4,爆炸
2,张林
2,派员
2,前移
2,面世
2,赢取
2,牲畜
2,家小
2,国际政治
2,周前
3,新京报
3,应邀
3,正视
3,平常
2,听见
2,原形
2,浇灌
2,拚搏
2,发光
2,楼道
2,不在乎
3,想起
3,小伙伴
5,比赛
4,环境污染
2,永州
2,民和
2,手下
2,飙涨
2,行政区
2,纤维
2,清泉
2,淘金
2,易使
2,才培养
2,守望相助
2,孤寡老人
2,嘱托
2,参与度
2,借道
2,他因
2,香槟
2,空难
2,开国
3,干警
4,受损
2,黄国
2,酷似
2,胜利者
2,石刻
2,盛装
2,天下人
2,银行家
2,露面
2,洪水
3,代码
2,数据恢复
2,单机
3,头部
3,交警
2,总工程师
2,堡垒
2,高冷
2,穿梭
2,狂欢
2,牵手
2,投资量
2,小贩
2,夹杂
3,病人
2,负效应
2,电信业
2,替代性
2,大批量
2,国家税务局
2,商业周刊
2,项下
2,质询
2,统和
2,管理费用
2,玄机
2,点菜
2,无公害
2,太极
2,园区建设
2,余户
2,驾到
2,猥琐
2,林火
2,标价
3,折磨
2,柯林斯
2,前时
2,松懈
4,电梯
2,古迹
2,以西
2,政府管理
2,交税
2,要因
2,销路
2,编入
2,破旧
2,用活
2,深山
2,拉动力
2,归宿
2,夏令营
2,多者
2,赶上
2,政府机关
3,试行
3,短信
2,获救
2,美味
2,改写
2,何通过
2,莫属
2,述职
2,早年
3,姑娘
3,万科
2,趣事
2,诙谐
2,绝境
2,笔墨
2,深部
2,山里
2,山海
2,展区
3,海峡两岸
2,蓝田县
2,校车
2,高中教育
2,集散地
2,统考
2,程中
2,汉中市
2,半殖民地
2,公寓式
2,香港人
2,镇里
2,编者
2,生产销售
2,炮灰
2,洗手间
2,智能终端
2,损益
2,找上门
2,开明
2,平均数
2,冷漠
2,内销
3,哲学
2,闹剧
2,点亮
2,网络经济
2,统计年鉴
2,皮鞋
2,牛津大学
2,执政者
2,制成品
2,企业化
2,请看
2,应用开发
2,襄阳
3,老年人
2,门禁
3,战斗机
2,生时
2,国籍
2,主办权
3,废弃
3,压迫
2,跳高
2,夹击
2,国家足球队
2,劲敌
2,投资品
2,你我
2,河流
2,政委
2,宠物
2,逆向
2,连平
2,计提
2,结汇
2,漠视
2,异动
2,实情
2,外溢
2,外交学院
2,倪发科
3,教育局
2,付费
2,贩毒
2,胁迫
2,民族自治
2,楼梯
2,检举
2,日刊
2,了事
3,村镇
2,民族政策
2,哥伦比亚
2,亲王
2,谋利
2,人民调解
2,窗帘
2,呼救
3,报刊
2,违纪案
2,解雇
2,置评
2,水电站
2,弥合
2,工程机械
2,安阳
2,含糊
2,公共政策
2,充足率
2,代言
2,主心骨
2,牵扯
3,吃惊
2,鞋帽
2,银根
2,金鑫
2,紫光阁
2,国能
2,四月份
2,保养
2,而动
2,盘踞
2,江门市
3,男生
2,心田
2,商品经济
2,传播者
3,地球
2,规范性文件
2,检验检疫
2,国家体育总局
3,之地
2,字母
2,职称评定
2,物理系
2,混沌
2,星海
2,志向
2,颇丰
2,重庆商报
2,省下
2,激荡
2,树苗
2,庆幸
2,向善
2,发行人
2,双峰县
2,便利性
2,之和
2,黑白
2,示威者
2,民居
2,新州
2,标语
2,恐吓
2,帽子
2,卖方
3,配备
3,共和国
2,终审
2,民主监督
2,房屋租赁
2,地下室
2,唤醒
2,例外
2,不折不扣
2,回声
2,苗头性
2,回扣
2,危害性
2,行进
2,缴交
2,结构合理
2,立法权
2,电费
2,环环相扣
2,市场部
2,仅需
2,上班族
2,锋利
2,超宽
2,波斯湾
2,技术先进
2,帖子
2,光下
2,难堪
2,生产型
2,林肯
2,服装业
2,劳力
2,于两个
2,记分
2,终点
2,牧场
2,灾民
2,共处
2,部党组
2,残酷
2,部手机
2,讲师
2,汉阳
2,服务标准
2,扭亏为盈
2,市面
2,存贷
2,海外版
2,阐发
3,授予
2,室主
2,多样性
2,周永康
2,党外人士
2,三湘
3,国际形势
2,交界
2,爆冷
2,德国队
3,奉献
2,美食
2,土地使用权
2,商务区
2,结点
3,南部
3,录音
2,胖子
2,熟知
2,溯源
2,水系
2,于个人
2,下海
2,强军
2,聘任制
2,研究课题
2,教育科
2,扩招
2,充份
2,保鲜
2,上海交通大学
2,餐桌
3,越南
2,有爱
2,忠于
2,笼统
2,多维
3,手术
2,解说
2,约翰
3,思想政治
2,级地震
2,此刻
2,强加
2,车载
2,账面
2,环保法
2,王华
2,狭小
2,港交所
2,张江
2,应通过
2,宣传科
2,公益组织
2,朝中社
2,新居
2,监察部
2,初稿
2,贸易摩擦
2,草坪
2,详尽
2,港湾
2,寄托
2,和黄
2,中市
2,不竭
3,精神文明
3,流行
2,通病
2,软件公司
2,腾出
2,大水
2,华丽
2,加法
2,划出
2,供货
2,人眼
2,运输量
2,列队
2,体表
3,心灵
2,杨宇军
26,红柱
2,海绵
2,情侣
2,经济管理
2,北京分行
2,马特
2,进发
2,窠臼
2,宝石
3,爱情
2,就职
2,赔钱
2,资产负债率
2,装配
2,游戏规则
2,惊叹
2,年资
2,充值
2,保底
2,齐备
2,研究型
2,招生办
2,报效
3,参数
2,按钮
2,公章
3,白宫
2,同性
2,共同社
2,偶然
2,陈琳
2,节节
2,年两会
2,大棚
2,印象深刻
2,产品线
3,失效
3,画面
2,背面
2,对垒
2,田地
2,多彩
2,十强
2,统治者
2,大庆油田
2,何呢
2,小店
2,公有
3,荣获
2,顶峰
2,零散
2,视点
2,窟窿
2,有病
2,有志
2,料到
2,外延
2,围墙
2,自述
2,类信息
2,退货
2,郴州
2,法学院
2,手表
2,谈不上
2,师资队伍
2,天朝
2,大队长
2,南沙区
2,档案查询
2,再生
2,铸就
2,感性
2,应用性
2,中高级
2,一贯制
2,一技
2,疏忽
2,麦当劳
2,非正式
2,轻重
2,资本运作
2,误读
2,新老
2,得当
2,宏大
2,单笔
2,到小
2,飞行器
2,波音公司
2,次长
2,机能
2,高台
2,集镇
2,自曝
2,常设
2,四十多
2,五十年代
2,高手
4,抵达
3,肢体
2,罔顾
2,耕种
2,经济观察
2,生产厂家
2,拆分
2,团委
2,公路建设
2,林场
3,解体
2,参选人
2,半夜
2,审验
2,造纸
2,殃及
2,升级换代
2,企业兼并
2,跨度
2,肇事者
2,技术标准
2,堪比
2,可采
2,发展报告
2,先例
2,低等
2,东城区
2,小腹
2,酿酒
2,起自
2,毛皮
2,太子河
2,安监
2,城市环境
3,丈夫
2,提供者
3,虚假
2,乔石
2,明晚
2,西海岸
2,治学
2,就范
2,四化
2,入托
4,售价
2,龙凤
2,外貌
2,出彩
2,票面
2,照常
2,服务区
2,无忧
2,新局
2,归属感
2,图纸
2,嘉兴
2,前端
2,何才能
2,串联
2,统战部
3,装置
3,萌
3,职务犯罪
2,防城港
2,省有
2,师范
2,分配制度
2,净额
2,人脉
2,折旧
2,总产量
2,人工智能
2,正中
2,制作方法
3,气体
2,财经网
2,高中生
2,踏实
2,获准
2,致贫
2,甄别
2,政策面
2,持有人
2,归来
2,工作流程
2,审计局
2,交通局
2,东山
3,塑料
2,摩托车
2,自然风光
2,悠闲
2,娴熟
2,从军
2,全国人民代表大会
2,绿树
2,新知
2,心智
2,下课
2,三等
3,艾滋病
2,费等
2,获赔
2,移动通信
2,福利彩票
2,爆发式
2,湛江市
2,涨停板
2,有余
2,持卡人
2,分步
2,京市
2,中关
2,一金
2,进化
2,管工
2,信贷资金
2,说说
2,自省
2,咖啡馆
2,共谋
2,入账
3,浦东
2,拦网
2,强攻
2,灾情
2,饭桌
2,区域环境
3,犯罪嫌疑人
2,脑子
2,熟练
2,湘潭市
2,浦发银行
2,扎堆
2,常州市
2,外省
2,受不了
2,以理
2,奢侈
2,行家
2,精彩纷呈
2,旧址
2,分说
2,断定
2,误判
3,商人
2,西站
2,装卸
2,专列
2,鄂尔多斯
2,灭火器
2,年秋
2,代际
2,人事部
2,大兴
2,进京
2,误区
2,深层
2,毛利率
2,折射
2,建筑工程
2,年满
2,好日子
3,当事人
2,上访
2,落伍
2,核计划
2,成一种
2,高调
3,江泽民
2,小屋
2,专营
2,家电行业
2,高下
2,展厅
2,唱片
2,句号
2,健在
2,于自身
2,称作
2,现将
2,开放式
2,工友
2,国别
2,俗称
2,企业债
2,亦庄
2,婆婆
3,作家
2,警民
2,砍伤
2,场馆
2,平行
2,实验班
2,助学金
2,驱车
2,轻工
2,科学性
2,杀人案
2,接待费
2,分清
2,兼容性
2,外墙
2,铁人
2,放飞
2,提案
2,身在
2,衡阳
2,工作队
2,娄底市
2,听众
2,匿名
2,中金
2,中度
2,修身
2,投资性
2,技术转让
2,试试
2,翻开
2,沧桑
2,得意
2,广告宣传
2,实力雄厚
2,天将
2,大观
2,全国总工会
2,预报
2,重现
2,能手
2,社会救助
2,所知
2,好比
2,内蒙
2,倍增
2,重力
2,管理规定
2,经济所
2,石油价格
2,供认不讳
2,暗访
2,黄华
2,单靠
2,兴致
2,共进
2,世代
2,行道
3,多国
2,依法行政
2,获益
2,胜诉
2,围捕
2,内政
2,辽阔
2,盛况
2,热播
2,历史悠久
2,聊天
2,成因
2,领跑
2,行政区域
2,能干
2,可知
2,铁人三项
2,噪音
2,筛查
2,生还
2,求救
2,李伟
2,扬言
2,建筑施工
2,医保卡
2,争当
2,不在少数
2,立意
2,痼疾
2,树人
2,学校建设
2,交通便利
3,容忍
3,党章
2,枪支
2,小范
2,燕窝
2,驻村
2,车队
2,精华
2,截留
2,家居
2,之首
2,中国证监会
2,绽放
2,外地人
2,发展史
2,万只
2,风清
2,问世
2,金华
2,比年
2,探究
2,划拨
3,游泳
3,演习
2,联社
2,北海
2,疙瘩
2,法制观念
2,无限制
2,胸怀
2,示范点
2,过时
2,二十多
2,一门
2,柏油路
3,支持者
2,急用
2,冷汗
2,矿工
2,医疗费
2,出逃
24,环亚
2,领头
2,预想
2,美国众议院
3,展览
2,帐篷
2,村委
2,互为
2,中暑
2,严正
2,丰满
2,舞台剧
2,前程
2,切忌
2,主讲
2,狩猎
2,说到底
2,设区
2,突围
2,生物技术
3,置于
2,地区性
2,往返
2,建设单位
2,展为
2,劣势
2,刑警
2,内设
2,一刀切
2,赶赴
2,遗忘
2,苗族
2,王永
2,激化
2,届满
2,意料之中
2,新安
2,高高
2,选拔赛
2,退场
2,等同
2,戏剧性
2,山庄
2,五十多
2,无误
2,笼子
2,革命家
2,融洽
2,现场会
2,液晶
2,教育家
2,学时
2,人际关系
2,管理系
2,道出
2,绿色通道
2,正向
2,微笑
2,全家
2,全网
2,返程
2,水陆
2,工程量
2,自驾
2,汇集
2,居留
2,中层
3,邻国
2,富豪
2,百日
2,临时工
2,严控
2,变量
3,难民
2,家禽
2,售后
2,空话
2,有道
2,拼命
2,延缓
2,可导
2,庄村
2,中国农业银行
2,一身
2,带回
2,飞过
2,舰只
2,向海
2,起底
2,回首
2,先河
2,肚子
2,影院
2,具名
2,从政
2,鸿沟
2,能动
2,管理人才
2,南粤
2,劳作
2,余项
2,预告
2,行走
2,柜台
2,总资产
2,瀑布
2,服务社会
2,倾倒
2,行路
2,槟榔
2,参与竞争
2,带头人
2,尚无
2,字样
2,中医药
2,高一
2,逐级
2,赔付
2,回访
2,党总支
2,坡度
2,发展计划
2,日第
2,师大
2,六十年代
3,健美
2,相距
2,土坯房
2,美好生活
2,同月
2,例证
2,国际机场
2,五国
2,鸡蛋
2,痛点
2,出境游
3,作品
2,扩充
2,打赢
2,在后
2,团组
2,司法解释
2,写下
2,延误
2,卷入
2,全都
2,外因
2,出境旅游
2,末梢
2,子弟
2,基本权利
2,兴衰
2,中小学校
2,比对
2,净资产
2,薄膜
2,宛如
2,过重
2,法制日报
2,一刻
2,环线
2,沥青
2,收发
2,党务
2,侧重
2,住所
2,亿利
2,庆祝活动
2,民办教育
2,失学
2,全国妇联
2,知情权
2,无缝
2,数目
2,推开
2,密度
2,房东
2,钱款
2,水区
2,公共场所
2,全能
3,妻子
2,宣言
2,曾于
2,女婿
2,党性
2,选取
2,越权
2,海淀区
2,华南
2,公益事业
2,熏陶
2,永安
2,校外
2,大自然
2,勉励
2,分层
2,中创
2,无心
2,钻石
2,重构
2,至上
2,租住
2,知晓
2,大巴
2,上车
2,人口政策
2,镇长
2,赞扬
2,优点
2,讨厌
2,濒临
2,时髦
2,时代精神
2,下设
2,降级
2,角落
2,蒸发
2,电池
2,开户
2,吐
2,鼻血
2,效果显著
2,常备
2,食宿
2,远景
2,浮躁
2,汇编
2,蚂蚁
2,惠普
2,被占
2,现正
2,平洋
2,防护
2,组成人员
2,法律咨询
2,中标
2,拜访
2,国立
2,结清
2,非理性
2,近海
2,感悟
2,情结
2,心理健康
2,山下
2,激光
2,损伤
2,新书
2,图案
2,团团
2,暴露出
2,大厂
2,亲友
2,东莞市
2,围攻
2,钱财
2,要说
2,观察家
2,平地
2,林木
2,陕北
2,自强
2,称呼
2,本性
2,无声
2,大连市
2,风险评估
2,商城
2,应发
2,社长
2,有房
2,匈牙利
2,劝阻
2,出自
2,沐浴
2,深深
2,地市
2,高要
2,首页
2,钻研
2,药材
2,相悖
2,师德
2,克林顿
2,诗人
2,本溪市
3,花园
2,高龄
2,覆盖面
2,税款
2,中药
2,大西洋
2,职员
2,罗伯特
2,平等互利
2,陈列
2,民俗
2,旅游区
2,商洛
2,创优
3,图书
2,悲哀
2,开水
2,切实可行
2,会员单位
2,美中
2,地税
2,重要进展
2,悬殊
2,下工
2,置身
2,春季
2,认清
3,性能
2,风云
2,难忘
2,翅膀
2,献身
2,普通话
2,视频监控
2,浓度
2,启示
2,为名
2,参赛选手
2,拉长
2,典范
2,配制
2,油脂
2,大动脉
2,四十年
2,警情
2,致力
2,清华
2,双手
2,养老院
2,样式
2,资本金
2,有责
2,新生代
2,外面
2,产品质量
2,环球时报
2,投资合作
2,患有
2,毛病
2,往事
2,支队长
3,中央军委
2,跨界
2,揭秘
2,使用权
2,跃居
2,苦恼
2,困在
2,交流会
2,厉害
2,公信力
2,中英
2,马丁
2,已知
2,外形
2,之用
2,交通部
2,一卡通
2,存货
2,风雨
2,跨入
2,足球队
2,胜任
2,诱人
2,申奥
2,品位
2,口味
2,北京地区
2,吉林市
2,石家庄
2,特约
2,青浦
2,附加费
2,东站
2,麻木
2,综合征
2,市卫生局
2,迎战
2,重在
2,辣椒
2,辨别
2,绘制
2,现身
22,营销员
22,短空
22,盛宝
22,化隆
2,冰雪
2,公公
2,云集
2,环渤海
2,调查研究
2,评论员
2,经纪
2,立项
2,华润
2,一头
2,第十届
2,文献
2,技艺
2,合作方
2,抚养
2,风景区
2,日记
2,效仿
2,报告会
2,纪检组
2,说起
2,个数
2,等车
2,杀害
2,背包
2,建军
2,上司
2,矫正
2,登上
2,高考成绩
2,新篇章
2,学校教育
2,中途
2,气象
2,秘书
2,外事
2,国王
2,一家人
2,行贿
2,奇怪
2,付款
2,诞辰
2,炸药
2,巨资
2,计生委
2,上前
2,考入
2,有特色
2,帮教
2,中年
2,新鲜
2,生态化
2,刘先生
2,中报
3,食物
2,深情
2,事例
2,资料图片
2,睡觉
2,蒸馏
2,沉着
2,出门
2,写入
2,运价
2,汉字
2,接班人
2,复旦大学
2,惨烈
2,不喜欢
2,百名
2,界限
2,爆料
2,出入境
2,精确
2,查验
2,时评
2,护照
2,借款人
2,近郊
2,雪
2,被盗
2,深入到
2,功课
2,个体户
3,商谈
2,注销
2,党纪
2,组装
2,跑路
2,当成
2,大街
2,选出
2,放贷
2,生理
2,接纳
2,午餐
2,身旁
2,良药
2,刺激性
2,大气
2,评委
2,设法
2,元旦
2,腿部
2,规章制度
2,存储
2,鲜有
2,西区
2,方位
2,搭载
2,精湛
2,灌输
2,工作面
2,无关
2,惠州
2,维也纳
2,复活
2,场次
4,哈萨克斯坦
3,纪检监察
2,普通高中
2,开阔
2,党政领导
2,集中式
2,进站
2,吐鲁番
2,挥出
2,战果
2,冻结
2,民政
2,身心
2,老婆
2,答复
2,国库
2,中队
2,童年
2,全国优秀
2,北京人民大会堂
2,科长
2,废气
2,城市交通
2,冒出
2,多发
2,专家学者
2,本色
2,卢比
2,领导者
2,故居
2,犯罪分子
2,出席会议
2,廊坊
2,庄园
2,求学
2,珠海
2,中国社科院
21,精炼油
21,增辉
21,储也
2,新娘
2,性工作
2,变形
2,工人阶级
2,崇尚
2,治病
2,芬兰
2,根据地
2,拥抱
2,迁徙
2,光纤
3,问候
2,队长
2,足球
2,旅行
2,班主任
2,爱护
2,深切
2,机关干部
2,师资
2,赞赏
2,盟国
2,总公司
2,区长
2,风能
2,伤及
2,步骤
2,放任
2,震动
2,代表大会
2,特大
2,户籍制度
2,中包
2,好吃
2,经典
2,主人
3,武器
2,建设厅
2,送给
2,残忍
2,吃上
2,颗粒
2,建一
2,各种各样
2,礼品
2,诊断
2,剧院
2,防水
2,传感器
2,秘密
2,贩卖
2,顶风
2,聚会
2,热闹
2,新闻出版
3,联合国
2,负有
2,本案
2,采纳
2,中华文化
2,收货
2,四成
2,经济合作
2,我要
2,半径
2,室外
2,西城
2,在心
2,优美
2,动漫
2,大象
2,有希
2,本想
2,老公
2,筹备
2,并同
2,远大
2,市中心
2,柬埔寨
2,物业管理
2,服役
2,下水
2,遗憾
2,受贿罪
2,备用
2,精美
2,北路
2,第三届
2,公务用车
2,沿岸
2,包围
2,陆路
2,街区
2,皇帝
2,勤奋
2,之行
3,反腐败
2,逃逸
2,传染
2,严惩
2,可怜
2,神庙
2,博士后
2,全员
2,用法
2,谋取
2,语文
2,本该
2,呼唤
2,高清
2,之声
2,惩治腐败
2,美英
2,红军
2,激战
2,雅安
2,环绕
2,星期二
2,宽容
2,应用程序
2,首付款
2,发送
2,余万元
2,大牌
2,吉隆坡
2,桂林
2,广播电视
2,分校
2,伤亡
2,京华时报
20,阮光锋
20,杨龙金
2,警戒
2,勾结
3,作战
2,身穿
2,支招
2,换乘
2,征地
2,宾馆
2,关照
2,屠杀
2,子弹
2,印度洋
2,小儿
2,手臂
2,隐瞒
2,华为
2,太原
2,乒乓球
2,持证
2,燃烧
2,产物
2,情人
2,内蒙古自治区
2,测评
2,返还
2,掌声
2,泊位
2,坐落
2,案发
2,领导层
2,敬业
2,年成
2,乡镇企业
2,过量
2,破损
2,人用
2,墙壁
2,三方
2,近代
2,面包车
2,自身建设
2,天河
2,宁波
2,征信
2,三代
2,潮湿
2,驻军
2,组织部
2,画报
2,多平方米
2,特区
3,选手
2,搜寻
2,称号
2,村委会
2,衰
2,里程碑
2,神话
2,骄傲
2,大声
2,名誉
2,充当
2,书籍
2,初具规模
2,安静
2,开心
2,驻守
2,京东
2,堪称
2,免职
2,揭开
2,易于
2,文化交流
2,受害者
2,爱好
2,福建省
2,有心
2,平日
2,夺取
2,名人
19,冯志
2,女生
2,娃娃
2,死因
2,教育部门
2,航天
2,黄河
2,煤气
2,并用
2,出租屋
2,喜爱
2,食堂
2,有无
3,对抗
2,练兵
2,新政府
2,光盘
2,医学院
2,法宝
2,号称
2,珍贵
2,圣人
2,肿瘤
2,头痛
2,干净
2,互信
2,医科大学
2,东欧
2,战役
2,可将
2,保健品
2,秉持
2,王子
2,表情
2,获胜
2,喀什
2,应以
2,严防
2,浪漫
2,交通管理
2,师生
2,高峰期
2,窒息
2,欧亚
2,舰队
2,人格
2,淫秽
2,作风建设
2,制品
2,地铁站
2,男孩
2,王林
2,全长
2,班子
18,曾祥来
18,收口
18,三轮车主
2,少女
2,流亡
2,姿势
2,申诉
2,卫生局
2,国际关系
2,死角
2,宣判
2,大爷
2,坍塌
3,创作
2,分局
2,美容
2,击败
2,赠送
2,订购
2,著作
2,言行
2,命令
2,严打
2,积水
2,失误
2,车祸
2,行车
2,印花税
2,诈骗
2,内向
2,色情
2,美术
2,世界反法西斯战争
2,损坏
2,新生儿
2,民事
2,教材
2,浏览
2,开学
2,修养
2,出版社
2,病毒
17,泛欧
17,徐工
17,张津镭
17,养民
17,五亚市
2,穆斯林
2,起诉
2,吻合
2,战术
2,电台
2,元首
2,党风廉政
2,演练
2,开庭
2,过期
2,通车
2,货车
2,离婚
2,赶来
2,旅馆
2,姐姐
2,少年
2,出血
2,谴责
2,晚会
2,艺术家
2,航行
16,金蟾
16,郎君
16,步上
16,冯乃林
16,余村
2,博物馆
2,可疑
2,张高丽
2,楼盘
2,规矩
2,照明
2,澳门
2,白酒
2,检察院
2,房源
2,道歉
2,缅甸
2,防卫
15,静候
15,逆风
15,简评
15,引线
15,姜超
15,卡兰
15,中间派
2,金牌
2,廉政
2,带走
2,伊斯兰
2,祝愿
14,钱途
14,唐振
2,廉政建设
2,联运
2,伊拉克
2,查明
13,陇南
13,振幅
13,市况
13,协鑫
13,冶炼厂
13,东北人
13,万才能
2,信件
2,领土
2,期满
2,自杀
12,高胜
12,马友仁
12,饲草料
12,金于
12,萧梓菁
12,聚酯
12,纽约商品交易所
12,曹妃甸
12,按金
12,回软
12,台股
2,好友
11,高岭
11,臆测
11,管凌子
11,秦皇岛港
11,炼油厂
11,曾莫哲
11,新消息
11,尼特
11,小茹
11,富特
11,四亚市
11,丰业
10,高沽低
10,金帅银
10,角旗
10,英银
10,知客
10,盘升
10,杨天奎
10,有机肥
10,景观带
10,捏合
10,市场经济体
10,何影
10,于前值
10,中山站
9,马俊
9,铝锭
9,轮作
9,育种
9,短多
9,源信息
9,污染型
9,外汇行情
9,国家电力公司
9,农业资源
9,储以及
9,三开
8,齐增
8,非农产业
8,陈瀚谦
8,迈尔斯
8,聚酯切片
8,碗面
8,石鑫伟
8,皮衣
8,留坝县
8,湘泉
8,欧方
8,概率分析
8,曾令
8,星语
8,易拓
8,抛空
8,市場
8,崇本
8,宋密
8,大鲵
8,周图
8,吉安市
8,及陆
8,华誉
8,华三
8,办班
8,保靖
8,伦镍
8,京唐港
7,齐翔
7,高龄化
7,馏分油
7,长陵
7,银价也
7,美业
7,终裁
7,现券
7,潘文
7,法巴
7,汪力成
7,梁保华
7,根大
7,柴俊理
7,期货价
7,明晟
7,救济金
7,怀疑论者
7,就业局
7,封土
7,天期
7,四通
7,商静待
7,压盘
7,化隆县
7,劲升
7,储曾
7,伦比
7,于筑底
7,三角区
7,万人至
7,万人及前值
6,黄璟浩
6,高毒
6,高开后
6,马骏
6,青海人
6,险阻
6,陆昊
6,阳烛
6,银加
6,银做单
6,金业
6,邹泓逸
6,过份
6,赵振龙
6,赫图阿拉
6,赞成票
6,贝洛特
6,谭千林
6,讯号
6,装配工
6,蔡志洲
6,蓄能
6,莱维
6,节水灌溉
6,艾拓思
6,能测
6,罗勇
6,纽约证交所
6,精炼厂
6,空或追
6,示范街
6,示范场
6,监测点
6,甘世振
6,牛角
6,焦钢
6,热点追踪
6,江恩
6,柳英
6,李木庵
6,最新报价
6,拥护者
6,拉基
6,扎朵镇
6,成分股
6,息率
6,张钦
6,应亚珍
6,年票
6,布罗德
6,市场观察
6,小时工
6,天图
6,培林
6,国中国
6,唐陵
6,取暖油
6,参考资料
6,参差
6,厦门海关
6,卡特彼勒
6,制种
6,制作工
6,利息率
6,出脱
6,凤金
6,农家肥
6,关锡祥
6,储另一
6,债利
6,俄克拉何马州
6,主食
6,临城
6,上海期货交易所
6,三带
6,万人或
5,鲍威
5,面带微笑
5,金评
5,金率较
5,金冲
5,金一刁
5,通经
5,退步
5,赵健
5,英行
5,肯定性
5,股分
5,管理业
5,章俊
5,空单也
5,着重点
5,相去
5,瑞信
5,班特
5,特朗普
5,游学
5,江时学
5,期市
5,时英
5,日股
5,新闻台
5,散货
5,抛盘
5,承印
5,扼守
5,得率
5,得标
5,张莹称
5,张智奎
5,平运
5,工矿区
5,屏息
5,尔日
5,小升
5,实学
5,孙永刚
