677,恐怖
1229,社会
827,犯罪
609,治安
525,反恐
779,安全
1147,工作
769,组织
800,信息
542,司法
321,偷渡
793,加强
612,网络
500,公安
609,案件
654,群众
405,新疆
817,建设
365,袭击
555,机关
452,打击
305,土耳其
983,中国
603,人员
710,国家
344,暴力
416,警方
431,违法
328,分子
429,互联网
301,宗教
542,推进
403,行动
360,执法
485,开展
663,发展
317,举报
206,恐怖主义
183,警务
319,检察
442,制度
385,人民
638,问题
301,法治
339,维护
373,重点
364,机制
368,坚持
312,体系
331,完善
326,法律
197,国家安全
148,圣战
198,平安
380,要求
193,极端
352,落实
147,动漫
170,巡逻
285,重大
140,严打
251,网站
459,记者
323,地区
302,意见
249,民族
236,确保
319,全国
250,深化
144,公诉
194,处置
227,公共
154,阿富汗
284,实施
264,能力
174,抓获
276,发生
299,服务
240,专项
233,深入
367,进行
122,色情
123,实战
100,举报中心
199,健全
217,事件
214,强化
262,国际
260,稳定
322,合作
244,促进
226,有效
200,民警
163,公正
235,监督
171,公民
146,公安部
161,侦查
215,任务
182,索马里
216,规范
138,势力
223,精神
192,力量
278,重要
257,提供
242,推动
142,网民
126,边防
265,部门
210,发挥
208,战略
227,会议
177,思想
191,统一
234,实现
193,法院
221,解决
215,行为
213,政治
137,武装
134,指挥
141,传播
109,社会稳定
138,犯罪嫌疑人
144,办案
186,努力
201,领导
213,创新
135,防范
257,今年
167,增强
168,负责
202,作用
166,突出
149,视频
201,报告
89,演练
165,形势
157,青年
198,目标
196,去年
105,爆炸
151,非法
104,账号
181,措施
207,责任
115,应急
215,相关
191,不断
205,规定
221,北京
89,武警
118,攻击
273,经济
129,队伍
122,部队
216,政府
124,证据
112,使馆
160,强调
136,矛盾
111,不良
118,信息化
146,基层
153,结合
203,方面
182,水平
170,基础
154,保护
117,公安局
177,领域
169,报道
60,老街
72,特警
183,成为
187,影响
147,区域
180,发现
122,酒店
68,偷渡者
107,草案
125,主动
165,中央
169,方式
169,教育
61,果敢
203,情况
102,团伙
84,最高人民法院
134,联合
69,击毙
159,共同
75,安全感
155,介绍
112,秩序
104,训练
107,刑事
162,我国
159,环境
121,社会主义
140,力度
149,处理
60,立体化
99,诈骗
102,职务犯罪
166,关系
139,综合
88,审判
123,贯彻
142,加快
94,云南
135,媒体
127,查处
98,大局
52,监控系统
143,中方
73,有害
115,斗争
135,内容
145,文化
162,单位
170,主要
67,严防
126,一名
106,运用
119,认真
128,代表
136,年来
133,发布
131,公开
80,东南亚
67,出境
66,淫秽
116,意识
72,无人机
112,手段
130,利益
75,严惩
72,死刑
100,文明
116,核心
107,权益
69,破获
79,印尼
76,善于
114,程序
84,执勤
120,造成
132,保持
84,依法治国
79,支队
69,刑事案件
74,网格
121,立法
133,中心
95,团结
94,职责
110,重视
64,罪犯
109,社区
125,平台
107,试点
93,着力
75,检察官
79,警察
107,引导
58,艾克
58,拜尔
183,企业
144,需要
95,合法
129,指出
86,境外
123,执行
112,高度
98,总书记
92,预防
112,扩大
90,应对
63,惩治
70,纠正
128,第一
89,注重
108,系列
120,进入
98,探索
41,偷越
116,过程
94,做到
65,官兵
79,受伤
130,增加
133,时间
114,习近平
101,帮助
120,系统
70,谣言
97,工作人员
92,围绕
85,威胁
110,模式
41,审稿
113,世界
109,标准
54,摩加迪沙
66,信访
89,科学
106,违规
76,查办
53,乌鲁木齐
87,常态
99,最高
78,有力
49,暴徒
80,公平
109,明确
77,场所
92,城乡
56,低俗
81,诉讼
82,审查
113,包括
79,生命
61,伊斯兰
70,有序
58,武警部队
102,新华社
83,线索
44,曹建明
59,安保
93,党委
68,底线
53,抓捕
57,被告人
62,万件
91,办理
87,方向
47,郭声琨
97,空间
91,成员
49,皇宫
93,医院
77,适应
53,审结
43,莲花
93,律师
88,实行
77,检察院
54,上合
61,检察长
43,视频监控
71,体制改革
119,继续
99,研究
81,一带
55,部位
106,技术
51,煽动
34,社会面
61,发动
97,孩子
94,负责人
95,最大
63,干警
59,口岸
92,监管
87,健康
101,生活
51,机动
96,举行
75,统筹
75,防止
68,职能
70,财政部
63,奖励
64,正义
86,召开
85,协调
124,政策
77,培训
92,得到
36,打击犯罪
69,思维
98,和平
84,交通
64,引领
73,死亡
76,实践
71,构建
105,存在
83,指导
58,昆明
51,犯罪分子
31,玉山
40,蛇头
85,学习
99,持续
45,严密
33,张春贤
63,协助
90,腐败
50,缅甸
46,保卫
72,新浪
39,勤务
56,文化部
71,覆盖
66,现代化
55,人大代表
79,专业
64,共享
89,主席
41,分队
77,原则
69,身份
72,民众
39,艾力
70,特色
40,突发事件
77,准备
60,嫌疑人
65,情报
69,公众
65,深刻
72,民生
86,直接
63,到位
82,上升
39,迁徙
84,具有
80,成功
120,数据
75,通报
89,这是
66,破坏
50,黑客
63,自治区
89,历史
69,密切
66,军队
78,关键
65,举措
63,社会发展
84,农村
79,良好
81,人口
70,体现
51,云南省
38,在逃
54,半岛
35,安全观
60,判处
84,条件
59,隐患
54,代码
67,纳入
123,美国
60,审议
73,总体
68,科技
59,法官
35,喀什
98,干部
48,总队
74,质量
46,网络安全
44,牺牲
68,认识
60,党中央
87,机构
76,人士
96,出现
32,古丽
50,密集
33,潜回
64,军事
46,最高人民检察院
77,实际
53,妥善
66,设立
49,源头
74,范围
65,事实
34,蛊惑
66,环节
63,迅速
78,业务
49,政府工作
57,自觉
53,分局
80,上海
73,资源
49,使命
70,登记
61,周边
69,价值
57,装备
66,面对
40,警力
36,买买提
49,高压
52,等一
50,战争
56,扎实
81,产品
84,风险
56,获悉
68,运行
73,整体
73,减少
43,安全管理
67,行政
29,布哈里
65,启动
70,专家
37,极端主义
58,复杂
65,鼓励
62,多个
70,因素
34,司法改革
53,分裂
71,看到
66,人们
45,作战
57,审理
100,城市
66,面临
27,涉枪
74,消息
53,外交部
33,邪教
39,科技成果
67,能够
57,应用
56,追究
44,回国
58,开放
48,忠诚
65,近日
47,物品
64,全省
53,大国
39,追逃
47,排查
48,总局
60,叙利亚
40,战斗
35,盲区
78,地方
62,涉嫌
70,决定
103,增长
66,全球
46,重要讲话
55,理念
48,药品
48,出庭
55,特点
52,八大
56,转变
27,街面
59,经验
27,研讨班
35,枪支
66,了解
74,行业
31,警情
62,经济发展
42,伊拉克
65,出台
40,最高检
49,营造
37,遇难
54,布局
38,多发
53,委员
58,合理
43,名称
46,价值观
37,护照
25,吐尔
33,命案
57,同志
47,平等
64,带来
56,渠道
42,毒品
45,规律
62,主体
39,塔利班
61,领导干部
55,态势
59,目的
47,外交
45,公交
53,现实
26,防暴
53,职业
56,权力
36,战场
60,小时
50,认定
39,伤亡
56,符合
29,国平
30,李伟
26,中国平安
45,制约
33,伤者
29,极端化
62,之间
54,成果
55,自由
29,预谋
52,办公室
54,上午
53,队员
38,战友
25,围捕
48,多名
36,含有
35,过硬
38,坚守
40,外国人
29,信教
57,基础设施
63,计划
36,南通
24,玄武
40,规范化
51,方法
38,限度
27,极端分子
45,青少年
54,形式
51,纠纷
59,变化
63,明显
25,清朗
102,市场
31,二审
41,泰国
54,宣传
35,杀人
68,调查
56,检查
57,第三
48,财产
33,实名制
68,金融
40,法人
30,安定
47,理论
24,呼格
52,用户
52,创造
48,贡献
41,满意
48,官方
52,快速
44,危险
50,立案
40,战士
41,全国人大
64,双方
40,联网
60,分析
42,全区
54,巴基斯坦
50,评价
56,过去
49,专题
43,延伸
40,严峻
32,火车站
47,挑战
53,越来越
48,岗位
38,未成年人
49,编辑
32,庭审
21,边检
48,事故
52,反映
46,处罚
46,沟通
42,起诉
56,传统
52,阶段
29,满意度
38,联动
47,信用
41,舆论
43,冲突
54,工业
47,新型
41,适用
41,导向
37,队伍建设
25,征兵
34,军人
22,警种
30,追赃
44,作风
51,总统
81,公司
44,食品
39,首都
38,权威
36,宣扬
42,派出所
34,学习贯彻
27,取证
31,新疆维吾尔自治区
27,防爆
47,效果
79,投资
55,选择
35,动向
37,学员
35,上网
30,石家庄
44,基地
38,国防
52,导致
38,能量
40,全体
49,交流
45,权利
45,服务业
42,尊重
49,困难
33,沿线
41,担当
32,爱国
20,多发性
37,动态
34,倡导
44,决策
37,消防
34,全局
46,从严
42,通讯员
26,尼日利亚
46,时代
32,自杀
23,打黑
40,当事人
56,书记
29,公信力
43,进程
29,一卡通
38,法制
36,协作
29,南部
46,意义
45,道路
37,公益
37,深度
39,有着
23,安全防范
58,调整
39,树立
39,唯一
47,所谓
39,坚定
32,刑法
42,部长
50,经营
27,密度
53,纪律
44,生态
22,除恶
41,思路
21,司法权
35,践行
23,血腥
36,万余
50,给予
45,升级
23,周强
36,祖国
24,发案
37,西方
37,约束
36,沈阳
44,阅读
36,局势
48,产生
30,工作报告
58,公布
32,爱心
24,杀人案
32,不幸
28,惩处
32,指示
29,车站
35,一审
54,收入
21,东突
38,图片
45,整改
32,电信
22,拒捕
34,娱乐
46,涉及
28,维吾尔族
26,王毅
44,人才
35,中华民族
26,持刀
53,居民
41,先后
42,集体
41,车辆
51,学生
48,第二
32,工作会
32,骨干
34,高效
38,智慧
37,活力
37,进步
44,正式
28,潜逃
37,法庭
23,周永康
36,列入
42,承担
28,实名
20,联勤
30,无辜
34,听取
39,回应
35,伟大
28,研判
49,获得
25,公共场所
46,官员
35,前往
19,遥感
18,人民陪审员
34,一体化
38,建成
42,发表
24,死角
33,通信
39,铁路
36,企图
64,项目
33,海洋
40,时期
36,展开
31,履职
30,管理工作
53,产业
34,回答
21,不起诉
30,人民检察院
31,大队
28,渗透
29,信仰
37,在内
26,环境污染
36,特殊
40,事业
20,麦尔丹
40,费用
37,会谈
36,关心
27,果断
34,城区
25,净化
18,昵称
45,广州
43,万人
36,发言人
26,装置
41,为主
26,科技部
36,互联
43,考虑
30,分工
18,打防
28,谋划
35,推广
29,商务部
37,体制
37,优化
29,划分
29,决不
32,点击
33,强大
39,市民
22,行政区划
34,形象
36,民主
41,联系
28,混乱
19,突厥
33,法定
33,改进
32,理想
37,效率
18,信息库
21,教义
24,肯尼亚
41,现象
28,机场
40,对此
40,主任
38,保证
42,国务院
44,规划
49,消费
16,活动组织
28,多起
33,素质
34,院长
32,协同
34,儿童
36,谈判
30,驾驶
26,国土资源部
21,中办
34,框架
31,获取
29,记者会
31,途径
33,成效
39,上述
33,学院
34,初步
35,中美
31,知识产权
29,游客
29,伤害
18,错案
36,海外
31,人群
28,宪法
40,共识
24,画面
35,网友
21,昆明市
30,解读
40,一线
26,小康社会
26,宣称
34,培养
32,主导
20,逃犯
17,天安门
43,原因
19,土豆
30,妈妈
18,围剿
19,缉捕
37,下午
36,巨大
25,对抗
33,正是
30,少数民族
24,社会监督
30,注册
30,家属
30,各界
34,中新网
23,可视化
38,程度
20,强军
35,地位
21,大使馆
35,不要
26,跨国
18,警卫
26,策划
32,做法
24,惩戒
17,爱奇
34,优秀
23,矫正
38,无法
34,年度
24,核准
25,农业部
37,确定
30,虚假
28,关切
39,结构
23,后勤
36,举办
39,男子
28,司法机关
30,中国政府
16,汕尾
24,无效
23,报复
35,反对
29,涉案
36,安排
31,事务
34,医疗
21,管理规定
48,就业
23,走廊
33,有利于
27,转化
22,服务站
24,慰问
32,高校
32,计算
32,批准
20,枪手
21,穆斯林
35,局长
28,配备
16,嘲讽
39,总理
26,弘扬
29,全国人大常委会
28,调解
27,牵头
24,自律
27,交警
34,背景
23,火灾
22,突发
26,中俄
22,治安管理
28,路线
30,局面
22,裁判
29,总结
24,实时
16,人防
16,中国籍
19,故意杀人罪
29,卫生
52,资金
23,禁毒
33,达成
25,窝点
27,名单
24,为民
32,农民
24,人民银行
26,职权
13,柯南
32,独立
30,多种
24,社会保障部
20,战斗力
22,牢固
36,近期
31,论坛
20,表情
27,百姓
23,督办
30,格局
29,移动
25,安宁
25,责任制
25,武器
29,遭遇
23,彰显
24,周刊
38,规模
27,监控
37,反腐
27,交往
31,先进
39,压力
18,张家界
34,违反
34,方案
31,小组
42,下降
27,要素
23,模范
24,核查
23,宣传教育
29,大会
24,感受到
18,防灾
40,日本
25,技能
32,态度
25,指控
20,战术
19,申诉
26,酷
28,义务
25,每一个
15,处警
28,胜利
28,家人
21,党性
18,忠于
24,管理制度
18,头像
19,以法
23,专业化
24,形态
30,对话
33,一家
24,实习
23,建设部
21,违背
13,刻制
30,转移
18,接合部
26,印发
18,重拳
21,出入境
24,公德
24,自贸区
25,马来西亚
33,处于
30,普通
31,资料
23,稍候
27,外国
28,腾讯
22,供述
16,阿布
28,主权
21,查获
27,幸福
28,通道
31,李克强
37,比较
13,传感
27,数字
27,人类
23,政府军
24,敏感
23,实效
32,全市
22,两会
29,成长
12,冯甦
14,寄递
28,工具
20,邻国
18,穆罕默德
28,主管
27,繁荣
23,加载
20,林业局
29,一致
22,炸弹
27,理解
23,卫士
15,该人
16,孟建柱
43,万元
23,拓宽
25,有利
21,民政部
23,对待
34,人权
17,侦破
23,报警
26,贿赂
31,设施
27,记录
17,服刑
24,提起
33,支撑
21,坚持党
13,防弹
19,监督员
24,走进
21,高铁
21,码头
20,观看
20,摧毁
26,难题
16,赌场
23,激励
13,动态化
27,提醒
13,守信者
22,高峰
29,状态
25,督促
34,告诉
23,商场
25,出于
35,学校
17,重大活动
29,务实
25,反应
39,需求
24,带头
29,正常
27,缺乏
21,公安厅
23,成员国
14,失信者
24,控
16,富强
20,慈善
18,水利部
20,张某
14,非洲联盟
14,信用管理
16,言论自由
22,遵循
42,住房
23,情节
31,商业
31,人民币
27,联盟
15,国家赔偿
29,判决
27,中巴
18,环境保护部
22,为期
20,担负
16,克尔
21,中外
20,行政执法
23,激发
25,革命
21,真相
24,外部
19,预案
19,效能
16,破案
16,地铁站
19,公诉人
17,可疑
22,余人
25,性质
19,造谣
19,计生委
25,提到
22,联合国
23,组建
28,引发
16,批捕
17,印度尼西亚
17,政客
12,天眼
15,辟谣
25,很快
24,智能
17,国际关系
35,达到
23,修订
17,突击队
20,嫌犯
23,会同
21,狠抓
18,着力点
14,巴郎
16,羁押
22,乡村
13,检察权
14,黑社会
28,贸易
12,参与权
29,优势
25,放在
24,人力资源
22,保安
22,全社
26,了解到
24,补充
25,高级
21,财物
24,日常
20,流失
31,办法
19,编造
12,乌鲁木齐市
25,损害
17,全国两会
29,功能
15,能源局
24,一道
20,交代
27,新兴
14,维吾尔语
25,设置
33,家庭
21,作案
16,法治化
14,城乡规划
24,街道
22,赢得
13,中国使馆
27,新增
14,爆炸物
27,限制
16,陆慷
15,铲除
30,反腐败
21,受害者
13,湄公河
25,南京
13,盗抢
20,余名
24,丰富
14,战乱
15,中土
16,卫星定位
15,不法分子
29,保险
22,走访
21,节点
18,自首
26,还要
14,依法治理
18,营救
28,证明
21,动员
15,复核
18,外逃
28,采访
18,组织者
24,期待
24,客观
33,创业
20,士兵
16,加有
29,违纪
12,谈十条
20,语言
22,针对性
14,监督权
19,设在
20,起点
21,射击
21,旅客
17,严守
19,飞行
25,相应
30,资本
14,刑事诉讼
23,人次
23,妇女
13,航空器
12,罪刑
33,超过
23,巩固
28,改变
20,到达
15,无罪
14,每名
22,决心
21,漏洞
23,日晚
17,思想政治
21,干预
17,基础性
18,新一代
15,爱民
18,容忍
20,为人
13,地理信息
18,守法
14,木马
29,趋势
16,头目
22,自治
17,谴责
21,地震
12,武进
18,漫画
19,攻势
31,财政
18,中队
20,预警
22,委副书记
22,第十
13,婚恋
21,奋斗
20,白皮书
14,袭击者
20,科研
27,统计
27,速度
24,司机
17,击伤
25,父母
11,博科
21,乘客
22,多元
12,吉勒图
19,抢劫
26,竞争
16,强度
25,俄罗斯
13,砍伤
14,伊斯兰教
16,文化活动
16,查缉
16,可控
24,父亲
21,依托
26,危机
21,考验
25,必要
17,运输部
24,广场
19,恶劣
20,下发
18,政协委员
20,素养
20,衔接
19,全民
21,动作
25,构成
21,共建
23,背后
22,便利
19,与会
19,载体
24,不够
23,知识
14,搜狐
22,多家
16,总体规划
22,所在
17,指令
19,监狱
20,互动
19,参考消息
22,江苏
23,警告
36,显示
25,状况
17,也门
18,清查
18,号码
20,开通
13,易发
13,南通市
21,同步
16,属地
14,司法行政
12,黑车
22,停止
18,教育部
16,传达
24,成绩
20,不适
13,间谍
21,乡镇
21,遭到
25,表明
23,医生
25,最近
15,窃取
22,物流
21,难度
25,大学
25,不足
22,发出
21,类型
17,特大
19,特定
20,强制
21,特征
16,重在
23,位置
20,增进
14,敬业
13,非盟
16,中东
22,高速
11,赶考
23,经历
20,流动
12,民商事
10,海丰
15,聊天
23,平稳
11,小浩
21,道德
16,国际合作
23,多人
19,关闭
18,提问
21,充满
18,和解
19,开设
27,人数
11,英烈
15,知情权
14,答问
20,批评
20,法律法规
20,出发
19,坚强
18,着眼
13,视听
17,场景
15,宗教界
16,入境
19,东部
14,拥护
15,肩负
19,抢救
21,提前
18,管理部门
19,央视
21,友好
16,政权
10,巡特警
22,规矩
17,流向
16,雪
22,对外
16,景区
14,驻地
18,生态环境
21,公共服务
18,信念
21,省级
15,奉献
12,巡警
20,共赢
19,同胞
17,社交
13,人民调解
22,典型
23,儿子
10,佳节
17,终身
11,圣地
15,阵地
17,全国政协
16,环球时报
27,英国
15,地理位置
20,轨道
19,党委书记
22,承诺
25,结束
12,纠错
20,回到
17,勇于
15,社会责任
13,困人
23,欢迎
15,演习
18,内涵
14,群体性
26,支付
22,治党
18,西部
9,人民战争
19,思考
16,关键词
23,对接
17,壮大
11,评审团
20,第一次
13,民兵
15,忠实
13,加强合作
23,广东
12,鱼叉
18,亮点
19,执政
17,盗窃
19,呼吁
22,多年
14,被捕
20,离开
19,审核
19,分类
14,公共利益
17,长春
21,经费
15,之年
15,赌博
20,伙伴
23,党组
20,广西
13,简介
19,三大
20,披露
19,热点
10,周斌
14,法制日报
23,电话
13,公章
27,开发
17,开枪
25,生产
21,来到
10,爆燃
14,出击
14,落网
16,全过程
17,三名
22,北京市
15,途中
17,深感
14,身心健康
17,侵权
11,审判权
13,地缘
12,刀具
16,城市建设
14,派遣
16,提请
17,伪造
15,福祉
11,傅莹
14,诱导
14,伤势
22,动力
14,税务总局
15,分支
11,盘查
12,余起
12,投案
17,既有
12,绳索
17,定义
22,机会
14,风险评估
16,汉语
19,公路
20,吸引
15,中亚
23,农业
14,多国
17,滥用
18,节目
18,潜力
17,双边
16,通讯
14,黑名单
16,收缴
13,选任
15,自信
18,聚焦
17,后果
14,从政
15,北部
18,办公
15,叠加
20,立场
16,另有
19,是从
19,中纪委
16,公约
11,陆路
13,中国日报
11,刑事诉讼法
20,避免
14,揭秘
18,座谈会
22,城镇
14,跨区
16,安倍
17,校园
11,职业化
11,勇士
15,事关
18,失去
12,危害性
19,邀请
12,法学
10,胜仗
17,纪念
22,两岸
18,传递
20,老师
11,大案
13,提案
12,战法
14,把关
11,悲痛
17,老虎
10,石家
19,层面
15,抓手
13,立体
16,开创
9,盾牌
20,讲话
15,坚实
19,判断
18,人生
11,万起
13,鸡蛋
18,中国人
30,价格
12,马超
16,力争
15,中泰
14,司法部
20,恢复
10,昭通
15,方针
18,观念
22,文章
14,眼球
19,机遇
18,第四
15,畅通
16,薄弱
12,铁腕
16,廉洁
17,新闻发布会
21,很大
16,东盟
14,牢记
11,刘铁男
18,奥巴马
17,仪式
11,轻伤
15,发送
18,最多
21,位于
16,万名
17,代表团
13,首例
15,文化市场
15,办好
17,并将
14,严禁
18,方便
18,令人
17,积累
14,查明
19,居住
19,允许
15,废品
13,授予
15,不当
14,改装
10,和田
17,时刻
14,宣讲
16,绝不
16,省市
16,感受
9,原教旨主义
16,阳光
16,通关
15,去世
16,复兴
14,领会
23,工程
20,只能
10,石家庄市
10,抗诉
16,角色
10,正规化
19,事项
16,分级
22,降低
13,交涉
14,好坏
18,证实
16,频繁
9,公安部党委
14,国务院办公厅
9,防御型
10,借道
21,领导人
17,照片
15,人身
11,徐才厚
16,机动车
16,影响力
14,中国外交部
11,荣誉称号
14,华人
22,附近
14,甘肃
13,军事训练
15,调动
9,变造
18,待遇
15,上线
15,平民
17,以为
11,贩毒
13,挤压
12,关停
22,协议
12,国际形势
10,情结
10,假释
10,在押
19,民间
15,教训
21,来源
14,责任感
16,清晰
16,共同体
14,范畴
14,意图
17,同学
8,民公
14,可靠
14,滋生
14,土壤
13,便民
18,法国
12,堵塞
14,中部
11,疫情
10,减刑
11,助阵
14,实质性
16,理性
13,突击
13,失信
10,联防
16,编制
12,被害人
11,甄别
12,施压
16,流程
20,用于
17,日至
17,规则
18,以前
10,高级人民法院
17,心理
15,带领
17,定位
12,前瞻性
14,上诉
19,心
12,防线
18,年初
14,中西部
13,印巴
19,说明
17,主张
14,首要
16,转载
14,京华时报
12,黑色
11,描绘
15,美方
14,动荡
19,信心
17,情绪
15,非洲
15,干扰
15,南非
12,流动人口
15,发起
19,对象
12,博客
16,表达
15,常委会
19,汽车
23,土地
16,赞
15,诉求
17,中新社
10,勾连
13,频发
15,增多
11,疏导
8,边境线
12,调处
14,道理
12,施政
13,渎职
15,跨境
16,改革开放
11,戒毒
14,夯实
11,合成
15,国民
16,平衡
9,遣送
12,国际法
9,法律文件
17,担心
8,比武
8,定案
11,自卫权
15,政策措施
13,英雄
13,国际在线
13,涉外
15,外界
16,有助于
16,市长
12,上街
14,观摩
19,不到
16,城镇化
11,强奸
12,宣判
14,读者
17,对方
15,透明
14,为官
13,家园
9,犯有
21,职工
19,数量
19,拥有
13,嫌疑
14,辖区
12,公安部门
18,事情
14,攻坚
15,赶到
12,撤离
13,剥夺
10,中共中央办公厅
11,特区
20,有限公司
15,敌人
17,实体
17,从事
12,震惊
11,胡塞
17,相当
14,内蒙古
12,入侵
12,迈向
14,安全生产
13,地带
10,枪械
16,确认
14,峰会
10,清明
9,恐惧症
13,人民大会堂
9,犯罪案
13,入户
11,出逃
8,贩枪
13,前所未有
14,明了
10,子弹
17,实际上
9,劝返
13,执业
16,感谢
9,裁判文书
13,动摇
12,社会化
16,错误
16,开庭
16,主题
8,顽症
8,治警
18,宣布
11,善款
15,许可
13,难点
15,办事
14,本质
12,新局面
20,委员会
17,担任
18,前提
10,侦办
17,教授
10,守护
15,跟踪
20,先生
11,元素
15,全方位
8,打气
19,手机
18,省委
14,旨在
15,遵守
15,标志
12,化为
7,答谢会
15,越南
10,小明
10,中华文化
17,满足
16,案例
10,老城
17,常委
15,事发
11,海关总署
11,轻微
11,用权
19,南海
9,毫不动摇
17,妻子
16,村民
11,依法行政
15,驱动
10,捆绑
19,维持
14,长远
12,关怀
10,苗头性
12,为政
11,传销
20,表现
9,猖獗
13,老挝
16,副主任
16,三实
10,减灾
14,听到
17,呈现
9,友善
13,行好
15,党组织
13,感动
12,区域性
9,警民
11,波及
12,空中
15,距离
12,为首
17,老人
12,冻结
11,节日
15,户籍
13,志愿者
17,觉得
15,称为
19,融资
14,诚信
15,免费
12,强力
13,互利
11,主动性
17,软件
10,实习基地
13,标准化
13,没收
14,人大
16,容易
7,脱稿
10,现代快报
11,便民服务
18,工资
8,国境
14,情形
12,调度
10,镇上
11,兰州
8,自审
8,特派团
8,殉教
11,持枪
9,毛拉
12,一体
10,用法
12,防御
7,傅政华
8,扳机
12,户籍制度
15,感到
17,注意
24,银行
11,科目
15,承认
9,护卫
9,智敏
16,清单
12,行贿
13,立足
13,爆发
9,雷霆
14,提交
15,访华
9,诚挚
15,研究中心
15,负担
18,养老
10,哀悼
11,构想
8,公约数
17,账户
18,声明
19,访问
12,企事业
14,核实
16,肯定
12,实有
15,运作
13,粮食
17,能源
8,毒瘤
11,路口
12,实验室
13,结论
11,施策
16,国有
15,电脑
9,怂恿
11,清华
13,检验
13,条款
11,改革举措
15,手续
7,刘跃进
9,再审
11,救灾
12,不行
11,呼声
8,法律规范
8,矫治
8,撑腰
9,交锋
15,显著
14,移民
13,交给
13,适时
11,大都
9,血性
12,缩减
9,成都商报
12,删除
11,身影
15,日报
7,国际格局
15,三严
8,组织体系
12,研讨
16,运营
11,意志
8,鲁甸
14,以往
10,电视电话会议
13,知名
16,日前
9,教官
16,下来
11,教育培训
8,网名
13,油气
12,谋取
8,泰方
14,具备
10,看守所
16,世纪
15,进展
9,行业性
9,警戒
13,国土
13,印象
17,设计
15,公务员
8,安防
12,邻居
7,先知
14,协定
13,处在
13,品质
15,争议
14,民事
16,面的
11,罪名
14,贫困
15,自然
7,喀森
9,格调
17,转型
12,交通事故
14,环境保护
8,尖刀
8,李达球
12,记得
9,封堵
11,灾难
16,职务
13,物质
10,警官
9,领导层
8,后所
10,路透社
13,分为
19,集团
8,程序性
11,加深
14,积极性
14,朋友圈
10,陷阱
8,网络通信
12,眼睛
11,模拟
13,作风建设
9,乔纳森
7,制贩
8,检务公开
12,评选
14,分散
14,势头
12,等级
10,司法解释
10,办证
11,稳妥
11,护航
9,诽谤
13,福建
8,李东生
13,授权
10,筹划
9,恐吓
13,试图
14,紧张
10,灾害
13,不明
11,追踪
9,交融
15,协会
10,余个
11,指挥员
8,揭发
14,总量
9,前端
9,高举
14,笔者
16,建筑
14,元首
11,抵达
13,询问
7,麦加
10,即日
12,组成部分
16,年底
10,科学化
10,审讯
8,警犬
8,阻拦
11,赞赏
8,炸药
8,如能
12,外出
13,名字
8,预备役
12,工作组
13,罪行
10,姑娘
13,团体
12,国有资产
14,治疗
8,左翼
14,群体
12,房间
12,运动
13,电力
12,发展战略
9,纵容
12,新华网
9,仿真
14,类似
10,录音
8,设卡
12,卡塔尔
12,未经
14,解释
12,人质
12,细化
14,感觉
10,要点
13,固定
8,骑马
11,王某
11,贯穿
9,卡车
12,制服
8,司法鉴定
10,蓝图
12,确立
8,驾驭
8,优抚对象
8,改判
9,小李
11,示范区
8,第一版
7,复馆
14,角度
14,大众
10,争端
10,基石
9,中越
13,寻找
9,运送
10,传统文化
15,透露
6,联创
15,大型
13,有期徒刑
8,涉密
14,材料
12,不严
7,露头
14,高端
8,埃塞俄比亚
11,见习
8,忧患
9,凤凰网
12,东京
11,携带
8,资源共享
17,交易
16,旅游
15,农民工
15,普遍
14,抓紧
11,不公
8,奋战
12,高速公路
12,适度
9,集结
12,中华人民共和国
13,收购
7,采编
9,严查
14,经济带
13,团队
12,到来
13,国务委员
8,末端
13,贪污
12,行政审批
8,专案
7,阿米尔
10,外商投资
9,驻村
9,专业性
8,数名
11,崇高
11,苍蝇
7,词语
7,脱逃
13,意外
14,党风廉政
11,迫切
11,自称
10,地上
12,将对
11,送至
16,香港
11,治本
13,工商
13,组成
12,信任
10,网址
11,遭受
8,体能
9,流血
10,荣誉
10,热心
10,主观
6,刀把子
10,丛林
11,人心
8,民盟
12,窗口
12,人物
10,英勇
9,案情
10,监督工作
9,邮箱
9,纵深
10,精确
10,查验
12,习惯
8,灌输
7,待命
11,中国青年报
12,社会保障
11,哭
10,智能化
8,利亚
14,释放
11,和谈
12,行业协会
7,武冬立
9,营区
10,重大决策
14,协商
10,撤军
11,上去
12,最为
9,西北
11,逃生
10,经济建设
9,持久
7,高发期
7,边民
12,是非
11,聚集
11,大厅
10,纲要
12,地铁
6,黄家
6,转化法
11,人民日报
14,印度
10,认知
12,回来
7,精灵
11,澎湃
8,地盘
12,组长
12,陷入
8,尊敬
9,特权
10,医疗卫生
10,驾驶员
9,忘记
11,携手
10,出席会议
7,办案责任制
9,向往
13,毕业
6,查办贪污
9,山区
10,温暖
14,值得
10,中国人民大学
9,开局
10,捐赠
16,成本
8,检举
11,解放军
10,新进
10,传输
8,天堂
12,副主席
9,扩容
9,喀布尔
9,员额
6,新疆维吾尔
6,推辞
11,文字
10,数千
11,放松
12,稳健
12,步伐
14,朋友
11,辞职
13,震慑
9,指导思想
8,切入点
11,身份证
12,不符
12,故事
9,抗日战争
11,疾病
7,类信息
11,集资
8,驻守
10,受阻
9,水污染
11,一行
9,钓鱼岛
8,民主监督
12,商会
10,分离
7,出征
9,封锁
13,视为
11,应有
7,凌驾
6,情景剧
15,下行
9,诱惑
9,打仗
10,重大项目
13,赔偿
8,入伍
11,警惕
12,湖北
7,管事
12,老百姓
13,调研
10,清醒
9,管辖
11,不清
9,取一
7,绰号
8,万条
8,厅级
9,考评
10,通行
9,织
10,柬埔寨
12,股权
7,张家界市
9,根基
10,权限
10,方将
9,后台
12,补助
6,收监
6,古兰经
6,凌厉
7,徐辉
9,繁重
7,部族
10,关爱
9,高空
12,公款
8,省区市
10,居住证
9,捍卫
17,月份
10,战线
9,截图
8,姑息
10,海盗
10,最初
9,常见
8,长沙县
10,主义
12,返回
11,准则
6,感染者
12,定向
7,国际刑警组织
9,难民
14,会见
12,小学
12,供给
13,讨论
9,报酬
12,收费
10,工作者
12,存量
8,榜样
9,人民网
6,金道铭
10,派驻
13,养老保险
12,实力
10,实用
10,定为
11,挂牌
10,驱逐
10,扩展
8,管网
9,裁定
10,专职
6,白计群
6,枪响
6,加扎
12,受贿
10,愿望
10,奖金
10,案发
13,浙江
10,经济社会
10,政务
11,清楚
9,增效
11,帮扶
6,捍卫者
8,机密
13,中国经济
8,进取
11,南都
11,录像
9,抢夺
8,繁华
13,带动
11,禁止
7,艾买提
10,证件
10,美丽
9,会通
8,出兵
10,典型案例
7,战火
7,实效性
9,恐慌
12,上来
11,意愿
11,精准
15,购买
8,创建活动
8,主力军
11,管理局
10,旗帜
8,全国人民代表大会
6,从宽
8,深挖
8,正气
8,新机制
8,征程
11,活跃
8,营运
8,医护
7,辨别
7,住处
10,天下
6,庆丰
12,会晤
11,晚上
12,家长
9,世界各国
8,讽刺
8,决不能
11,潜在
11,氛围
9,远离
7,定罪
12,相信
8,刑警
7,倾向性
9,隔离
10,天气
10,宗旨
9,全文
10,指责
8,中印
7,发展观
7,埃博拉
6,有功
6,岗亭
6,云南省委
9,留守
9,汇聚
8,接访
10,沿海
9,前行
7,看得见
11,万套
8,海事
9,完毕
11,适当
12,半年
7,列席
7,来得及
10,下属
8,西亚
10,区别
7,工作制度
11,缴纳
10,笑
7,响起
9,部落
8,精细化
8,倒地
8,驾车
10,借鉴
6,警用
6,侦探
8,打着
9,任性
10,责令
8,师生
8,世界反法西斯战争
9,小官
12,女儿
10,一把手
8,天山
7,前移
10,领土
9,发扬
6,乌干达
11,研究所
11,曝光
14,党员
12,湖南
10,指引
10,国资委
10,敌对
10,小孩
9,过渡
10,指定
14,申请
8,扰乱
9,商事
10,基金会
9,更快
9,总公司
9,单元
14,比例
10,危房
7,提供者
10,享有
10,农产品
8,对策
10,感情
8,普遍性
8,原文
8,充斥
7,大案要案
10,梦想
6,王三运
7,特使
7,伊斯坦布尔
8,增设
7,修正案
12,研究院
8,色彩
8,对华
6,天然林
10,开发区
7,侵权行为
9,水利
11,名义
8,一刻
7,有案
9,尤为
12,观点
8,军阀
9,民心
10,制度建设
6,科工
6,环境资源
10,辽宁
7,冲撞
9,党政机关
8,中央军委
8,主线
7,机关干部
9,倾斜
8,之地
10,部副
8,大型活动
9,烈士
9,不忘
11,概念
11,患者
6,信访工作
10,中央政府
10,新京报
11,资格
11,走向
9,投资项目
10,伤情
7,救命
7,政委
7,交织
8,防护
9,离不开
10,注意到
6,制胜
11,比重
9,感染
7,胁迫
10,请求
7,化建
9,食品安全
11,退休
10,家族
9,不停
7,抗击
13,女士
9,短短
8,尺度
9,讲座
9,图书
7,分裂主义
10,增量
12,审批
11,开工
7,交通管理
11,山东
13,指标
9,水路
9,简化
9,寻租
9,准入
8,刑罚
7,贴心人
11,观察
10,一人
11,一轮
6,砍刀
6,原审
8,太平
6,领导机构
6,大通道
9,统计局
10,研究员
6,新兵
10,兄弟
7,幼女
10,京津冀
10,当局
9,参战
10,连接
7,战略规划
10,援助
9,不让
5,红河
8,媒介
9,勾结
7,运筹
11,放弃
11,毕业生
8,精心
8,道外
8,购买服务
7,议和
7,偏见
7,班长
9,讲述
6,阿不力米提
6,查塔努
6,值守
7,新闻出版
7,安危
10,提示
10,华春莹
10,在一起
7,拥军
8,互助
12,签署
6,审判工作
9,视野
8,发声
9,羊城晚报
9,医学
8,高官
6,自责
9,表述
10,声音
11,分配
9,蔓延
9,资助
9,日发布
10,逃跑
7,练兵
7,黑手
6,接壤
6,戒备
6,亚信
8,构筑
5,和田地区
8,大使
8,尽责
8,公立
11,将于
8,受损
7,基础建设
6,潘某
6,出租房
7,地气
9,赋予
7,全人类
6,安全部
9,关联
10,质疑
7,于法
11,持有
7,纪念日
7,侨胞
6,精神家园
8,常识
5,前哨
6,枪声
8,频道
8,一幕
8,公交车
10,完整
7,守卫
10,关口
7,高清
9,涵盖
8,泪水
8,捐助
8,分院
6,遇事
6,行者
10,担忧
14,台湾
6,训练场
8,上前
10,自主
11,已有
5,对讲机
5,刘浩
5,刑法典
5,策应
9,银监
9,其中包括
10,年龄
7,分清
8,中年
9,工业化
11,现有
5,英模
5,互联网站
8,私利
8,宝贵
7,滚动
7,领事
11,扶贫
10,板块
10,地点
6,宾客
10,反馈
8,出发点
9,美好
10,高层
7,海洋局
7,团员
7,谎称
10,寻求
7,高素质
7,发展经济
7,利于
8,隐私
8,留学
6,建军
9,衣服
7,自身建设
10,结构调整
7,数字化
8,法律责任
8,不减
5,裹挟
10,不利
10,说法
8,下功夫
10,由此
7,扬言
9,有权
86,昆明火车站
12,相比
11,区间
8,都市报
5,库尔班
5,圣训
5,军政府
12,文件
6,灭火器
7,书写
11,愿意
8,造假
9,又是
10,现金
8,中央电视台
7,钥匙
9,歹徒
7,出入
7,批示
7,喜爱
12,亚洲
9,吸毒
8,端的
7,舆情
7,余次
12,预算
6,中央政法委
7,力大
9,教科书
9,打算
7,血案
8,珍惜
6,负伤
9,流通
9,占据
6,行踪
7,路人
6,北京人民大会堂
8,基点
8,阿联酋
9,武器装备
8,决定性
6,调查取证
8,男性
9,本地
9,惠民
8,强国
6,战果
7,铁路局
9,他指
9,每一
6,援建
9,面前
10,交换
7,自豪
9,快递
9,发达
6,李崇禧
6,受众
6,中国网
9,回忆
6,民主化
8,南京市
9,实质
8,三条
10,四川
6,共治
8,采集
5,破坏力
5,不安全感
7,纪实
7,文学作品
8,杜绝
6,抚恤
9,以下简称
8,点名
7,联名
9,重伤
7,利比里亚
6,流氓
7,头部
7,江门
8,疑问
9,议题
10,事实上
7,高院
7,节能环保
5,策划者
9,开启
9,上级
8,双向
6,经得起
6,招录
10,劳动
6,锻造
6,阿方
6,倪发科
6,小生
6,送法
5,警棍
5,政府领导
5,扁平化
5,好书
8,双语
9,成就
6,抢险
6,萌芽
6,二中
9,化名
9,万众
6,观察员国
9,第五
7,方针政策
11,发放
9,党政
8,供水
5,联控
9,演讲
6,预见性
6,幸福感
7,打赢
6,逃窜
9,航空
5,防暴队
5,张建
6,经验丰富
6,帮教
9,管理法
9,情感
6,打一
7,治国
6,辩护人
8,对外开放
7,奖学金
9,政府部门
7,郭某
9,幼儿园
11,收益
7,写道
9,总数
9,年轻人
9,加剧
9,市场经济
5,搭档
5,吉首
7,祥和
6,和村
9,结算
7,向心力
8,论证
7,公害
7,附件
7,落脚点
15,预期
9,后续
9,障碍
9,汇报
5,现代文化
5,寡妇
9,怀疑
10,友谊
8,阶段性
9,激烈
6,保平
8,惩治腐败
9,煤炭
8,竞赛
6,浓烟
8,经济工作
9,减轻
8,威慑
9,伤员
7,楼顶
7,办有
5,履行法律
7,惯例
8,司长
8,反思
9,医治
7,长春市
5,沈河区
9,军事战略
6,英国广播公司
5,数据化
7,管理服务
7,命令
8,济南
9,引进
15,两岸关系
6,谈起
6,崇尚
5,擦边球
7,监护人
5,留人
6,市民化
6,吹响
6,忘不了
9,走出
7,财政赤字
6,练习
5,基础工程
9,管理办法
11,最低
8,低保
9,红网
8,史上
7,教材
7,枢纽
5,扣动
6,远在
6,争做
8,谈及
5,项项
5,获评
5,正义网
7,妨碍
7,场面
8,头盔
7,偏远
8,经济合作
8,中国共产党
9,接触
10,评估
6,郴州市
6,建设者
8,产业结构
7,南阳
6,结识
7,双手
5,堵截
8,传承
8,早上
6,阿卜杜拉
10,策略
8,巡航
7,镜头
7,自查
8,良性
10,发行
8,生效
8,前进
7,命名
7,事迹
8,理事会
6,规范性文件
8,整顿
7,懂得
8,江苏省
8,登载
8,拍摄
8,不仅仅
5,本能
10,作品
9,车内
7,关乎
7,做事
5,安稳
10,养老金
7,取向
6,原为
6,动画片
7,调查研究
9,年轻
8,服务中心
8,不正
6,图谋
5,金三角
5,流入地
5,永忠
7,创造性
9,喜欢
11,较大
6,贩卖
7,统战工作
7,杀害
8,巴黎
8,领导班子
7,误导
8,警示教育
8,中华
5,公序良俗
5,首发式
5,欢度
8,振兴
8,心里
8,中午
6,组织建设
7,道路交通
7,涉农
8,展现
9,驳回
6,早点
6,新政府
6,公关
7,安全法
5,各司其职
9,补偿
7,资料图片
11,客户
8,责任人
8,学会
9,汇率
5,规劝
7,致富
5,受害国
8,相当于
7,其他国家
7,界限
7,收敛
8,翻译
5,追缉
7,时限
6,别向
8,目录
8,显得
7,南方日报
5,士官
7,少年
6,南亚
8,联邦
8,新华
7,战事
5,割据
10,设备
6,冲击力
10,地方政府
7,登录
8,研究会
7,湘潭
7,沉重
5,南非人
6,遴选
6,环境治理
6,余条
7,体会
5,奔向
7,运转
8,买卖
6,安康
9,命运
8,任职
6,元宵
6,充当
7,热爱
5,推动者
7,开办
7,新动力
6,掌声
6,卡斯
7,工作情况
7,审慎
8,不在
7,行政机关
5,放水
5,化训
5,中华儿女
8,及其他
7,专家学者
8,示威
6,志愿服务
9,母亲
7,慎重
7,感人
7,穿着
5,一伙
8,不知
8,恶化
7,贫困地区
5,石块
5,温床
8,调节
7,海域
7,辽宁省
8,都可
7,交战
7,检方
9,国有企业
7,黑龙江省
5,咸阳市
10,损失
5,称霸
6,前台
6,争当
6,爆炸声
7,队长
7,对冲
7,一句话
7,检查站
8,游行
7,夏天
9,侦察
9,监测
8,中央纪委
7,迈出
7,勇气
9,电子
6,车队
8,红色
7,见面
6,置于
8,进攻
7,高水平
6,打听
6,大院
5,南粤
7,严格按照
6,蝉联
8,审计署
7,根源
7,包容
9,东西
8,课堂
4,金钱案
4,邹碧华
4,玉峰
4,有权人
4,打下去
4,官以案
4,乌鲁木齐市委
7,密码
5,红山
4,麦地那
10,货币政策
5,炊事班
7,加密
7,锁定
6,弹药
7,村干部
8,考试
9,年代
8,会长
5,刘强
9,签订
7,澳门
5,牵制
7,内心
7,中国制造
5,百日
6,隆重
7,天都
7,地域
7,军民
7,论述
5,阿娜
8,结构性
7,民族工作
6,查证
7,桥梁
4,警营
4,农具
6,全国重点
9,以色列
5,首府
6,威力
6,奖惩
5,猎豹
6,传来
5,全城
6,前置
6,公共卫生
6,以经济
5,英媒
5,摸排
5,平和
7,温州
5,葛兰素
5,史克
6,人流
8,是不是
7,区分
5,中阿
8,回家
5,中国电信
6,内部管理
7,摆在
6,社发
6,判刑
5,正常人
6,多点
6,境界
7,不安
8,所得
7,凌晨
10,支出
7,挂钩
9,用地
9,占比
5,美好生活
6,贯通
7,玻璃
7,将军
4,平武县
6,冬天
5,要害
8,差异
8,不想
8,约定
7,简称
5,鄂尔多斯
5,民族政策
7,饭店
5,四新
6,维吾尔
5,求和
10,小区
6,拥堵
6,倡议书
6,自救
6,纵向
7,职能部门
5,双引擎
5,悔恨
5,出狱
6,动机
7,捐款
4,肇祸
4,中办国办
8,不错
9,配套
5,制图
8,巴方
7,大门
7,丧生
7,全军
6,看点
6,写下
7,中共中央政治局
8,好转
5,要义
5,社会工作
5,写照
5,先机
8,契机
5,投毒
7,抗议
7,克服
6,政治经济
6,缴获
6,管理体系
8,事业单位
6,技术改造
6,壁垒
8,年至
4,钢盔
4,聚赌
4,美食街
4,任仲平
4,玄武区
7,内战
7,中表
13,基金
6,特困
7,大道
5,联邦调查局
7,源于
7,太原
5,斯特
5,往前
8,著名
6,打虎
4,警队
4,查破
4,改革者
4,国际物流
4,公器
7,所说
6,无缝
6,推开
8,说是
6,自行车
7,正面
6,全能
8,被告
5,村人
8,示范
5,于心
7,盘活
6,颜色
7,锻炼
6,声势
7,上演
8,打开
8,绿色
8,秘书长
7,三方
7,机身
7,新能源
6,共同发展
6,阅兵
5,重头戏
5,编织
10,有所
7,工作任务
4,社情
4,旧社会
4,山西省公安厅
4,原教旨
4,业务精
4,对打
7,全世界
5,炮灰
8,理由
4,笃实
7,明白
6,直面
6,揭晓
6,争执
6,风气
7,人大常委会
4,铃铛
4,迪普
4,罩袍
4,情报局
4,夺权
4,几米
7,跟着
6,最大化
5,有罪
5,最高法院
5,直指
5,生死
5,倾听
5,枪击案
6,贴近
6,火车
9,享受
7,村委会
5,复查
5,阿卜杜勒
6,大屏幕
6,横向
6,分流
7,不小
8,过剩
5,紧跟
5,下基层
6,西南
6,意为
8,宏观
6,坍塌
4,执结
6,深深
7,厅长
6,升空
5,北京地区
5,全网
6,私用
6,评为
5,清正廉洁
5,反对党
5,合作区
8,海军
8,十年
6,情景
5,兴旺发达
4,赌客
4,行贿案
4,检查员
4,屈从
4,守护者
4,关系案
4,天山网
4,从警
7,地面
5,初级阶段
8,法规
7,离职
7,代价
7,港口
5,哭泣
7,走上
6,电子邮件
6,抵御
6,便于
5,网易
7,上世纪
6,倒塌
4,侨眷
6,黄浦
5,车就
6,蒋洁敏
7,表态
7,减弱
5,打造成
5,工作面
5,主动权
6,斯坦
4,市网
6,围观
6,并举
6,前沿
6,人才培养
6,民航
6,所有制
7,提及
7,例行
5,道县
5,旗号
5,参会
6,空前
5,部级
5,案子
6,楚天
7,想象
8,当选
8,大学生
7,在建
6,期盼
5,反光
6,生命线
6,灿烂
6,议员
5,重型
5,激战
5,使命感
7,缩小
4,强身
4,家破人亡
5,深表
7,外贸
8,广东省
5,答卷
7,进度
7,黑龙江
4,王正
5,都江堰
6,评论员
6,一头
5,业务工作
7,有何
7,包含
6,假药
6,非公有制
6,出动
8,定价
7,全球化
5,行径
6,管理体制
7,之际
4,便道
4,举报投诉
6,送来
5,民航局
5,游览
6,兼顾
6,督察
5,忙碌
5,直属单位
6,拐卖
6,参与者
4,私心
4,归侨
4,人情案
4,还草
7,丝路
6,稳固
6,一家人
5,张网
7,生产总值
7,心态
6,交流合作
6,更具
8,韩国
5,宗教政策
5,海燕
6,操纵
6,水上
6,颠覆
6,短板
6,战区
5,里程
6,深厚
8,有限
6,时有发生
5,先期
5,间断
5,采纳
7,对比
6,管理模式
6,多来
7,秉持
7,得知
7,困境
8,现状
7,看出
7,崛起
5,普通人
5,清廉
4,集贸市场
4,织就
4,组织网络
7,照顾
8,条例
5,大队长
6,姐姐
6,时评
5,专人
5,治军
4,译为
4,文杰
4,控方
4,媒体发布
7,告知
6,防卫
6,住户
7,伴随
6,基本原则
5,统领
5,支点
8,争取
5,政绩
6,国际社
7,西安
7,中旬
7,长官
6,面貌
6,艰苦
6,有效性
6,工程项目
4,国际条约
9,低于
5,当地人
5,发展目标
5,成果转化
5,想来
6,富民
8,是由
4,诉讼参与人
4,站岗
4,刘子阳
6,岛礁
6,兵力
5,借机
6,部将
7,中共中央
7,重要性
8,前景
7,吉林
5,客观性
6,据点
5,热闹
7,否认
5,捷径
5,支队长
5,南站
5,应变
6,耐心
7,图像
7,足够
7,上海市
6,发文
4,沉痛
4,枯燥
4,公安局长
4,公信
5,会期
6,惠及
7,高考
6,疑难
8,市委
6,丰硕
8,山西
7,相同
5,广西壮族自治区
5,对面
4,土耳其人
4,任务区
7,备受
5,法宝
4,多哈
7,男孩
6,打招呼
6,中国社科院
4,毒枭
4,杀戮
4,不竭
7,回顾
6,空白
7,保障性
6,口号
4,候车室
6,放过
6,座谈
5,裁决
7,级别
5,表格
7,排名
5,窗户
6,开放日
5,赶赴
5,年成
5,复杂性
6,来临
7,创建
7,罚款
8,财富
5,近距
5,巨贪
6,列车
6,鲜血
6,拉开
5,遥远
4,诱使
6,设有
7,高新技术
7,中一
7,省政府
6,助推
10,深圳
5,进京
5,欣慰
6,占领
4,黄标车
4,遁形
4,免疫力
5,黄某
5,驻华
7,制售
6,潮流
4,砥砺
4,缅甸政府
7,下车
6,红包
6,崩溃
6,在外
7,市政府
5,身穿
5,围墙
6,联手
8,调控
4,四散
7,选拔
5,大调
6,跟进
6,秘密
4,停歇
5,感召
5,分权
6,病房
6,富裕
5,法律文书
5,气正
7,下去
6,停留
5,经受
5,毗邻
5,并有
5,司令部
4,经略
6,顶层
6,走到
6,中都
6,科技创新
5,社区建设
5,信息网
7,河南
4,刑诉法
4,凶器
4,事由
5,罔顾
7,向好
5,笔录
6,多重
6,县城
5,礼物
5,大作
6,试验区
4,阿克苏
4,石榴
4,扇子
4,人流量
5,风尚
5,负责制
8,月底
7,转向
7,大规模
5,装甲车
6,艰巨
6,中小学
5,探访
5,名人
6,入手
7,万户
7,国际组织
5,就达
5,之首
4,读本
4,撤案
4,东非
6,气氛
5,清真寺
5,专业人才
5,可操作性
7,大病
7,人文
6,新技术
9,外长
4,后背
4,衡水市
4,库尔勒市
5,网络化
5,号召
6,列为
4,运城市
4,致残
6,陆军
6,建设项目
7,棚户区
5,双拥
5,习俗
5,仇恨
6,响应
6,不予
7,怀孕
5,亲情
4,实兵
5,切断
5,合法性
6,陕西省
6,小康
8,女子
8,带病
6,海军陆战队
5,发明
5,利剑
7,中原
4,法网
4,查漏
4,其家
5,军校
6,法案
9,平均
7,身体
6,广阔
8,周期
5,上访
6,征地
5,执行力
5,举报人
4,殃及
5,形容
7,效益
4,步向
4,域外
4,口供
5,战备
6,月前
6,热线
4,伤痛
5,高危
5,不争
5,权威性
6,系统性
6,精力
6,国情
6,内在
4,防护网
8,金额
5,话语
5,粉丝
4,涉险
9,消费者
5,表率
6,手枪
6,模糊
6,事务所
5,想起
5,标兵
5,摄像头
4,视网
4,嚣张
4,论战
4,海合会
4,斡旋
5,较量
6,亮相
5,执政党
6,人和
4,魄力
4,军队现代化
6,带有
4,总揽
4,反垄断
5,内阁
6,开幕
5,束缚
5,三角
4,衡水
5,操场
5,的卡
6,可以通过
7,谈话
5,双边关系
6,红线
5,宏伟
5,坦诚
5,伤人
4,重镇
4,温情
4,优势资源
7,垃圾
4,山林
6,人力
5,牌子
5,惠农
6,定点
7,可能性
4,舅舅
6,服务平台
6,急救
8,税收
5,最基本
5,宜居
4,自述
6,称号
6,庞大
5,金报
5,风清
6,河北省
4,采信
4,说情
4,于行
4,讷河
4,掌权
7,医保
6,变革
4,执委会
6,导入
4,澳门特别行政区
8,大陆
6,监督管理
6,个体
5,空气质量
6,出国
4,退缩
5,科研机构
5,困惑
6,向前
4,熊某
4,内化
4,中俄关系
6,想法
6,对不起
4,有钱人
4,山庄
4,指导员
4,考试招生
6,致力于
4,胆小
5,上车
6,揭开
7,运输
6,安居工程
5,辗转
4,信奉
4,严加
5,性格
5,吐
4,江河
4,埃尔多
5,敬意
9,商品
4,哨兵
6,熟悉
6,发力
5,落地生根
5,办结
4,雨露
4,服务经济
4,有法可依
4,后盾
4,倒下
6,过滤
7,强劲
5,笼子
4,缓期
6,可谓
6,出行
4,连长
5,风向标
5,用心
4,巡逻队
8,德国
4,工作成效
4,尖兵
5,主义者
4,编辑部
4,供气
6,马里
5,村镇
6,恶意
4,袭警
5,轨迹
5,取缔
5,到场
5,最爱
4,致敬
4,紧抓
4,移民局
4,共存
4,你我
6,危险性
5,心灵
5,于其
6,受益
4,底层
4,汽柴油
6,服务器
4,压舱石
6,原有
5,地方法院
4,顺畅
4,近海
4,肃清
4,生力军
4,通奸
4,月饼
6,探讨
5,安全防护
5,预见
5,填补
7,投诉
6,工程建设
6,备案
5,均等化
6,红利
5,七大
5,谎言
6,层次
3,阿比
3,张璐
3,二手交易
3,世界格局
5,职员
5,筹建
5,政务公开
10,西藏
4,补缺
4,称呼
4,惨烈
4,庆祝活动
5,森林
5,荣获
5,饮水
5,沦为
6,谈到
6,话题
5,精髓
4,吉尔吉斯斯坦
7,副总
5,社会管理
6,郑州
6,结婚
6,耕地
6,加紧
4,新闻报道
5,规章
6,参观
6,干净
4,路障
6,互信
4,雅加达
5,如一
5,典范
4,正规军
5,普惠
5,军工
5,民主党派
7,上一
4,面纱
4,昭示
4,供认不讳
6,作业
5,经常性
6,撤销
5,逃离
5,第二届
6,认罪
5,精通
5,真情
6,数据库
5,澄清
5,二天
4,超大
4,样式
4,伺机
4,用兵
6,西藏自治区
5,立功
6,所属
5,调查报告
8,补贴
4,温岭
4,所为
4,感恩
6,反复
4,造势
4,教唆
5,重重
5,意在
5,宝马
5,误解
5,特约
5,攻坚战
6,安徽
5,狙击手
5,辣椒
5,金砖
5,建交
4,法律知识
4,抽调
6,促使
4,域名
5,宣告
7,存款
4,量刑
4,房门
4,布控
5,感慨
5,批发
4,经济纠纷
4,抵近
4,报复性
5,演变
5,度过
5,中断
5,大选
6,见到
6,指挥部
3,要事
3,真名
3,白阳
3,刑法学
3,凭祥市
3,一等功
6,良知
3,陆金
3,国文
4,资源保护
5,声响
5,督导
6,财政政策
5,催生
5,退役
5,跑到
6,婚礼
5,死者
5,稿件
5,社科院
6,校长
4,尽职尽责
7,季度
5,光伏
6,一声
8,制造业
5,加力
4,阅卷
4,清白
4,假冒伪劣
5,辅助
4,种养
4,光复
4,事例
5,邓小平理论
5,物力
6,拆迁
3,枫桥
3,共保
5,剧烈
5,失业保险
4,霸道
5,停火
5,加油
6,发展道路
5,甘肃省
5,王国
54,李波
5,巨头
6,舞台
4,墨镜
5,被盗
6,便捷
4,依纪
5,还给
5,细致
4,口子
6,看法
7,累计
5,注销
5,院校
5,受害
5,厂商
5,讲解
5,立于
4,铁路运输
4,包围
5,惩罚
4,掌握在
4,懂事
4,零陵
6,电视
4,社会服务
4,反动
5,条约
3,互动平台
4,新气象
3,张弛
3,协调局
4,堡垒
6,文艺
5,层级
6,媒体报道
5,充实
4,阐释
4,前身
8,巡视
5,建起
5,法律服务
6,时段
4,科普
4,配发
4,玩耍
5,北方
4,气质
5,一开
3,遵守宪法
3,情色
3,带班
5,专访
7,失业率
5,歧视
4,多天
4,救援队
5,综合性
5,好评
4,告破
6,申报
6,回归
4,背心
4,诈骗案
5,华盛顿
6,电子商务
5,直属
6,不负
5,投资银行
4,车里
4,万份
4,结成
5,终端
5,同行
4,风正
4,族群
3,智斗
3,成建制
5,增长点
6,手术
4,疑点
4,长期性
4,生时
5,引擎
5,丢失
5,附属
4,下大力
4,中澳
5,步骤
3,鼓励类
3,脉动
3,核准权
3,条目
3,反渗透
3,创意设计
3,先行官
5,缅怀
6,美军
5,军方
4,能耗
7,廉政
5,中等
4,新春
4,新疆经济
4,外设
4,群众性
4,使用者
5,知情
5,亚太
4,寄予
6,倡议
6,迎来
4,极致
4,旅游局
6,选举
3,查缴
3,扼制
3,击倒
4,暴行
4,颁证
4,事权
4,拳头
3,勤学
3,修德
4,卖淫
4,终审
4,亿万人民
5,值班
4,尼亚
5,看病
5,合作关系
3,高祖
3,警械
3,襄汾县
3,肯尼亚政府
3,杜妮亚
3,接谈
3,拉登
3,庄挣点
3,塔什干
3,分钟车程
3,万钢
4,网上办事
4,留下来
4,查摆
4,新业务
5,资源配置
5,负有
5,跨越
5,增大
5,经营者
5,党课
4,枪杀
4,社会问题
4,注意力
4,法新社
4,方方面面
4,实录
4,光下
5,常规
5,处级
5,出手
6,未能
4,讯问
6,市场化
5,十佳
4,会战
4,视线
4,残酷
3,凯迪
5,投票
4,集权
4,强盛
4,藏身
4,外交部长
4,关进
5,本科
4,核武器
4,下班
4,相伴
5,行为规范
5,核心区
5,助力
5,倒逼
6,病毒
4,火火
4,气球
4,后世
8,增速
4,呼唤
3,秀场
3,加气
5,版权
5,终结
5,泄露
6,天津
6,查询
4,骨头
4,地支
4,中招
5,访谈
5,勇敢
5,阿里
5,至关重要
7,品牌
5,栏目
5,建设性
4,天网
4,侵蚀
4,分配制度
4,上衣
3,解经
3,破案率
3,挺身而出
3,吴江
3,典型性
3,党性教育
3,业务交流
5,空域
6,焦点
3,连山
3,白水县
3,局所
4,遍布
4,辩护
5,着重
5,看见
5,朝阳
5,报纸
6,扩张
4,国都
4,风范
4,达达
5,颁布
5,缺失
5,进出口
4,产物
4,中学生
3,策动
3,权增能
3,明斯克
3,无电
3,媚俗
3,善设市
3,中心镇
5,一面
4,凶手
4,气体
3,索马里人
4,迫在眉睫
4,外来人口
4,突发性
4,金盾
3,营养不良
3,烈军属
3,泛珠
3,哈德
5,期望
5,属性
4,街区
5,不平
3,奖励金
5,阐述
5,差别
4,冲锋
4,跨部门
6,冲击
5,艰难
6,迹象
4,筹措
4,战役
5,三个代表
4,幽灵
4,结案
6,杀死
4,凝聚力
5,人事
4,湘潭市
4,淡薄
5,返乡
6,飞机
4,国际国内
3,褒奖
3,得准
3,开班式
3,事务性
6,差距
5,交通运输
4,车祸
4,岳阳
4,纽约时报
4,成功率
5,站上
4,换取
3,阿卜迪
3,撺掇
3,左晓栋
3,对抗性
3,宗教观
3,受训
3,南麓
6,查找
4,硬性
5,山西省
6,阻力
4,炮火
7,教师
4,赶来
5,欧美
4,通行证
4,科学性
3,浅显
3,快件
7,货币
5,爸爸
5,购置
5,民意
5,改为
5,忽视
4,身处
4,工作队
4,匿名
4,分保
5,实施方案
5,制度化
4,流域
5,轿车
5,四川省
4,头脑
4,克难
3,轮换
3,规律性
3,要案
3,缉毒
3,科技项目
3,政府绩效
6,警车
3,要领
3,翻盘
7,公告
5,不具
4,主旋律
5,分布
4,反华
5,硝烟
6,我军
3,反间
5,路径
5,传唤
4,泉城
4,亵渎
4,基本法
4,技能培训
4,一百年
4,灵魂
5,声称
5,外地
5,识别
5,物资
4,行政区域
6,户口
5,银行卡
5,看着
4,瘦身
5,说出
4,编译
4,配齐
5,抗战
3,讲法
4,肇事
5,衡量
4,行政法规
4,反差
3,阵痛期
3,职称评定
3,加挂
4,根本性
5,浪费
4,开心
5,快乐
5,三公
5,变更
4,议案
3,火线
3,大刀
3,住地
3,沦陷
3,森严
3,收听
3,扎伊
3,奔逃
3,信仰者
4,横跨
4,调集
4,出色
6,信贷
5,南方
6,之路
4,育新
4,海康
4,新设
4,保驾
3,国防科
5,助理
6,残疾人
4,推进会
5,转换
6,计算机
3,部下
3,警服
3,相对人
3,富集
3,为过
4,诱发
4,国家民委
4,只见
4,击败
4,门户
5,浓厚
5,人有
4,最深
4,中立
6,杭州
4,库尔勒
4,赞成
5,伊朗
5,首位
6,子女
5,反省
4,犹如
4,巧妙
3,藏毒
3,摸得着
3,安全部队
3,化学需氧量
4,乌克兰
5,诞生
5,独特
6,决议
5,流亡
4,高地
4,蒙面
4,开封
5,敦促
5,三农
4,遗忘
4,诠释
4,北戴河
4,东城
5,法律援助
8,销售
3,长子
3,生活情况
3,流氓罪
3,大比
3,于亮剑
3,严问责
5,长江
3,百度贴吧
3,便装
5,打电话
4,篮子
4,牵动
4,技巧
5,对手
6,同意
6,学者
4,持续性
4,下沉
3,西双版纳州
3,哈桑
8,黄金
3,高些
4,过人
4,外包
4,在手
4,办实事
4,不懈
5,购物
4,缓和
4,危险物品
3,退伍
5,世界经济
4,古代
4,科员
4,洗钱
5,率领
5,档案
5,医疗保险
5,爱国主义
3,磨砺
3,检察业务
3,感召力
3,劝诫
3,上电
7,互惠
4,标准规范
4,政策法规
4,排行榜
4,先锋
4,一身
5,业态
4,哽咽
5,年时
4,没错
4,方略
5,细节
6,有望
5,实习生
3,版面
3,分则
4,尸体
4,诊疗
4,禁区
4,硬骨头
4,攸关
4,工商联
4,上下游
3,近亲
3,建林
3,备案制
3,坦荡
4,严明
4,开放性
4,突破口
4,想想
4,卫生间
3,资格考试
3,寄语
3,大山深处
3,北非
4,高一
4,编者按
4,瘫痪
4,减排
3,合流
5,现出
5,凸显
4,塔尔
4,优异
5,合适
5,不久
4,随迁
4,情怀
4,多渠道
4,荷兰
3,结案率
3,开恩
3,参训
3,加班加点
4,败坏
5,放宽
4,趋势性
4,指南
4,之久
5,顶
5,年第
6,金融机构
4,三国
5,异地
4,经济技术
4,确权
3,枪战
3,东向
3,砍人
3,投资国
3,一语
5,全县
4,过重
4,入口
4,于党
4,出警
4,带走
3,盘问
3,涪陵区
3,铁律
3,氨氮
3,得力
5,生意
5,处长
3,基站
5,高中
4,水区
4,会所
4,教室
5,悲剧
3,逐出
5,疲劳
3,胸襟
3,世情
4,至上
4,涉案人员
4,入室
4,中国残联
3,周旋
3,厉行
4,售票
3,浙江在线
3,小婷
3,主犯
3,一角
4,医疗服务
3,沉溺
4,天后
5,劳动者
4,念头
4,言行
3,设限
3,环保税
5,检测
4,垂危
3,风行
3,透彻
3,触摸
3,西双版纳
3,缔结
3,甘肃省委
3,应用系统
5,病人
4,少女
5,适合
3,物流公司
4,选人
4,绝非
4,天然气
3,技术推广
4,本事
4,岁月
4,蜡烛
3,死死
3,受重
3,今生
3,贩运
3,歪理
3,无尽
3,吐尔逊
3,危难
3,前世
3,伙伴国
3,产业指导
4,世界观
3,警员
3,狡猾
3,法律政策
3,氮氧化物
3,取舍
5,同事
5,尝试
4,精彩
3,求真
4,城乡建设
4,功夫
5,游戏
3,达沃斯
3,水源地
3,正一
4,天时
4,储存
4,内向
5,重申
5,谢谢
3,肌体
3,物证
3,审判监督
3,奔赴
3,个别人
5,经济运行
4,覆盖面
4,新发
4,农田
5,前来
5,出生
5,步枪
3,聊天记录
3,新文化报
4,亟待
4,好玩
4,反驳
5,组合
3,皮山县
4,投产
4,大势
4,分担
4,共性
4,不必要
3,陆海
3,自诩
3,炮制
3,大拇指
3,谐音
3,献出
3,有赖
3,四川大学
4,地段
4,小小
5,主流
5,文化建设
4,国际问题
3,管边治
4,修养
4,辣味
4,认清
4,自助
4,基层组织
5,巡视组
4,神秘
4,校区
4,工作重点
4,因地制宜
4,中央政治局
4,严管
3,简易程序
3,点到
3,政令
3,主题活动
6,欧洲
3,进击
3,网络服务
4,墨西哥
4,发帖
4,低收入
5,领取
4,操作性
3,资本运营
3,痼疾
4,舒服
4,百人
4,到新
4,断肢
3,影视作品
3,中间人
3,对错
4,服从
3,觊觎
4,誉为
4,经营性
4,日均
4,底气
4,体检
4,亲人
4,三军
4,长大
4,空军
3,就业指导
3,对子
3,明火
3,打斗
5,小姐
3,尾气
3,城步
3,假名
4,称赞
4,发自
4,不远
5,致死
3,燎原
4,弹性
3,面源污染
3,过节
3,外力
3,郑和
3,可怜的
4,辛苦
4,电台
3,成吨
3,诉讼案
4,立项
3,勋章
4,浮动
3,谬论
3,绽放
3,工作指导
3,四国
3,和睦
3,受助
4,说起
4,网页
4,提议
4,身亡
5,男女
3,悼念
4,参谋
5,福利
3,重托
3,碰硬
3,滥发
5,中国军队
4,财力
4,花钱
4,次数
4,议会
3,路某
3,粮食局
4,气象局
5,全党
4,周年纪念
4,迈进
4,看不到
3,守土
3,四字
3,告终
3,勾画
3,主人翁
4,支柱
4,名录
4,捕获
4,影视
3,过失
3,记者站
3,便衣
5,休假
4,多方面
4,借口
3,随行
3,示范工程
3,残留
3,有度
3,留足
4,捣毁
4,厚爱
3,逃往
3,安全局
4,进一
4,谋求
4,沈阳市
4,得了
3,脸蛋
4,重灾区
3,穿梭
3,空港
3,冒出
3,体制性
4,宽广
4,亲爱
4,不顾
4,拿来
4,压制
3,缉私
3,批驳
4,多久
3,茫茫
3,唆使
3,发誓
5,拉动
5,共计
3,迪娜
3,历史感
3,悲惨
3,应声
3,中小学校
4,标识
4,不懂
3,知识产权局
3,清源
3,法规政策
3,屏蔽
3,下雨
4,同于
3,卷宗
5,第三方
3,除法
3,村医
3,新品种
3,中队长
5,第七
4,小节
4,兑现
4,游泳
4,选出
4,罚金
5,竞争力
3,看护
4,智力
3,驻外
4,猜测
4,迷信
3,相依
3,变局
3,面孔
3,诉讼案件
3,舌尖
3,尾随
3,对准
3,倾倒
3,会展中心
4,出任
4,乘车
3,过问
3,警觉
3,补正
3,刊载
5,通话
4,通告
4,县长
3,相关活动
4,重心
4,目光
4,尊严
4,绑架
4,市县
3,个位
3,朱某
3,提炼
3,八卦
4,统治
5,路段
3,多功能厅
3,播报
3,司法部门
3,六国
4,潜入
3,执法监督
4,足迹
4,商定
4,至此
4,做起
3,隐私权
3,逊尼派
3,西瓜
3,施暴
3,事端
4,前三
4,出路
7,利率
3,服务网
3,上户
3,行政法
4,国人
5,广州市
4,行程
4,深远
4,最美
3,雷锋
3,组成员
3,易懂
3,无声
3,其下
3,拉拢
3,居所
4,纪检组
5,五年
4,链条
4,均衡
4,第五届
4,受害人
4,热潮
42,彭家
3,高要
3,民居
3,斗志
3,刺伤
3,二氧化碳
3,辩护律师
3,经审
4,节能
4,北京师范大学
4,一堂
5,采购
3,同案
5,征求
4,热门
4,场合
4,政党
3,司法厅
3,走向世界
3,行凶
3,悲哀
3,年龄段
3,工作部门
4,管道
4,漂亮
5,用人
4,水准
4,外来
4,牵引
3,取名
3,农房
3,亲近
3,爬上
3,保护伞
4,吃饭
4,预约
4,水泥
4,晨报
4,无力
3,普洱
3,广电总局
5,成熟
3,中国军事
3,文化体育
3,医药卫生
5,深圳市
4,宽带
5,歌曲
4,供电
4,划定
3,获知
4,限于
4,人称
4,发热
3,录取率
3,应用型
4,宣传部
4,吸纳
5,信号
3,散步
4,愿景
4,急需
4,任何一
4,困扰
3,接诊
3,供应国
3,名誉权
3,加尼
3,硬汉
3,标志性
3,无助
3,工作安排
3,长途
4,苹果
4,品德
3,选题
3,旅游景区
3,又称
3,从容
5,推荐
4,我要
4,同年
3,预决算
3,编入
3,值班室
3,吊销
4,招生
3,警报
3,妨害
3,奋进
3,内容丰富
3,远海
4,战胜
5,进口
5,比赛
3,转型期
3,跳出
3,吃上
3,军政
3,交友
3,纯属
3,开明
3,易感
4,战略性
3,关系人
3,过手
3,图表
3,出口退税
3,二氧化硫
4,就医
4,港澳
3,能飞
4,商贸
3,艰辛
3,照搬
3,旅游休闲
3,指导性
3,小轿车
3,交流会
4,受贿罪
3,文化网
3,号令
4,留在
4,意思
3,引诱
4,矿产资源
4,流转
3,里来
3,梯队
3,悠久
3,侨务
3,依附
3,一地
4,答案
4,痛苦
4,并处
4,空气
4,承办
4,合一
4,纳扎尔巴耶夫
3,民事诉讼
4,说话
3,资源优势
3,换来
3,先进典型
3,问路
4,疯狂
4,扩散
3,小房
4,自愿
4,有意
4,好事
3,迸发
3,精神障碍
3,挥手
3,攻击者
4,前列
3,派员
3,尖锐
5,武汉
4,一事
4,男童
5,委托
4,集聚
5,包扎
3,聚居区
3,秋风
3,悬赏
3,抗震
3,之名
3,向善
3,升华
3,瑕疵
4,点评
5,汇总
3,巨人
4,休息
3,牵挂
4,课题
3,笔名
5,刺激
3,风电
3,开阔
3,大好
4,害怕
3,把手
3,决定书
3,人肉
3,关涉
3,爬坡
3,深港
3,恩怨
3,专家解读
5,行人
4,大楼
3,雨季
3,猛烈
3,后进
3,助手
4,涌现
4,隐瞒
4,稳定性
4,广播
4,本土
4,出炉
3,全国优秀
3,伊始
4,工伤保险
4,上学
3,代名词
3,局级
4,题为
4,直辖市
3,集成电路
3,缜密
3,领导者
3,松懈
3,政治家
4,中国企业
4,政府性
4,龙头
3,非国有
3,汗水
3,屠杀
3,阿卜杜
3,接警
4,辜负
4,一波
3,赔偿金
3,权钱
3,工作职责
4,移交
3,方法论
3,实绩
3,压迫
3,现代科技
3,乐章
3,一程
3,一亮
4,年到
5,收获
3,纠集
4,线路
3,元旦
3,车载
3,多一点
3,兵团
3,成大
3,事业心
4,多亿
4,不法
3,注定
4,宁波
4,基督教
3,过错
3,日韩
4,阻碍
3,饱受
3,裁量权
3,王军
3,择优
3,残忍
3,愈演愈烈
3,国籍
3,中东地区
3,报警人
3,反面
3,极限
3,成才
3,一首
3,博鳌
4,办事处
4,坐在
3,并联
3,楼梯
3,日本国
3,周六
3,不例外
3,航向
4,数额
3,解难
3,科研项目
3,大开发
3,性工作
3,商业性
3,登记制
3,演说
3,店主
4,万个
3,谅解
4,宗教信仰
4,新浪网
3,零散
3,稳住
3,杀伤力
3,应尽快
3,昏迷
3,利用外资
4,北京晨报
4,吉林省
3,有希
4,清洁
4,意大利
3,欠债
4,往来
4,婚姻
3,认领
3,行政监察
3,着眼点
3,可信
3,侵入
4,重组
6,房产
4,路面
3,港媒
3,紧迫感
3,交通安全
4,队友
3,杰出
3,黑人
3,美国国务院
3,并行
3,局限
4,可持续发展
4,浙江省
3,战时
3,店里
3,坚信
3,调整工
3,调侃
3,死后
4,普及
3,还击
3,核力量
3,增派
3,军火
3,敬畏
4,逻辑
3,前方
3,一口气
4,剩下
4,实地
3,善后
3,简易
3,月生
3,好奇
3,跨越式
3,行为人
4,精品
3,宽容
3,新机
3,政治部
3,采伐
3,查到
4,初期
3,挣扎
3,关照
4,公职
4,书面
3,制高点
3,人脉
4,流传
3,监察部
3,初稿
4,公务
3,乌兹别克斯坦
3,严正
3,传染性
4,学历
4,过多
3,杨宇军
3,恰当
3,光纤
3,醉酒
4,河南省
3,昔日
3,双刃剑
4,大大
4,边界
3,热血
3,先进事迹
2,科技类
2,杨维斌
2,有悔
2,普适性
2,官渡区
2,周详
2,初赛
2,农牧场
2,万宗
3,安倍晋三
3,高楼
3,国学
3,危及
3,互访
4,证人
4,失败
3,后门
3,为辅
3,大会党
4,督查
4,在家
3,亚太经合组织
3,苗头
3,反击
3,连年
3,电子政务
3,比利时
3,摒弃
3,折射
3,市局
4,打工
4,中小
3,危险品
3,手臂
4,疑似
3,教职员工
3,速率
3,没事
3,本领
3,上实
4,城管
3,曾多次
3,购销
3,背着
4,所长
4,过度
4,攀升
3,情人
3,内蒙古自治区
3,三十年
4,党支部
3,非正式
3,安静
3,品格
3,挥舞
3,帅气
3,重度
3,草根
3,联合早报
3,突破性
3,女童
4,周一
3,生活方式
4,最佳
4,赞同
3,浏览
4,党籍
3,耕耘
3,学识
3,差别化
4,两地
4,贵州
3,触犯
3,行政化
3,好比
3,倍增
3,保障工作
3,竞选
4,骗取
4,时机
4,在线
3,亲临
3,养成
4,地下
4,旗下
3,推测
3,广度
3,例会
3,怪物
4,落后
3,研究开发
3,玩具
3,威视
3,企业改制
3,爱好
3,相连
4,提速
4,分歧
3,社会事业
3,疑惑
3,从业者
4,合作伙伴
4,名叫
3,时隔
3,独有
3,消灭
2,长存
2,达摩
2,言代法
2,航空发动机
2,统揽
2,生意人
2,班岗
2,物欲
2,横飞
2,权压法
2,明时
2,振东
2,宁晋县
2,势单力薄
2,内涵式
2,克利
2,供油
2,作多
2,人民检察
2,中国电信集团公司
2,东营市
2,三多
2,牢骚
2,勇往直前
4,公示
3,共青团
4,发言
5,短期
3,调入
3,淡定
3,来不及
3,大戏
3,不妥
3,摩托车
4,估计
3,夺回
4,向上
3,特级
3,广义
3,居家
3,孤立
3,周密
3,人员编制
3,破裂
3,明说
3,居民楼
4,可在
3,转折点
3,必不可少
3,天空
3,事态
4,做人
5,员工
3,中金公司
3,中小型
2,通气会
2,密钥
2,国锋
2,加计
2,全连
2,全国人大法律委员会
2,乐业
3,金钱
3,资本主义
3,客厅
3,文物局
3,刻画
4,生存
4,倾向
3,静态
3,定心丸
3,列举
3,兴办
3,日大
4,升温
4,夫妇
3,逃脱
3,定价权
3,原地
3,再贷款
3,蹲点
3,气动
3,格斗
4,参考
4,落户
3,单方面
3,医疗纠纷
3,高等院校
3,方来
3,大家庭
3,之心
4,认可
4,鼓吹
3,辩证
3,社工
3,改观
3,变卖
4,课程
3,原料
3,激化
3,日新
4,鉴定
4,热情
3,领袖
5,债务
3,门户网站
3,蕴含
3,最差
3,和音
3,会主
3,张国
3,赤字
2,言词
2,气概
2,宝钢集团
2,于每一
3,投掷
3,同情
3,服务商
3,接力
3,中科院
3,专员
2,颠簸
2,创业致富
4,省份
3,路子
3,庭长
3,在城镇
3,严控
3,不解
3,约翰逊
3,造林
3,指标体系
3,经贸合作
3,寒冷
3,升起
3,结对
3,回乡
3,前夫
4,公园
3,概括
3,人格
4,产量
3,装有
3,职级
2,颁授
2,颁奖典礼
2,管权
2,河南省检察院
2,手机网
2,建强
2,好法
2,大局观
2,公安队
2,五华
3,致辞
3,鲜活
4,面部
4,面向
4,开除
3,门将
3,车厢
3,蓝天
3,缺位
3,快捷
3,家政
4,体验
3,控制权
3,成因
3,长久
3,脱贫致富
4,航母
4,河北
3,高新
3,车票
3,尖叫
4,科室
3,哲学
3,逐级
3,地震局
3,同属
3,采写
3,无权
3,轻骑兵
3,竖起
3,升学
2,钟轩理
2,钝器
2,迁回
2,跳起
2,贩毒案
2,谜底
2,祖文
2,白家
2,急流
2,大半年
2,团圆
2,发臭
2,南口
2,剖腹产
2,利来
2,删改
2,侯艳艳
2,中弹
2,下厨
2,小步
3,无视
2,法制局
2,新装备
2,宝典
3,火炬
3,团组
3,于一体
3,教育局
3,联想
3,职业技能
3,更深
3,要约
2,要旨
2,索菲安
2,管得好
2,知心
2,甘蔗
2,瓜达尔
2,海洋科技
2,民管
2,外汇局
2,国务院妇儿工委
2,克钦邦
2,交上
3,中国人民解放军
4,欧亚
3,报刊
3,大政方针
3,碎片
3,研究机构
3,年的发展
3,宅基地
3,好消息
3,大片
3,目的地
3,皇家
3,司令员
3,必要性
3,回流
3,防火
3,画作
3,天涯
3,扫除
3,一端
3,共和国
3,高新区
3,数据统计
3,中将
4,右手
4,过来
4,中学
3,国际性
2,踏查
2,规模性
2,网上举报
2,珠海市委
2,煤层气
2,漂白
2,新月
2,成林
2,实践者
2,地州
2,回响
2,人民武装
2,于动自
2,中庸
3,小学生
3,善意
3,西北部
2,送信
2,寒风
2,至正
2,立峰
2,比大
3,新安
3,违者
3,渴望
3,型号
4,获奖
4,缓解
2,马骞
2,飞去
2,阿不来提
2,赫赫有名
2,碎石
2,清道
2,报道员
2,忙完
2,崇敬
2,屈辱
2,尤等
2,宗教知识
2,宋洪宝
2,基斯马
2,可预见性
2,共来
2,公敌
2,先带
2,余位
2,伊斯
4,创作
4,言论
3,真心
3,省区
3,理赔
3,明晰
4,加拿大
3,颅脑
3,谈心
3,精干
4,储备
3,看过
3,兵器
3,农牧民
3,食物
4,车门
2,抗辩
2,实将
2,体贴
4,强势
4,济南市
3,分红
3,扑救
4,首席
2,访问量
2,王春
2,寄望
3,电动车
3,生命力
3,引来
3,地级
3,吴某
3,强迫
3,条文
3,基本功
3,离退休
3,便有
3,宣传周
3,政府采购
3,扎根
3,出自
4,等待
3,救济
3,诚意
3,属实
4,三年
4,董事长
2,遵法
2,违禁品
2,试金石
2,诉讼代理人
2,裁判者
2,编委
2,焦作市
2,案例分析
2,广纳
2,年轮
2,国礼
2,勇为
2,判案
4,丈夫
2,远航
2,腰间
2,站起身
2,特勤
2,火情
2,案犯
2,慰问组
3,民用
3,地级市
3,余年
3,刘某
3,女友
3,中美关系
3,有法律
3,带到
3,上岗
3,会议纪要
3,成绩单
2,缴费率
2,哈米德
3,人中
3,腐蚀
4,总经理
3,余地
2,老红军
2,组织化
2,矢志
2,盖起
2,新疆旅游
2,声声
2,分析预测
2,兴县
3,候选人
2,触点
2,稚嫩
3,误伤
3,操守
3,应为
3,少儿
3,上传
4,种族
3,任命
3,外籍
2,监工
2,王府井
2,媒体传播
4,新加坡
3,被执行人
3,有责
4,退出
3,过往
3,过上
3,许是
3,文明建设
3,拖延
3,狙击
3,多极化
3,奔波
4,县委
2,逃匿
2,自家人
2,自侦
2,竞技体育
2,湖南省检察院
2,法办
2,沈义
2,水泄不通
2,晋中
2,新疆人
2,投递
2,小孔
2,安身立命
2,原委
4,投行
4,有毒
3,透过
3,缩影
3,乏力
3,人性
4,失业
3,松紧
3,年会
2,铁骨
2,通晓
2,车把
2,真主
2,流散
2,汉军
2,星火
2,心碎
2,巴扎
2,家书
2,国事
2,亲善
2,专家咨询
3,凯旋
3,第二十
3,研究室
3,村庄
3,完了
3,好心人
3,航班
3,虚构
3,万亩
3,誓言
3,东西方
3,基因
3,英国人
3,血流
3,遗体
3,反贪
3,大一
2,鉴定人
2,瓜果
2,杂货铺
2,挤满
2,忙到
2,小商
2,增生
2,向那
2,劳累
2,义举
2,少之又少
33,杨焕宁
3,精度
2,阿西
2,稳定器
2,枷锁
2,密集区
2,说理
2,律师制度
3,往年
3,年仅
3,少于
2,靠得住
2,辞呈
2,赤峰市
2,评析
2,玉石
2,承诺制
2,常抓
2,天职
2,土壤污染
2,凭祥
2,决定权
2,关联性
4,拒绝
3,水龙头
2,药补
2,瓜达
2,昂山
2,尔港
2,多极
2,国内法
2,全时
3,南北
3,管党
3,单车
3,正值
3,县政府
3,视察
3,行政管理
3,气象
3,有近
3,护士
3,名列
3,辛勤
3,趋向
3,草原
3,纽带
3,稀缺
3,发展方向
3,浪潮
3,洪磊
3,投资公司
3,跳舞
3,新一
3,磋商
3,难免
3,全额
4,效应
3,冬奥会
2,黑点
3,并称
3,全身
2,预防针
2,评议会
2,腰杆
2,王英
2,独裁
2,照抄
2,焦点访谈
2,昆明市委
2,新论
2,悔罪
2,守信
2,培训课程
2,北京市检察院
2,七人
3,击中
3,残疾
3,素材
3,护理
3,姿态
3,促成
3,共创
2,队副
2,警灯
2,背影
2,名车
2,香梨
2,轻蔑
2,盖特
2,田纳西州
2,塘村
2,坐大
2,分寸
3,脱钩
3,考量
3,车流
3,亚欧大陆桥
3,传授
3,高涨
3,忽略
3,邮件
3,辐射
3,种类
3,关注度
3,重要进展
4,总额
3,奇迹
3,中国社会科学院
3,仪器
3,民族宗教
3,商量
3,六年
2,迁就
3,投资管理
5,资产
2,韧劲
2,第二章
2,村道
2,应保尽
2,堵漏
2,反面教材
2,刑事法律
2,严峻性
2,专网
3,经商
3,禁令
3,眼前
3,大气
3,盛会
3,规章制度
3,永久
3,存储
3,入选
3,迫使
3,牟利
3,无关
3,成年人
4,职业道德
2,讲明
2,立德
2,生物质能
2,燃气轮机
2,派到
2,标的额
2,年货
2,布隆迪
2,山里
2,奥朗
2,全科
3,阿里巴巴
3,百年
3,第一线
3,文书
3,样子
3,大地
2,讲求
2,自诉案件
2,福音
2,监督者
2,混入
2,泥石流
2,州市
2,岂能
2,原平市
2,华盛顿邮报
2,关头
2,供销合作总社
3,博弈
2,黄洁
2,防弹衣
2,赶集
2,质证
2,西非
2,小手
2,到山
2,于立霄
2,供热
3,藏区
3,降到
3,承载
3,答复
3,常会
4,债券
3,美联社
3,扑灭
3,谱写
3,个部
3,白色
3,减税
3,内需
2,胡逸山
2,皇城
2,犹太教
2,击退
2,人命
2,曾就
4,不变
3,天津市
3,顺应
3,春天
4,复苏
2,砖瓦房
2,急促
2,内乱
2,兽药
2,传播者
2,企业经营者
3,国防科技
3,联合会
3,何在
3,诫勉
3,个性
2,诉讼费
2,生怕
2,湮没
2,新观点
2,政府网站
2,执法者
2,恶行
2,心得体会
2,不移
2,网络战
2,执行权
2,打断
2,商业机构
3,转账
3,珠海
3,技术创新
3,地质
4,放缓
3,无限
3,扭转
3,当作
2,通信网络
2,应用领域
3,节约
3,填写
3,病情
3,累
3,顾客
2,钢板
2,响声
3,高尚
3,输出
3,企业融资
3,不易
2,续写
2,约见
2,油品
2,案发地
2,办结率
2,农垦
2,中国人大
3,侵袭
2,局域网
3,第九
3,多层次
3,时空
3,回避
3,丧失
2,返程
2,晴雨表
2,双拥工作
2,凝结
3,等于
2,罪人
2,怒火
2,土方
2,中南部
3,人因
3,自制
3,记忆
3,新闻记者
3,太原市
3,发电
3,临近
3,东北地区
2,非洲地区
2,阿訇
2,诱惑力
2,玉宫
2,犯罪人
2,残杀
2,探视
2,史学
2,鄂尔多斯市
2,存量房
3,江西省
3,小事
3,激动
3,前夕
2,重合
2,贵在
2,游劝荣
2,成套设备
2,副司令
2,划清
3,契合
3,包装
3,诊断
3,家乡
3,相似
3,占有
3,不理
2,最全
2,普陀
2,实拍
2,坐下
2,含泪
3,计委
3,四人
2,随军
2,铸就
2,示范带
2,狩猎
2,易信
3,还原
4,澳大利亚
3,须要
2,挂账
3,好好
3,化工
3,隐蔽性
2,高墙
2,赤裸裸
2,治权
2,性命
2,宣传手册
2,张媛
3,精英
3,信赖
3,评审
3,例子
3,交叉
3,教堂
2,预知
2,维语
2,空虚
2,流利
2,拐弯
2,射杀
2,后加
2,乡音
2,世界政治
3,管委会
3,常大
2,百灵鸟
2,猎枪
2,棋牌室
2,情仇
2,弄潮儿
2,崔健
3,申办
3,微观
3,差不
2,颇感
2,行空
2,羁绊
2,电邮
2,意欲
2,乡情
2,中科
3,透明度
3,身着
2,高尔夫
2,贪欲
2,苦果
2,正派
2,团结互助
3,多辆
2,疑心
2,扫毒
3,政策性
2,私密性
3,马上
3,筹备
3,实物
3,反响
3,彩票
3,高兴
3,开辟
3,上缴
2,院里
3,杂志
3,多样化
3,一生
2,难进
2,过法
2,行贿者
2,犯错
2,步行街
2,拉关系
2,坐堂
2,党际
3,遗憾
3,竟是
3,失职
3,南宁
2,高台
2,雪豹
2,能化
2,级景区
2,纠偏
2,科技计划
2,方向性
2,常设
3,算是
3,省直
3,康复
3,合格
2,好报
3,身高
3,宁夏
3,测绘
2,险情
2,警惕性
2,河口
2,扒窃
4,房子
3,埃及
2,预设
2,邪说
2,通联
2,渭南市
2,残暴
2,教规
2,审查制
2,凶杀
2,军警
2,举出
2,临安
3,拖欠
3,人体
3,学法
2,求通
2,外化
2,发觉
2,区局
2,公权
2,供销社
2,会签
2,交待
3,安徽省
3,关押
2,神舟
2,批语
3,氧气
3,徘徊
2,呼叫中心
3,研究报告
2,频遭
2,聚力
2,绝佳
2,林木
2,战略决策
2,宛如
2,后备力量
2,刘云山
2,优越性
2,主产区
3,缩短
3,下达
2,裁量
2,篱笆
2,平板电脑
2,可耻
2,冰冷
2,公民权利
2,不廉
3,不合理
2,减肥药
3,替代
3,群团组织
3,被迫
3,余万元
3,位居
2,情爱
2,学生军训
2,中央社会主义学院
3,绩效
3,污水
3,务工
2,阿曼
2,身世
2,瓦砾
2,枪击事件
2,政法大学
2,手势
30,组织罪
30,李影超
2,昭通市
2,取暖
2,高层建筑
2,简短
2,欧亚大陆
2,党旗
2,信和
3,转为
3,火爆
2,除以
2,自主研发
2,暖流
3,滞后
3,三中全会
2,马航
2,震慑力
2,雨湖区
2,衙门
2,纷繁
2,民革
2,多边贸易
2,同党
2,刘明
2,香港理工大学
2,恩施市
2,广州市公安局
2,资源化
2,蓝皮书
2,机构人员
2,君子
2,单靠
2,共进
2,依赖度
3,农户
3,实干
3,中长期
3,脱离
3,返还
2,酷暑
2,讲故事
2,接任
2,招来
2,大义
2,冲击波
2,黄牛
2,虔诚
2,加里
2,刘多
2,关系学
3,读书
3,南沙
2,爆炸案
2,于任何
3,相反
2,针对性强
2,海外版
2,树人
2,收购价
2,农民增收
2,企业兼并
3,缺少
2,血样
2,爬起
2,民事纠纷
2,职责范围
2,灵通
2,派系
2,内河
2,修补
2,一键
2,盐湖区
2,工资福利
2,唱衰
3,精神病人
3,少将
3,对立
3,筹集
3,陌生
2,缘故
2,工程学
3,重庆市
3,上表
2,飓风
2,载有
2,相通
2,痛恨
2,案卷
2,林区
2,挺进
2,分利
2,翻开
2,继续教育
2,折旧
2,打折扣
2,急难
2,希冀
2,山体
2,史册
3,慢慢
3,开拓
2,返校
2,表彰奖励
2,湖面
2,媒体关注
2,哈拉
3,蒙古
2,趋同
2,见效快
2,拐骗
2,劝解
2,上诉人
3,隐蔽
3,纪念活动
4,症状
3,监察
3,住在
3,港台
3,展望
2,死难者
2,健步
2,干货
2,工作法
2,化作
2,勒索
2,中国通
3,不见
2,要紧
2,紧要
2,种业
2,相隔
2,整体性
2,政策文件
2,威望
2,南街
3,民族文化
2,公安人员
4,供应
2,进校
2,楚雄
2,博文
3,知识分子
2,越界
2,责任保险
2,次之
2,贴吧
2,头名
2,谋杀
2,西域
2,核武
3,通缉
3,宏观调控
2,螺旋桨
2,火箭弹
2,核军备
2,哨位
2,后撤
2,冲锋枪
2,催泪弹
2,让出
2,断定
2,大街小巷
2,决断
2,严苛
3,伪装
2,走过场
2,西山
2,带入
2,主政
2,民告官
3,湖北省
3,摆脱
3,中指
3,灭火
2,消防队员
2,小孩子
29,艾海提
2,轮椅
2,在先
2,信用社
2,举报者
2,长调
2,谩骂
2,胸怀
2,立法法
2,疾苦
2,收储
2,农田水利
2,关键点
2,一己
2,陈莉
2,苦练
3,问候
2,渗入
2,派别
2,政教
2,愉悦
2,义乌市
3,频率
3,拨打
2,钉子
2,迷失
2,公开化
2,难解
3,多元化
2,疏忽
2,冷链
2,余项
2,下工
2,踩点
2,毒贩
2,早市
3,循环
3,地图
2,聚众
2,直奔
2,懈怠
2,您好
2,北京青年报
2,中文国际
3,风格
2,产量达到
3,加工
2,联训
2,相待
2,孝顺
2,伊斯兰教协会
3,项目建设
3,研讨会
2,荣立
2,童声
2,王振
2,千秋
2,页岩
2,非典
2,重要会议
2,血脉
2,脸色
2,疲惫
2,特派
2,林场
2,开路
2,小贩
2,夹杂
2,天通
2,大马
2,作物
2,优势互补
2,人员培训
2,下到
2,骨肉
2,防涝
2,联组会
2,连着
3,晚报
2,对劲
2,脱掉
2,管理学院
2,口语
2,中法
2,驻点
2,流程图
2,退伍军人
2,衍生品
2,点子
2,建业
2,年长
3,想到
2,麾下
2,诋毁
2,旅行团
2,愤慨
3,放开
2,苏醒
2,王姓
3,学术
2,烟花爆竹
2,建设方
2,京津
3,传导
2,走完
2,民办教育
2,天平
2,只管
2,世界性
3,菲律宾
3,定于
3,拦截
2,售假
2,区位
2,高期
2,统计学
2,关活动
2,起身
3,冷战
2,马桶
2,死伤
2,惊恐
2,大团结
3,海南
3,投资基金
2,症结
2,点亮
2,核心能力
2,居于
2,总社
3,同一
3,老家
2,真善美
2,甘霖
2,及高
2,架设
3,客运站
2,大中
2,收网
2,口音
2,铁皮
2,鉴别
2,语气
2,立国
2,生活服务
2,席卷
2,冷暖
4,处分
3,年间
3,金融服务
3,也就是
2,阿拉伯人
2,重点建设
2,法条
2,沉甸甸
2,新社
2,大型商场
2,信息流
2,万分之
2,马两国
2,原平
2,隐匿
2,非理性
2,资源税
2,组织结构
2,研究人员
2,支农
2,地区性
2,借力
3,重复
2,海警
2,围栏
2,变通
2,仕途
2,主审
2,高扬
2,陨落
2,谚语
2,火种
2,欢声笑语
2,张宇
2,国语
2,司马义
2,必争之地
2,制发
3,量化
2,红亮
3,打压
2,藐视
2,萨那
3,常用
3,博士
2,阶梯
2,转交
2,离异
2,朴素
2,想定
3,领先
2,王鹏
2,洗礼
2,最高峰
2,搜索引擎
2,区划
2,劳动监察
2,乘法
3,落在
2,台海局势
2,忍不住
2,关于第
2,水果刀
2,女婿
2,头顶
2,国际收支
3,马克思主义
3,在场
3,机器
3,信用卡
2,复议
2,对等
3,共产党
3,片区
2,难看
2,时代精神
2,方位
2,改动
2,搭载
2,戴着
2,憧憬
2,存疑
2,山中
2,连日
3,银行业
2,轮廓
2,身患
2,奶酪
2,刘勇
3,山东省
2,熄火
2,儿媳妇
2,不正当竞争
2,脑袋
2,接受度
2,国歌
2,内罗毕
2,难忘
2,献身
2,殆尽
2,普通话
2,就任
2,地方性法规
2,不保
3,营业
2,元年
2,感知
2,天线
2,团团
2,官卖官
2,伸手
2,问号
2,跟帖
2,行政区
2,范例
2,管人
2,燃煤
2,开进
2,小儿子
2,详实
2,小队
2,奶茶
3,判决书
2,饲养
2,餐桌
2,跃居
2,自上而下
2,眼神
3,铭记
2,计征
2,法律问题
3,月初
3,李某
2,认错
2,联调
2,统一性
2,轮岗
2,法通
2,新城区
2,小兵
2,安全员
2,此刻
2,标记
2,国门
2,上门服务
2,信徒
3,想要
2,园区建设
2,赔礼道歉
2,盟国
2,未知
2,光彩
3,亲属
2,徐州
3,见证
2,腐烂
2,右腿
3,节奏
2,私信
2,楼体
3,业内
2,篇幅
2,煤气
2,大旗
2,力图
2,猥亵
3,高温
3,钢铁
2,难办
2,蕴藏
2,年轻化
2,友爱
2,先发
2,协调会
2,十国集团
3,车主
2,永不
2,新篇章
2,推崇
2,咸阳
2,一丝
2,族人
2,恩人
2,队形
2,名利
2,出山
2,收钱
2,威慑力
2,对台工作
2,腾飞
2,端正
2,毛病
2,春城
2,士气
2,精良
2,极品
2,旁听
2,忍耐
2,干劲
2,孙乾
2,优抚
3,合计
2,里拉
3,里面
3,班子
2,田间
2,心声
2,当官
2,他去
2,判赔
27,重奖
2,青年人
2,议事日程
2,电厂
2,深情
2,后劲
2,南非政府
2,半径
2,切身
2,练出
2,王蒙
2,基层建设
2,使领馆
3,好友
3,外汇
2,刊发
2,资源性
2,永兴
2,梯度
2,体育产业
2,交管
2,匕首
2,清真
2,欠缺
2,接班人
2,开班
2,复旦大学
2,冰雪
2,关注点
2,举起
2,调取
2,锋芒
2,魔鬼
2,张德江
2,塔吉克斯坦
2,轮流
2,沙特阿拉伯
2,时分
2,京城
2,监督举报
2,技术应用
2,打基础
2,心系
2,开垦
2,工程机械
2,小病
2,大头
2,增长极
2,加精
2,保不
2,不言而喻
2,方言
2,大公报
2,加工贸易
2,受益面
3,外交政策
2,顶尖
2,顶住
2,选择性
2,联邦政府
2,接纳
2,忍受
4,涨幅
3,家里
2,频出
2,布拉特
2,特别奖
2,有情
2,凝重
2,兼备
2,全民健身
2,高峰期
2,永州
2,民和
2,本意
2,帐户
2,大手
2,以求
3,门槛
2,民主联盟
2,德和
2,调离
2,庸俗
2,国际儿童节
2,药价
2,国际会议
2,预备
2,遗属
3,中共
2,同伙
3,车窗
2,非物质文化
2,身心
2,纠缠
2,比比皆是
2,旧城
2,建设管理
2,况下
2,令计划
2,中小学生
2,滥伐
2,长治市
2,送出
2,损毁
2,韦斯特
2,联合国安理会
2,夺走
2,起获
2,行进
2,国信
2,十家
2,凡事
2,中广
2,中安
2,不可逆转
2,枪口
2,敲门
2,高尔夫球
2,敲诈
3,可爱
2,主渠道
2,对峙
3,宏观经济
4,房屋
2,号角
2,内外部
2,乡政府
2,政府管理
2,合作交流
4,百分点
2,湖南卫视
2,提名奖
2,余处
2,余台
3,莫斯科
2,轻轨
2,浓郁
2,政府机关
2,作证
2,介于
2,为先
3,租房
2,四楼
2,立案数
2,溯源
2,大儿子
2,作价
2,个人利益
2,设法
2,爱护
2,深切
2,早年
3,明年
2,清贫
2,教风
2,寄宿制
2,北京电影学院
2,他律
2,喊话
3,精神病
2,张静
3,乐观
2,超低
2,电价
2,片面
2,灾情
2,沉默
2,放任
2,场次
2,古人
2,冶金
2,众人
2,墙体
2,讲清
2,荒唐
2,手脚
2,分量
2,人网
2,答道
2,邓某
3,女性
2,诚实
2,老兵
2,特殊性
2,宣传工作
2,学到
2,增减
3,首脑
3,纪录片
2,斯里兰卡
2,敛财
2,收手
2,独角戏
2,澳门回归
3,园区
2,防盗
2,门窗
2,详解
2,科学决策
2,海运
2,服务功能
2,审批程序
2,划出
2,黄金水道
2,轮休
2,驻军
2,各种各样
2,之本
2,菜刀
4,审计
2,水价
2,本色
2,堪忧
2,亲子
3,降幅
2,两极分化
2,靶子
2,营房
2,美国军事
2,无核化
2,官们
3,产权
2,暴风
2,惊叹
2,得益
2,待在
2,器械
2,可达到
2,广东省委
2,克里
2,豪迈
2,畏惧
2,玄武湖
2,院士
2,里程碑
2,说服
2,牵扯
2,压低
3,用力
2,西安市
3,本文
2,迂回
2,年两会
2,宣教
2,头版
2,印象深刻
2,拥抱
2,引人注目
3,工厂
2,追诉
3,劳动力
2,逆差
2,正月
2,有幸
3,不及
2,做饭
2,生成
2,狭窄
2,将就
2,家门
2,闻名
2,报称
2,外延
2,举债
2,当事国
2,人民政协
2,门类
2,活着
2,不好惹
2,同盟
2,锤炼
2,技术支持
2,议程
2,转业
2,开采
2,大战
2,高压线
3,石油
2,终点
2,月报
2,成一个
2,出走
2,工程院
2,宏大
2,优胜劣汰
2,亟需
2,遥控
2,推演
2,总司令
2,寓意
2,澳大
2,焚烧
2,极地
2,创纪录
2,全员
2,余万
2,节俭
2,收费项目
2,感触
3,新高
2,宣誓
3,县市
2,界别
2,邮报
3,监视
2,闯入
2,选民
2,互补性
2,技术标准
3,行李
2,应予
2,亚非
2,抢占
2,导游
2,商圈
2,求知
2,今秋
3,落地
2,过电
2,领悟
2,造诣
2,病魔
2,驶入
2,生物医药
2,照常
2,李娜
2,新局
2,增补
2,名声
2,医改
2,串联
2,中加
2,原谅
2,官商
3,降至
2,记者招待会
2,帐篷
2,冲动
2,迷茫
2,能比
2,流泪
2,晋中市
2,中坚
2,不可或缺
2,外国投资
2,心电图
3,触及
2,科学技术
2,号称
2,摘编
2,对撞
2,阻挡
2,最低点
2,踏实
2,粗糙
2,腐朽
2,上海市委
2,艾滋病
2,有趣
2,选址
2,看电影
2,搭台
2,户籍地
2,感激
2,对公
2,在行
2,准确性
2,中关
2,严肃性
2,两头
2,破冰
2,近代
2,愤怒
2,可怜
2,法理
2,归案
2,贸易额
25,王珏
2,长短
2,急诊
2,下一代
2,驶过
2,突击队员
2,宗教局
2,迄今为止
2,走来
2,熟练
2,时起
2,心地
2,外省
2,利器
2,住址
2,互换
2,猝死
2,死神
2,上届
2,喝酒
3,工会
2,讲究
2,解禁
2,学习型
2,同龄人
2,一言一行
2,一想
2,看清
2,深层
2,居首
2,国大
2,网络管理
3,工人
2,年代初
2,空防
2,炸毁
2,骄傲
2,大声
4,指数
2,失利
2,领军
2,耳朵
2,惨重
2,年检
2,调和
2,国旗
2,名誉
3,出让
3,入市
3,教学
2,贫穷
2,冬季
2,满载
2,分表
2,老干部
2,称作
2,大爱
2,可复制
2,珍爱
2,人民党
2,收缩
2,严谨
2,面向全国
2,肤色
2,陶瓷
2,小陈
2,分组
2,书展
2,越来
2,老区
2,普选
2,端倪
2,社区服务
2,棉花
2,心脏病
2,在即
2,人性化
2,不顺
2,面包车
2,早报
2,为重
2,上进
2,大衣
2,天河
2,要务
2,能手
2,提法
2,所知
2,减法
2,内蒙
2,解放军报
2,手榴弹
2,亚美尼亚
2,质量安全
3,普京
2,齐鲁晚报
2,长跑
2,透露出
2,同名
2,审判庭
2,客座教授
2,低级
2,健身
2,翻越
3,成都
2,日美
2,喜庆
2,出访
2,经济区
2,管辖权
2,擅长
2,指纹
2,表演艺术家
2,温州市
2,布什
3,舞蹈
2,高原
2,索贿
2,服务项目
2,命题
2,综述
2,卡巴
2,数学
2,华尔街日报
2,千年
2,遇难者
2,筛查
2,矿山
2,登记注册
2,生涯
2,日常工作
2,平衡点
2,下同
2,威廉
2,辩论
2,泛滥
2,高二
2,目标管理
2,上下级
2,社会生活
2,传奇
2,人民代表大会
2,院子
2,污染防治
2,截留
2,劳动保障
2,功能区
2,低头
2,西门
2,简洁
2,歌声
2,建树
2,华社
2,食堂
2,过热
2,一书
2,都来
2,细胞
2,生活环境
2,打响
2,基本形
2,变换
2,专业人员
2,官司
2,恪守
2,时出
2,学子
2,成人
2,心痛
2,应尽
2,各项活动
2,吃苦
2,人与自然
2,之源
2,过时
2,跟不上
2,浮出
2,放权
2,出新
2,内容包括
2,三轮车
2,女朋友
2,民族医药
2,文化交流
2,台风
3,预测
2,源自
24,董丹
2,上装
2,集约
2,铺开
2,消费税
2,偏离
2,体力
2,可贵
2,狭隘
3,期限
2,诟病
2,营商
2,生态保护
2,开来
2,建有
2,强硬
3,重庆
2,杨洁篪
2,轮胎
2,判定
2,评判
2,归纳
2,审定
2,创业投资
2,借给
3,继承
2,购物中心
2,提倡
2,自拍
2,悲伤
2,旅馆
2,犹豫
2,烧伤
2,外企
2,城市群
2,兑换
2,于该
2,搁置
2,正视
2,音乐学院
2,建制
2,再创
2,道出
2,绿色通道
2,曾因
2,数据分析
2,微笑
2,实为
2,头发
2,县级市
2,纯收入
2,拥挤
2,参股
2,废墟
2,术语
2,劲旅
2,求是
2,新疆生产建设兵团
2,新农
2,偏差
2,缺席
2,白天
2,视频资料
2,组织机构
2,生机
2,境地
2,人手
2,病菌
2,化脓
2,俞正声
2,越秀
2,魅力
2,换成
2,微型
2,大为
2,同在
2,再就业
2,他用
2,乡亲
2,之义
2,中央银行
2,肌肉
2,难民营
2,连队
2,新军事
2,已去
2,载入
2,功底
2,毛泽东
2,肚子
2,滑坡
2,每一次
2,支柱产业
2,悬挂
2,当做
2,审批事项
2,固化
2,升级版
3,股票
2,集市
2,推手
2,岛屿
2,评比
2,航道
2,紧接
2,点燃
2,大潮
2,前述
2,不仅如此
2,绿洲
2,宣传片
3,欺骗
3,不服
2,深夜
2,同级
2,村官
2,无一
2,数万
2,字样
2,外在
2,中医药
2,一对一
2,普法
2,规格
2,研究者
2,良心
2,徐州市
2,干什么
2,回访
2,协议书
2,内幕
2,毁灭性
2,利亚等
3,哈萨克斯坦
2,唱响
2,亲亲
2,预调
2,谈论
2,竞争性
2,空转
2,权益保障
2,政府机构
2,报到
2,年半
2,不尽
3,长沙
2,应用程序
2,防火墙
2,触动
2,绝望
2,得失
2,在后
2,中欧
2,不均
2,张斌
2,历史性
2,集合
2,厘清
2,务工人员
2,以期
2,举例
2,会面
2,饥饿
2,楷模
2,心血
2,心目中
2,园长
2,目击
2,泥巴
2,权责
2,多出
2,印度人
2,选派
2,社会经济
2,握手
2,互补
2,警醒
2,强制性
2,玫瑰
2,名家
2,新作
2,真切
2,晚饭
2,捐给
2,漏水
2,传言
2,于一些
2,中介服务
3,物业
2,进出
2,城市化
2,可行性
2,县域
2,做大做强
2,陈述
23,沙尔利
23,托合尼亚
23,坎达尔
2,雄厚
2,组合拳
2,现代农业
2,潇湘晨报
2,弱化
2,公益事业
2,交由
2,交火
2,讲道
2,写成
2,书本
2,党的建设
2,竞技
2,重构
2,节水
2,自动化
2,美国联邦
2,知晓
2,快讯
2,许会
2,支部
2,少见
2,同城
2,升高
2,事物
2,挂帅
2,课题组
2,困局
2,驶离
2,药品生产
2,昨晚
2,仓储
2,人多
2,国防建设
2,注册资本
2,抱团
2,原始
2,前任
2,代理人
2,富豪
2,编印
2,美股
2,外电
2,通俗
2,开发性
2,国务院法制办
2,阵营
2,答应
2,应付
2,木兰
2,文化发展
2,兴地
2,追赶
2,车间
2,清华大学
2,精神文明
2,乌法
2,雇员
2,要说
2,索取
2,环保局
2,文化教育
2,居高不下
2,出身
3,二季度
2,海防
2,南京大屠杀
2,失误
2,觉悟
2,畅谈
2,环保部
2,气温
2,合影
2,脖子
2,管理系统
2,章程
2,创立
2,美术
2,监护
2,激励机制
2,发展前景
2,劝阻
2,几率
2,联络
2,日本政府
2,能导
2,一侧
2,指派
2,饰演
2,高龄
2,新材料
2,惊讶
2,些小
2,编成
2,私家车
2,去向
2,新中国
2,败给
2,门诊
2,弊端
2,加一
2,事中
2,前年
2,动人
2,青春
2,贴息
2,累积
2,签名
2,数年
2,农业发展
2,饲料
2,获释
2,开学
2,身为
2,来往
2,文化生活
2,做生意
2,信誉
2,示意
2,坚固
2,撰写
2,店铺
2,对称
2,只不过
2,余家
2,僵尸
2,邮政
2,发来
2,为名
2,王岐山
2,庆祝
2,零部件
2,视角
2,带上
2,余元
2,遗留
2,致力
2,神经
2,媒体采访
2,如实
2,专注
2,资本金
2,大户
2,政变
2,战俘
2,应答
2,军委
2,拖拉机
2,徐家汇
2,进军
2,立起
2,明知
2,患有
2,建材
2,双赢
2,太空
2,共产党员
2,为生
2,三地
2,万辆
2,农药
2,地理
2,新年
2,为民服务
2,力求
2,缓刑
2,硕士
2,服务工作
2,不通
2,一群
2,自办
2,来回
2,座位
2,学科
2,伤病员
2,校对
2,村村
2,有偿
2,在意
2,惟一
2,国华
2,激增
2,温度
2,前十
2,不足以
2,不惜
22,昆明市中级人民法院
22,动漫网站
2,蓬勃
2,癌症
2,日来
2,挑选
2,一国
2,建党
2,寂寞
2,从北
2,二代
2,锦标
2,龙头企业
2,高标准
2,民情
2,切都
2,候车
2,货运
2,能进
2,鬼子
2,自卫
2,思想性
2,虚拟
2,盘点
2,道歉
2,理论研究
2,怀念
2,奏效
2,追缴
2,俱乐部
2,走过
2,直升机
2,作家
2,血液
2,管理条例
2,生病
2,奇怪
2,教学模式
2,激情
2,水电
2,有为
2,告别
2,离别
2,来源于
2,像是
2,个性化
2,景象
2,历时
2,北京大学
2,表扬
2,歌唱
2,实例
2,下列
2,亲密
2,生于
2,物理
2,水面
2,新鲜
2,亚欧
2,专案组
2,溺水
2,有如
2,征集
2,粗暴
2,海岸
2,世俗
2,索要
2,星期
2,首相
2,安全性
2,刑拘
2,写入
2,高科技
2,诸如
2,旺盛
2,当好
2,全国性
2,万家
2,公元
2,百名
2,白云
2,电视剧
2,位列
2,上千
2,重点项目
2,上台
2,全会
2,平凡
2,心理咨询
2,兴国
2,减速
2,保密
2,斯基
2,冲出
2,松绑
2,产业化
2,边缘
2,管理员
2,当成
2,好人
2,上新
2,中国化
2,高质量
2,肺炎
3,走势
2,吐槽
2,生产率
2,核电
2,停滞
2,补给
2,庄严
2,工资标准
2,人气
3,纪检监察
2,达标
2,葡萄
2,天然
2,自公
2,经济网
2,方便面
2,续航
2,上身
2,金融产品
2,工作日
2,对大
2,加元
2,开会
2,预估
2,红肿
2,执着
2,发到
2,充足
2,金色
2,航运
2,妹妹
2,国家队
2,同等
2,跟随
2,完工
2,并能
2,悉尼
2,今晚
2,生产力
2,最长
2,不宜
2,异议
2,会场
2,拍照
2,前途
2,法依
2,时有
2,辉煌
2,大类
2,精密
2,弱点
2,足以
2,创始人
21,同盟军
3,艺术
2,西班牙
2,激进
2,海湾
2,遵纪守法
2,遗产
2,通用
2,积分
2,卓越
2,避险
2,辅导
2,能达
2,先烈
2,流量
2,历程
2,区长
2,中新
2,准备金率
2,中包
2,海陆
2,题材
2,经典
2,证券化
2,烟台
2,新颖
2,有益
2,家住
2,医疗队
2,争夺
2,资讯
2,礼金
2,微调
2,台阶
2,休闲
