366,导弹
379,武器
325,作战
356,美军
186,雷达
277,战争
183,发射
192,战机
226,伊拉克
414,系统
262,飞机
260,装备
244,海军
516,美国
169,直升机
123,制导
238,部队
298,能力
219,军事
287,目标
128,空军
177,攻击
142,飞行
133,研制
133,士兵
126,陆军
101,坦克
87,战斗机
311,进行
112,炸弹
85,航母
78,火力
105,空中
85,防空
113,性能
80,弹药
194,技术
97,战斗
85,飞行员
79,北约
88,战场
161,计划
71,激光
154,新华社
107,指挥
66,炮弹
76,演习
113,先进
51,弹射
107,军队
77,叙利亚
59,探测
114,设计
81,地面
75,步枪
72,无人机
51,海湾战争
46,炮兵
69,发动机
64,侦察
65,古巴
57,武器装备
65,精确
99,苏联
43,射程
53,巡航导弹
129,报道
70,试验
81,武装
50,潜艇
62,装置
81,改进
74,航空
217,中国
47,军事演习
49,联军
106,任务
56,爱国者
86,印度
191,问题
38,伊军
53,战术
85,欧洲
65,我军
86,大陆
48,对付
36,敌方
126,主要
39,驱逐舰
118,时间
80,俄罗斯
37,导引
144,国家
39,机翼
49,敌人
71,以色列
96,行动
37,红外
47,国防部长
109,地区
81,打击
91,举行
92,战略
97,包括
112,信息
148,发展
43,空袭
39,核武器
90,日本
77,联合
77,力量
66,会谈
119,公司
39,舰艇
43,致命
47,防御
104,方面
35,裁军
80,具有
88,中心
38,舰队
45,头盔
98,人员
63,基地
97,需要
74,能够
33,美英
38,萨达姆
96,提供
104,政府
43,卫星
51,干扰
32,微波
48,巴格达
43,防务
55,距离
62,新型
30,反潜
96,要求
56,电子
44,朝鲜
49,战士
40,机动
72,最大
30,服役
53,信号
64,总统
61,数量
61,用于
63,结束
26,推力
38,日军
27,步兵
63,生产
64,英国
75,安全
24,核潜艇
49,年代
65,决定
24,霰弹
82,重要
28,拦截
25,火炮
49,位置
29,进攻
57,产生
32,上空
44,安装
53,速度
60,台湾
23,单兵
23,脉冲
32,四代
41,配备
33,摧毁
29,军官
23,三角翼
66,发生
34,军方
51,优势
27,轰炸
27,司令部
70,成为
55,成功
27,遗骨
35,爆炸
41,照片
46,讨论
78,情况
23,着陆
28,军舰
35,机场
30,军区
41,奥巴马
23,英法
24,海军陆战队
57,研究
43,现有
22,特种部队
57,世界
23,狙击手
45,设备
52,结构
61,第一
23,传感器
52,造成
47,方向
60,作用
39,训练
90,工作
25,编队
20,敌军
24,穿透
39,数字
27,机身
31,对抗
46,发表
29,突击
26,重量
23,隐身
40,法国
22,测绘
40,相当
32,削减
42,谈判
49,范围
20,击中
44,升级
32,转弯
22,战车
39,情报
27,阵地
82,记者
42,宣布
24,火箭
25,监视
21,战区
37,袭击
42,科技
19,击落
44,准备
45,无法
18,弹匣
24,三代
36,胜利
28,条约
42,德国
52,双方
47,代表
29,柬埔寨
39,特点
20,天线
30,识别
54,解决
43,阶段
20,功率
19,集团军
41,拥有
37,威胁
38,周边
17,侦测
22,黎巴嫩
22,撤军
29,起飞
22,导航
23,布什
20,精度
20,五角大楼
40,快速
30,菲律宾
16,黄蜂
28,伤亡
44,高度
32,跟踪
34,观察
45,得到
53,增加
22,自卫队
21,轰炸机
16,低空
21,转业
33,第一次
42,协议
22,游击队
23,射击
47,这是
18,弹道导弹
46,达到
43,之间
43,看到
24,巴勒斯坦
15,火控
19,北洋
21,地中海
48,人民
17,轻型
32,组成
26,常规
18,试飞
30,通信
30,国防
28,发动
33,计算机
32,现代化
44,消息
25,官兵
19,交战
23,南部
35,只能
42,有效
45,基础
48,实施
16,航空母舰
16,美国空军
15,开火
44,历史
42,直接
23,上将
29,大规模
37,确定
18,控制系统
33,布局
29,反应
31,将于
27,学员
25,国会
19,民兵
26,联合国
49,继续
24,携带
41,条件
22,气象
31,破坏
23,垂直
13,排水量
14,轻武器
18,失速
26,验证
15,机载
21,命令
17,美国国防部
22,新一代
47,干部
31,小组
28,城区
24,平民
14,云层
45,实现
43,会议
45,发现
27,西方
15,开战
15,轻骑兵
14,友军
16,改装
25,泰国
17,护卫舰
28,类似
57,建设
28,冲突
14,巡洋舰
32,相比
39,进入
17,驻军
49,北京
51,今年
35,官员
25,生存
14,连队
36,强调
41,方式
16,电磁
16,半径
17,机型
20,国防部
20,兵力
20,电台
24,地下
31,设施
17,参战
16,形状
23,大大
18,战斗力
32,帮助
21,军人
32,增强
36,过程
16,无线电
42,出现
24,首都
27,联盟
15,投降
14,航程
19,出动
31,目的
18,沙特
24,越南
26,多种
35,措施
15,甲板
15,指挥官
17,威力
12,多用途
41,组织
34,获得
24,受伤
11,敌我
22,眼镜
35,执行
32,第二
16,加装
16,司令
15,伪装
17,安哥拉
28,保证
21,天气
31,工业
29,方案
34,超过
17,军备
28,最近
27,限制
12,超音速
17,太空
38,关系
17,型号
27,效果
34,和平
20,小型
24,运输
13,苏军
23,称为
30,系列
26,世纪
12,架次
15,前方
36,存在
18,自制
11,师长
17,附图
30,统一
41,加强
18,华盛顿
14,巴勒斯坦人
27,领导人
25,迅速
11,载荷
11,试射
26,反对
35,水平
31,明显
23,有限
32,保持
12,气动
12,格斗
16,卫国战争
25,签署
14,贝鲁特
28,附近
30,体系
24,运用
14,卡塔尔
17,缅甸
28,委员会
23,对方
42,合作
14,将就
19,阿富汗
28,民族
22,实力
19,主力
29,减少
17,北方
10,预警机
10,人造
12,新军事
16,日本政府
14,近距
19,航天
24,方法
32,指出
24,大型
32,环境
24,状态
14,卡车
35,显示
13,丛林
10,里弗
24,主动
29,分析
16,实战
32,我国
29,开发
13,据点
35,影响
21,危险
19,建筑物
27,专家
12,国防科技
31,调整
22,发言人
29,发挥
13,公报
10,菲美
15,仿制
24,很大
13,公爵
12,狙击
23,车辆
20,寻求
23,面的
25,上述
27,传统
19,相同
15,巴拿马
27,结合
21,高级
12,舰船
11,生化
26,考虑
15,民用
11,战力
37,项目
22,死亡
22,满足
24,面对
19,能量
14,金刚
14,反射
24,改变
20,采购
13,惯性
27,内容
13,指挥部
20,唯一
11,代号
29,领导
15,二代
11,海湾地区
27,原因
24,正式
25,小时
27,标准
24,困难
22,透露
12,续航
21,早期
10,养女
11,马丁
15,水面
13,经国
26,规模
22,正常
17,用来
15,政权
13,合成
14,中央军委
25,过去
18,授权
30,国际
25,购买
29,去年
26,综合
10,舰只
13,武装部队
13,上进
10,手榴弹
11,炸药
24,降低
21,恢复
21,应用
14,本刊
18,莫斯科
19,感到
23,声明
18,引进
17,最佳
14,高空
22,会见
25,实际
14,原理
25,保护
22,经验
18,失去
26,年来
13,微型
28,报告
21,达成
18,具备
20,讲话
12,替换
11,马那瓜
13,普京
9,侦察兵
12,图像
10,运载
13,强度
10,弹丸
11,利比里亚
16,运动
24,空间
19,是由
26,处理
12,纪念日
18,强大
19,生命
16,领土
9,上校
9,俯视
10,直升
17,局势
16,模型
8,射器
18,错误
14,坠毁
16,实验
9,英军
9,盟军
18,电脑
25,平台
19,复杂
15,民主德国
11,误伤
14,通用
18,放弃
10,命中率
10,海基
10,海防
11,阵线
12,地球
18,发出
20,机会
11,动武
21,合同
20,巨大
18,东西
8,歼击机
14,化学
9,暹粒
10,战舰
17,前往
15,沿海
15,预警
16,夫人
14,将军
19,下来
12,装有
14,器材
19,必要
18,同意
25,共同
15,巡逻
13,道歉
12,燃料
22,变化
11,光学
21,形势
9,兵器
20,功能
16,固定
12,部件
22,区域
15,发起
8,隔墙
21,事件
11,海盗
21,关键
8,台军
17,信息化
11,反击
10,尺寸
15,央视
10,小宝
17,会晤
11,中国军队
13,海域
15,足够
10,少将
25,坚持
9,三军
11,数字化
14,人民日报
10,参谋长
12,入侵
21,人士
17,适应
22,比较
10,激战
13,美国政府
11,出色
16,心理
17,巴基斯坦
10,极限
9,撞击
19,为主
21,选择
13,人工
17,部长
19,处于
16,展开
20,一名
12,终止
17,多人
19,程度
14,看出
12,保密
12,压制
24,不断
23,持续
8,美国众议院
13,通讯
17,独立
11,中国人民解放军
10,战时
9,投掷
8,斩首
19,重视
14,纪念
11,保卫
9,方位
15,协同
13,蒙古
10,记者招待会
16,容易
7,外军
19,负责
11,瑞典
17,地位
19,质量
14,驾驶
16,初步
10,打伤
8,卫队
10,近代
9,雷声
9,新式
9,韦尔纳
15,概念
20,整体
12,传输
8,雷电
8,降落
13,向前
19,第三
11,波兰
17,动力
19,面积
12,示威
8,科索沃
14,动作
14,海洋
15,定位
17,损失
19,访问
17,状况
12,地带
7,条令
8,哈瓦那
28,城市
9,苏丹
22,政治
16,民主
16,官方
9,西欧
17,表明
11,西哈努克
11,沙漠
8,刘华清
11,议员
13,也就是
10,置于
7,照相机
7,简氏
22,地方
9,老挝
12,全军
10,可靠性
9,下令
14,秘书长
9,负荷
7,盘旋
18,基层
12,广播
11,后勤
7,大炮
7,俄国人
11,南洋
11,研制出
10,海湾
13,东部
8,定型
15,立场
9,地形
19,努力
16,注意
11,模拟
12,交付
15,在内
9,多功能
9,敌对
14,革命
14,承认
8,远距离
12,管理工作
11,追踪
8,撒切尔
18,因素
16,上午
9,饱和
7,精锐
10,共和国
8,清泉
17,人们
10,防护
8,近海
9,减小
24,部门
17,确保
20,产品
12,西德
17,突出
12,初期
18,了解
11,外长
13,呼吁
21,稳定
8,洪山
8,电子设备
9,军转
9,东欧
22,单位
11,实验室
12,一行
12,边界
15,值得
13,说是
14,进展
9,照射
8,空降
20,机构
12,不久
10,神秘
9,机械化
18,公开
11,空气
13,加拿大
12,作业
11,宣称
11,显示器
10,人民网
15,欢迎
13,类型
9,科学家
7,乍得
11,被迫
16,思想
14,避免
14,实际上
7,厚度
10,杀害
8,组件
8,丧生
12,适合
12,否认
16,总体
10,退役
15,道路
10,坐标
11,脱离
16,引导
6,有源
17,全球
6,老战士
11,隐蔽
7,核力量
7,炮火
14,不够
14,治安
8,停火
14,贡献
13,离开
9,水域
9,迟浩田
16,党委
14,进程
12,激烈
8,重型
11,前进
9,分析家
15,自由
7,试探性
15,意义
9,白宫
19,中央
10,护航
16,万人
9,机群
10,中队
8,驻扎
12,并将
13,感觉
10,北部
16,办法
13,高速
8,来得
6,样机
8,尼加拉瓜
10,丧失
8,升空
13,签订
7,杀伤性
13,关心
15,所谓
9,以南
11,前苏联
19,重点
7,解放军报
15,实行
10,最小
8,侦察机
17,维护
6,扫雷
8,侵华
8,洛杉矶
6,机种
7,目标区
15,维持
7,燃油
13,评估
12,特征
10,凌晨
10,杂志
7,跳伞
7,伪军
10,遗憾
9,测量
8,吨位
9,便于
6,联队
12,延伸
10,缩短
11,将对
8,大口径
7,英勇
13,分子
7,过载
11,高温
22,发信
14,证明
9,基督教
11,总数
17,介绍
12,停止
9,国产
7,制式
10,另有
11,清楚
18,教育
9,效能
7,献身
9,镇区
7,光电
8,广州军区
8,老式
15,人数
7,模块化
7,感知
9,国际货币基金组织
9,物理
13,表演
10,抗战
10,电视台
10,变革
10,摆脱
9,防卫
6,骑兵
8,政府军
10,大幅度
9,分辨率
14,有所
6,阅兵式
7,华沙
7,军力
15,带来
10,独特
9,重心
12,证据
6,武装部
7,超视
19,规定
10,宪法
6,黑夜
8,参数
11,理想
7,综合国力
13,多个
12,允许
12,以前
11,遭到
11,不利
6,机舱
9,氧气
11,扫描
8,昼夜
14,检查
8,穆斯林
9,占领
11,以为
19,全国
8,编号
7,红军
9,锁定
13,承担
7,击穿
13,同志
13,不足
9,设在
10,不清
8,出击
11,公路
9,增大
8,抗日战争
8,自动化
8,演练
15,模式
11,最多
12,一致
12,转移
6,朝方
11,日至
15,主席
8,马尼拉
14,学习
9,机械
7,萨尔瓦多
7,侵入
9,报纸
12,普通
11,主张
14,良好
5,配用
9,伦敦
14,表现
18,开展
6,格鲁
6,议院
7,兔子
11,拒绝
8,撤离
6,军委
6,高能
7,游行
9,国情
12,普遍
11,设置
5,波斯湾
16,需求
10,中共
6,大西洋
8,大都
13,越来越
6,掩护
7,捕获
9,核查
16,公布
6,约旦河西岸
7,陆地
12,做到
8,中海
12,体现
7,迄今为止
8,看不到
9,无奈
10,标志
10,维修
20,数据
6,阵亡
5,麻雀
5,原型
5,北面
15,生活
8,历时
6,科威特
6,外形
7,燃烧
8,观看
5,投弹
8,曲线
13,趋势
8,动用
7,首脑
6,加沙
6,亚斯
8,高科技
8,首相
7,航线
7,解散
12,不到
10,研究所
5,总司令
9,新华网
8,艰苦
9,机器人
7,太阳
14,利益
5,编配
5,凸起
9,结论
11,肯定
12,手段
6,营区
8,冷战
8,登陆
6,牵引
7,设计师
9,同一
12,形式
9,交给
7,中国日报
6,搭载
8,决定性
6,指挥员
12,较大
6,装甲车
6,设计者
5,飞行器
10,所在
7,救护
10,紧张
8,约有
8,柏林
12,文章
9,所属
10,是从
11,老人
7,白天
7,损坏
6,空域
6,打仗
13,深入
13,人口
11,事故
7,防线
10,证实
9,估计
6,威慑
12,联系
15,领域
8,中部
9,可在
12,价值
12,成员
6,家伙
9,福建
10,大会
11,时期
10,企图
6,闹事
5,食者
5,核计划
5,机降
5,比克
5,假想
9,怀疑
6,补给
11,态势
6,观察员
9,中一
10,争取
10,多名
12,面临
10,相信
8,最初
6,什叶派
8,一代
7,封锁
10,材料
8,本土
10,兴趣
6,高性能
13,重大
8,风暴
6,毒气
10,已有
8,正面
9,有利
7,初始
8,周刊
10,经费
7,谴责
11,位于
7,口径
6,墙壁
8,三方
15,群众
9,获取
9,接触
10,上方
7,零部件
8,声称
7,前沿
5,全球定位
8,延长
6,里程碑
7,体积
5,敏捷
9,以往
7,邻国
5,洞穴
5,总参谋部
8,读者
7,故障
6,穿过
5,人民解放军
10,经历
10,澳大利亚
8,组成部分
5,分部
8,选用
8,爆发
8,土耳其
7,中断
6,预定
6,夺取
8,工作组
6,慰安妇
6,鬼子
7,江泽民
6,中止
8,剩下
8,为期
5,重量轻
5,美国防部
5,外型
5,体积小
8,科研
8,概率
7,高技术
9,意外
8,缩小
7,加力
5,转动
5,自己人
5,承包商
9,可能性
10,办公室
7,可以使
7,指令
4,中空
9,令人
5,摄像机
8,旨在
8,美方
8,动能
5,巴沙尔
5,上装
6,年代初
7,臭氧
5,中国空军
6,罪行
8,领先
8,他指
9,素质
7,可用
5,双目
6,并有
10,不要
10,说明
5,国议会
7,驾驶员
11,比例
8,警察
6,增资
11,召开
5,观察家
5,截面
8,角色
8,不知
8,听到
7,缺点
5,难民营
6,新世纪
5,加拉加斯
6,建制
6,综述
5,莫罗
5,德波
5,奎尔
8,每日
6,国务卿
7,部位
9,分配
11,最高
7,容量
4,团职
4,双星
4,三型
7,销毁
5,游艇
8,依赖
10,危机
8,总部
5,赴日
9,尊重
6,成形
5,已知
5,埃尔
5,仰光
6,开枪
6,台风
4,播撒
8,离世
8,试图
5,诱饵
5,并能
8,汇报
5,军火
5,交火
7,配有
5,胜负
9,正是
8,考验
5,反法西斯战争
5,战事
6,照相
8,罗马尼亚
7,颁发
6,西北
8,电视
6,头部
6,三角
5,旋风
10,统计
11,工程
5,底盘
7,简化
9,应对
7,正规
7,一面
6,动机
7,专用
6,瘫痪
9,建成
5,耗尽
7,竞赛
5,常规武器
5,万猜
7,波恩
5,长江口
10,原则
6,震慑
4,迫击炮
4,敌国
4,作战室
7,戈尔巴乔夫
5,约旦
5,顶部
7,遭受
6,中将
8,地点
9,释放
6,尾部
10,交流
6,附件
7,改为
6,优点
6,电池
5,盟国
6,订购
6,授予
6,金边
8,理由
6,冒险
4,阿帕奇
7,跟着
6,损伤
6,应付
8,有助于
5,贝克
5,自卫
5,烧毁
5,传给
5,可同
6,蜡烛
8,未能
8,补充
5,掠夺
6,太平洋
4,各种高
5,跑道
7,其中包括
8,等待
7,意大利
6,螺旋
6,航行
4,延时
4,军事医学
4,巨浪
7,频率
9,构成
6,被占领土
9,密切
6,特性
6,可达
8,测试
5,包围
5,攻势
6,庆祝
67,夜视
5,克拉克
5,空地
5,远洋
8,笔者
7,检验
5,有高
5,屠杀
5,子弹
4,康德
7,相当于
8,一轮
6,民德
6,逼近
4,地道战
4,伏击
7,打算
7,万名
5,黄勇
6,财力
4,迷雾
4,远东地区
4,叙利亚政府
4,兵营
9,广东
9,成果
5,山地
7,成员国
14,政策
9,年底
8,大国
5,永久性
9,费用
6,彩色
11,中方
8,学院
6,辅助
5,杀伤力
5,说服
6,姿态
5,开罗
6,加油
10,给予
8,通道
6,北京军区
11,精神
4,队形
6,种类
5,驻守
4,疾风
4,慰安
6,智能化
9,用户
8,特殊
8,总额
8,角度
6,物体
6,惩罚
6,世界各国
7,物质
6,称之为
7,日内瓦
4,康健
6,迫使
5,深水
9,合理
9,下午
10,总理
4,落伍
4,兵员
5,联邦德国
4,野马
9,预算
10,媒体
8,通讯员
17,经济
6,今晚
8,理论
4,穆斯
7,援助
5,简介
7,级别
63,米格
7,障碍
6,水准
5,参议院
5,众议院
4,二○
4,导轨
7,控
5,下一代
4,照会
5,获胜
8,批准
4,四化
5,曼谷
7,声音
5,秦基伟
6,争夺
7,编制
9,专业
6,任何一
5,设想
7,陷入
6,爱国
6,军民
6,参照
6,倾斜
4,印度人
6,金属
6,可靠
6,压缩
5,驻地
4,人事部
4,闪电
5,和谈
11,信区
5,议长
5,可疑
6,方针
5,犹太人
5,两用
7,恐怖
8,决策
6,全新
6,实时
7,家属
5,辩论
4,高速度
4,小山
6,着重
5,可根
6,人体
4,营房
8,日前
5,明说
5,渤海
7,本文
5,链路
5,密特朗
6,致使
7,说法
5,无辜
5,机体
4,传单
4,坚固
7,中国人
5,人质
4,交还
5,重创
5,转运
5,纵深
7,妇女
5,正向
4,地方法院
6,集成
6,扩展
5,取胜
6,相反
6,大小
9,先生
7,日晚
6,去世
4,弧度
6,眼睛
4,射频
6,不具
5,失踪
7,外国
4,负载
6,慢慢
7,提到
5,告警
7,冲击
7,交换
6,指示
6,纽约
7,走向
4,韩桑林
4,解阵
4,盖亚盖
4,差猜
4,造价
7,返回
6,到达
5,优异
4,越过
7,定向
6,庞大
8,供应
7,成熟
5,全都
4,菲律宾政府
7,差距
4,爆破
4,闪光
7,友好
5,最强
4,超级大国
5,大发
7,期待
4,永胜
6,设定
4,烟雾
6,代价
6,指责
6,上面
4,邻近
7,母亲
4,战法
6,区别
6,中午
9,告诉
4,美洲
7,进口
6,昆明
4,子系统
4,背包
4,阿勒
7,效应
6,解放军
5,多国
6,又是
8,采访
4,树林
4,巨资
4,共和党
7,条例
6,定义
6,探讨
5,装载
9,集团
5,第二次世界大战
4,网络中心
6,台海
3,沙城
3,武器库
3,别出
4,密特
4,奥恩
6,大队
6,西部
6,指控
4,法拉
4,扁担
7,预测
4,抖动
4,大马士革
7,缺乏
7,优先
7,警告
5,常见
4,战果
7,诉讼
5,服从
7,秩序
6,及其他
5,失事
4,误差
4,好过
4,俄国
4,战俘
4,俘虏
5,舒适
5,村庄
4,整备
6,伤害
6,都可
4,打官司
7,职责
7,相应
8,认真
6,上级
6,促使
6,月初
9,压力
7,年初
6,重要性
8,网站
6,见到
7,计算
5,牺牲
5,视察
5,全球性
3,航路
3,中国航天
3,高强
3,红海
4,僵局
6,发言
10,日月光
10,华站
5,奇怪
8,指导
5,海岸
6,向上
6,组建
4,黑暗
6,透明
4,国力
4,可说是
8,协调
5,操纵
4,本多
4,粉尘
4,干旱
4,可将
7,防止
6,组合
5,屏幕
4,混凝土
5,佩雷斯
4,飞马
7,挑战
5,辐射
7,覆盖
4,机组
4,下水
4,主动权
5,大气
4,波音
5,菲方
11,相关
5,目光
7,多年
4,警戒
4,微弱
5,蔬菜
5,朝鲜半岛
5,弱点
4,时效
7,现实
4,以高
6,深度
6,不错
7,事情
4,盟友
4,作证
6,完整
6,出发
5,辉煌
4,购进
4,设法
4,爱护
7,权利
4,国防建设
6,时刻
5,发扬
5,西班牙
3,美制
3,渡船
3,师部
3,加速度
5,一体
6,自主
8,导致
4,老兵
5,能达
5,引擎
5,单元
3,课目
3,被俘
3,美俄
6,平安
5,设有
5,数千
4,美国国会
4,应力
4,大功率
4,搜寻
6,寻找
5,送给
7,科学
11,资金
6,打开
4,毁坏
6,回答
5,相似
3,反扑
3,操作手
5,美的
6,协定
6,由此
7,资料
3,阿米
3,特拉
3,弹壳
4,出厂
4,应答
5,起步
5,测定
6,老百姓
6,外交
4,视线
4,入伍
5,投票
5,马上
5,匹配
4,碰撞
5,留在
5,不停
4,上起
3,廉明
6,第四
3,猫眼
3,机队
3,俯冲
5,暴露
4,新政府
4,当兵
5,颁布
6,分散
3,美国会
3,核裁军
3,布莱尔
5,人权
5,有意
3,技术先进
8,法院
4,直线
8,负责人
5,艰难
5,替代
4,军机
4,战役
5,发送
4,满载
6,很快
4,互换
9,调查
6,感谢
7,文件
5,花费
50,空战
3,金庸
3,军兵种
4,军事战略
3,可调
6,提前
6,别为
4,影子
3,清廷
4,空运
5,时报
6,阻力
6,反恐
3,油箱
3,据传
3,北斗
6,进步
5,人和
5,混乱
3,武备
7,安排
4,撤退
5,物资
4,单向
4,相连
5,战友
3,我向
3,上部
4,越好
4,申诉
4,仅能
3,波音公司
3,次长
3,极小
3,机能
6,担心
3,想定
5,一座
4,国际关系
3,方舟
3,战况
4,海区
4,驳回
7,对此
9,基金
6,做法
5,南方
3,实弹
6,副总
7,商业
4,击败
5,形态
5,教训
4,派生
5,伊朗
4,出庭
3,驱散
4,小于
6,主管
4,传来
5,截止
4,鲍威尔
4,挑衅
5,油门
5,直径
5,大脑
5,笑
5,可谓
7,核心
4,领袖
4,加密
4,路透社
7,程序
4,军费
3,晚清
3,哈马斯
4,灵活性
7,党员
4,缓和
3,成一种
4,大臣
3,旋转
4,先锋
4,精选
5,包含
5,带领
5,藏族
6,团结
3,红外线
47,舰船知识
3,卡斯
4,忘记
5,势力
5,谈到
5,失败
6,论坛
8,居民
3,里安
5,重复
5,万吨
4,载运
6,培养
3,高棉
4,中欧
6,担任
6,观点
6,愿意
3,总参谋长
4,容纳
4,低速
4,碎片
4,皇家
5,照顾
3,遗骸
3,售台
5,到来
4,向北
4,雄厚
8,机关
6,中美
3,安全部门
3,增派
5,时机
4,快讯
6,月底
7,成本
3,领空
3,朝廷
3,折叠
4,赞扬
4,派遣
4,批次
3,自适
3,向量
4,天后
5,干警
4,欺骗
5,赢得
6,特色
3,风浪
3,要员
3,致命性
6,有利于
3,成飞
3,正规军
3,枪口
4,暴露出
4,要说
5,武力
5,走进
4,商城
4,于其
5,短信
4,挑战者
3,飞过
3,向海
4,战备
4,西南
4,保护区
5,兄弟
5,连接
4,投产
5,不明
3,理查德
3,牦牛
3,冲锋
45,越军
3,发展计划
3,编成
3,厚厚
7,上升
5,针对性
3,越共
6,培训
4,起降
5,是不是
5,年中
3,不差
3,上安
4,视角
6,视频
6,民众
3,高下
6,心
5,传送
4,军工
5,是非
4,毒蛇
3,空洞
3,总政治部
4,德奎
4,镜头
5,选拔
5,祖国
5,不想
5,决心
5,媒体报道
3,刘建超
3,时间短
4,东西方
4,一群
3,译者
3,放电
5,聚焦
6,汽车
3,平洋
3,气泡
3,夺回
3,南向
4,车体
3,科特迪瓦
3,委内瑞拉
4,小龙
3,贝格曼
3,波尔
8,意见
4,演变
4,南北
5,转向
7,规划
3,向南
4,寿命
6,队员
4,国王
5,适当
5,座谈会
5,著名
3,抗衡
3,下工
3,大兵
3,领地
4,海面
4,其他国家
3,备用
3,还击
3,山谷
4,雪
5,人群
3,特技
7,发布
6,创造
3,生产技术
3,大将
3,里外
43,巷战
4,回去
6,低于
3,多吨
3,北欧
5,适用
5,轨道
4,运转
4,为首
6,符合
3,空防
6,亚洲
3,滑行
3,无敌
4,完毕
3,难找
5,起诉
3,清正
3,法令
4,跟随
6,转型
3,机理
3,上天
5,十年
4,抵达
3,詹姆斯
3,无核区
3,东区
4,国人
6,一家
3,缅怀
3,翻滚
4,直属
6,启动
7,明确
4,英雄
4,强国
9,推进
3,远比
3,组装
3,中型
3,公道
5,性质
4,只需
5,有着
3,王牌
3,隐蔽性
3,中国海
5,新加坡
4,逃跑
3,敬意
5,退出
4,限额
3,领海
3,油田
3,勇士
4,商谈
6,反映
4,限于
4,液体
6,来源
4,秘密
3,兰州军区
4,益于
3,统和
3,阿萨德
3,控诉
3,喀布尔
3,精良
3,跨入
3,标记
3,清朝
3,关押
4,地域
3,阿拉伯国家
3,合理化
4,负有
4,中都
3,波段
5,邀请
3,印度政府
3,旅顺
3,反对派
7,法律
4,场景
3,春季
3,力图
3,沈飞
3,卡斯特罗
5,毕业生
3,塔斯社
3,凯旋
3,公里处
3,吃上
4,船舶
5,解释
3,遗物
3,段建勋
3,鱼叉
5,显著
3,防水
3,士气
5,监测
3,紧凑
4,电源
5,损害
4,开辟
3,大洋
4,心愿
3,布鲁塞尔
4,玻璃
5,判断
3,投标
3,原子弹
4,用途
5,事务
3,好象
3,二次世界大战
5,日报
3,报导
3,惨遭
3,外表
3,乔治
5,主权
4,埃及
4,南中国海
3,标枪
4,扩散
3,专案
5,深刻
4,解决方案
4,徘徊
3,一时期
3,驱逐
4,一事
4,阐述
3,日下
3,通缉
4,为由
3,内置
4,进驻
3,解放区
4,抗议
4,克服
3,菲茨
3,苏两国
3,沃特
3,灭火
5,工具
3,测验
3,仪表
3,猛烈
4,稳定性
3,下图
5,上一
4,派驻
3,军事训练
4,芯片
3,降低到
4,限度
3,印度洋
3,哄抢
3,伊斯兰堡
7,下降
5,女儿
3,推断
3,周内
3,多天
5,居住
4,线路
4,恶劣
3,旗舰
3,假想敌
3,领导层
3,维也纳
4,多亿
4,公约
5,下方
4,气候
3,人眼
4,气息
4,不幸
5,配套
5,财产
5,来到
5,审查
4,东南亚
3,印巴
4,颈部
3,抗击
3,迂回
3,采纳
3,变形
3,使用者
5,承诺
3,武警部队
3,卫士
4,多辆
3,孟加拉国
3,陈旧
4,消失
4,天下
4,便宜
3,安宁
3,落入
3,铅笔
3,裁减
3,走路
4,港口
3,铭记
3,有数
3,大战
3,营地
3,成一个
3,长官
3,灵敏
3,商用
3,平日
4,熟悉
3,优于
3,草地
3,倍率
4,对待
3,顺序
3,年代中期
5,体制
3,聪明
38,网络版
4,猪肉
3,震撼
4,骨干
4,节点
3,择机
5,优化
4,定于
3,穿越
3,法宝
3,市中心
3,评述
3,产物
3,耗资
3,第７
4,过多
4,动员
3,清晨
4,指定
4,期满
5,先后
4,远远
4,原有
4,年时
3,只用
3,何方
3,加长
4,危房
2,飞机场
2,接合
2,总参
2,定购
2,地效
3,上得
5,转变
4,应有
4,占据
4,特定
3,味道
4,平壤
3,核试验
3,深层
5,纳入
3,运输线
4,东京
3,速率
4,顶
3,充当
3,主角
3,俗称
4,对比
4,关闭
3,记住
4,发达
4,长时
3,突破性
3,兼容性
3,抬头
4,缓慢
3,德通社
3,越来
3,亚美尼亚
5,对象
3,紫外线
3,海浪
4,频繁
3,长度
3,团员
4,注意到
4,请求
4,分为
3,一般性
3,集会
3,兴奋
3,逃生
3,利比亚
2,设计界
2,战报
2,师级
2,大显身手
6,加快
2,远去
2,西海
2,统率
2,结构设计
2,昌河
3,含量
3,印度尼西亚
3,决策者
3,维系
3,盂县
4,一人
8,社会
3,号召
3,卡梅伦
4,重申
5,时代
3,习俗
2,镜片
2,通信设备
2,游击队员
2,海疆
2,威胁性
3,明亮
4,回顾
3,总和
3,台湾海峡
4,里面
4,妥善
3,国际形势
3,偏离
4,满意
5,认识
5,最低
4,在一起
3,特长
3,大军
3,原料
4,回家
4,询问
3,以经济
7,住房
4,减轻
3,不计
2,耐久性
2,热源
2,轰鸣
2,费尔南德斯
3,台湾地区
3,世界反法西斯战争
3,办实事
3,立体
3,古代
3,较量
3,拼命
4,下去
3,寒冷
3,大为
2,光照
3,毛泽东
3,将领
3,星座
3,的卡
3,点燃
4,批评
7,制度
3,王子
3,尚无
3,解体
4,极端
3,目击者
3,商店
3,编者按
2,高程
2,钢筋混凝土
2,钟摆
2,考据
2,细菌战
2,操作员
2,干掉
2,帽檐
2,希拉克
2,外罩
2,击发
2,凸出
2,军服
2,三光政策
2,轻量
2,于要
35,地空导弹
3,起火
3,扩充
3,缴获
2,沙特政府
2,休会
3,高精度
3,马达加斯加
3,闭锁
3,隐藏
4,协助
4,各界
4,驱动
3,之地
3,选定
3,必要性
4,大火
3,数据统计
4,出于
3,指导思想
4,过来
2,舌战
2,结盟
2,安东诺夫
2,四面八方
2,名利
2,用材
3,刊物
3,仅次于
5,公安
4,平衡
2,近代化
2,迎击
2,毙伤
2,步兵营
2,数以百计
2,控制区
2,拉本
2,年鉴
2,伊尔
2,丘吉尔
4,年轻
3,运输车
3,原始
3,阵营
4,回到
2,军内
3,管辖
4,石油
3,乌兰巴托
2,质变
2,平坦
34,武装直升机
4,天津
5,有限公司
3,四月
3,天时
3,出自
3,一侧
4,总结
2,定单
2,兵器工业集团公司
2,免遭
2,中校
2,茂密
2,新闻处
2,手电
2,地勤
2,哨所
2,叫起
2,人亡
3,惊讶
4,共享
3,织
3,带到
3,去向
9,市场
3,加一
4,确认
5,近期
2,文传
2,准军事
2,中国中央军委
3,累积
4,谈话
3,血缘
2,非金属
2,莫属
3,利亚尔
3,任命
3,带上
4,迹象
4,人类
3,救灾
4,难题
4,用人
4,丰富
6,机制
5,平均
4,小学
2,驶来
2,选型
2,设计工
2,火药
2,李新
2,接线
2,官们
3,透过
3,联合体
3,受损
4,移动
4,主题
3,构筑
4,伙伴
4,事实上
2,科特
2,叙政府
3,重重
4,客观
3,弧形
3,遗体
3,温度
3,交谈
2,费心
2,自给
2,勇斗
2,优先权
2,锋利
2,超宽
2,设计制造
2,孙悟空
2,同安
3,阿拉伯
3,歹徒
3,分成
2,皮带
2,游击战
2,沙地
2,推演
2,度越
2,垮台
2,非人
2,村山富市
2,战犯
2,岛链
2,尹卓
2,右倾化
2,南德
5,国务院
5,律师
3,新德里
3,牢固
3,西北部
3,参谋
2,程式
2,元器件
4,韩国
3,管理条例
3,日本人
4,成效
3,磋商
3,借口
3,走廊
4,现状
2,附则
2,排长
2,对敌
3,星期
3,归还
3,剧烈
2,马特
2,进发
2,窠臼
2,宝石
3,灾难
3,安全性
2,螺旋桨
2,火箭弹
2,核军备
2,哨位
2,后撤
2,冲锋枪
2,催泪弹
3,诸如
2,返航
2,蘑菇云
2,电线杆
2,惊慌
2,后部
2,不详
2,调运
2,波斯尼亚
2,希尔
2,其量
3,上千
3,胸部
4,知识
3,中大
3,仪器
3,院校
3,边缘
4,智慧
2,回击
2,修筑
3,高质量
3,有时候
3,眼前
3,传出
3,示意
3,查明
3,装入
3,缺氧
3,奴隶
2,电子元件
2,潜水艇
4,前景
4,自然
5,广州
3,右侧
3,样子
3,对大
3,惊人
3,建起
3,尊严
2,总则
3,转入
3,充足
3,统治
2,猎犬
2,咸菜
2,实用性
3,降到
3,节省
3,同等
4,继承
3,端的
3,英国政府
3,社论
3,一开
4,山西
3,白色
2,巴尼
2,余生
2,余座
2,蒙方
2,美式
2,在野
2,印度斯坦
3,综合性
3,前途
2,锂电池
4,思路
4,对外
2,财经网
2,外购
2,国防大学
2,其人
2,元凶
2,上下级
2,迫切性
3,空白
3,短缺
3,取决于
3,偏低
2,索赔案
3,含有
3,口号
3,海部
3,武警
3,队长
3,累
3,工艺
2,地面站
2,右眼
2,可疑人
2,中国远征军
3,担负
3,丢失
3,迈出
3,输出
3,历程
3,不易
3,输入
3,步骤
2,混战
2,功劳
3,萝卜
2,米内
3,工程师
3,回避
3,等于
2,霸主
3,记忆
2,无核化
2,土层
3,密码
3,人选
3,有益
4,身份
3,供电
2,蹲点
2,泰晤士报
2,摘录
2,大过
2,周就
2,前轮
3,英语
2,气流
31,机头
31,战斧
4,国有
2,重力
2,想像
2,堪培拉
2,中段
4,队伍
3,实有
2,雪中送炭
4,对话
2,静默
2,牺牲品
3,东海
3,阻断
3,变为
3,伊斯兰
3,跨越
3,阵容
3,平面
4,还要
4,中新网
3,缺陷
3,意图
3,班级
2,花招
2,航向
2,机关报
3,常大
2,耄耋老人
2,单色
2,侧记
2,仰视
3,差不
3,困
2,铺平
2,配制
2,小范
2,中看
3,全线
2,突袭
2,附录
2,铁塔
2,救生
2,后座
2,联成
2,动力学
3,修复
6,落实
3,不安
3,模范
3,底部
3,来访
3,挂钩
2,海岸线
2,察看
2,嘴巴
2,徐向前
2,领头
2,预想
2,行三
2,不意
3,权限
3,方将
2,比高
2,出山
3,看见
2,致伤
2,关塔那摩
2,克里斯蒂
2,司令员
2,出口到
3,论证
4,成绩
3,麻烦
2,讯息
2,管理系
2,埋伏
3,南朝鲜
2,公墓
3,一流
2,闷热
2,会合
4,软件
3,专利
4,用水
3,首要
3,意向
3,人事
2,量身定做
2,纽曼
3,坚守
4,周期
30,空空导弹
30,引信
2,军团
2,多年以来
2,行不通
3,迫切
3,中表
4,朋友
4,北京市
3,新闻网
3,基建
3,记得
2,造船
2,坡度
2,亲历者
4,海外
2,能飞
2,炊事班
2,东南部
2,赫德
2,公海
2,停战
3,欧美
2,筹组
5,网络
3,道理
3,忽视
2,薄膜
2,欧洲人
3,上演
2,活体
2,岩石
3,策划
2,罪恶
2,政变
2,员额
2,拨开
2,十月
3,对立
2,西藏高原
3,带有
3,开幕
3,分布
3,全世界
4,态度
3,可以通过
2,热带
2,躲过
2,挫败
3,路径
3,签字
3,好处
3,递交
2,油料
2,运河区
2,苏德
2,王生良
2,杨跃华
2,朗达军
2,抛撒
2,奥尔特加
2,克里姆林宫
2,以色列政府
2,亚尼
2,东岸
2,路向
2,被占
2,现正
2,暂时性
2,图中
2,会会
4,评价
3,看着
3,知识分子
2,靶子
2,美国军事
2,社会党
2,后继
2,阳性
3,审判
2,路途
2,特别关注
2,断面
2,周后
2,升到
2,决胜
2,物理学
4,事业
3,不仅仅
3,聚集
3,中指
3,攻坚
29,飞弹
29,视镜
29,攻击机
29,改进型
2,气象局
2,比奥
2,单臂
2,单发
4,环节
2,守卫
3,想法
2,毕竟我
2,兰迪
2,毁损
2,跨过
2,由美国
2,悬殊
2,出乎
2,倒霉
3,开支
3,电路
3,揭开
3,地图
3,决不
3,中华
2,超高速
2,法国政府
3,加工
2,看清楚
2,演戏
2,派兵
2,护送
2,强征
3,弥补
2,三度空间
3,密集
4,电话
2,太久
3,提及
3,例行
3,趋于
3,敦促
2,刘建
2,显示系统
2,使用方便
3,伪造
2,无碍
3,长江
3,想象
3,受害者
3,对手
4,探索
2,兴衰
2,之用
2,大气层
4,局长
2,幸免
3,辞职
2,理会
2,环绕
2,环渤海
2,两旁
3,薄弱
3,进度
2,老实
2,美联社
2,助推器
2,分段
2,于我
2,中流砥柱
2,对撞
2,海尔
3,率领
2,血案
2,竖起
2,渥太华
2,河谷
2,出兵
2,建军
2,催化剂
2,上司
2,二层
3,显得
3,老家
2,不畏
3,爱好者
2,先烈
2,第３
3,马里
2,布满
2,茨基
4,工作人员
2,存储器
4,指标
4,青年
3,梦想
3,敏感
5,行为
2,科学研究
2,破损
3,高压
2,机时
2,召唤
3,有没有
2,炸毁
2,忘不了
4,宣传
3,合适
3,参观
3,常用
3,后果
28,拉姆斯
2,自强
2,惨烈
2,庆祝活动
2,压倒
2,践踏
2,风力
2,车等
3,落在
2,米高
2,陷于
2,曾于
2,细看
2,空隙
2,安全区
2,南京大屠杀
3,过度
3,得知
3,阳光
3,不在
3,给出
3,回忆
2,鲜有
2,西区
2,扫清
2,前所
2,于各个
3,干预
2,可进
2,低到
3,转化
2,翅膀
2,挥出
3,反复
2,配套齐全
2,设计思想
2,样式
2,尾声
4,试点
3,中旬
2,阿基诺
2,远见
2,联接
2,开进
2,耳机
2,向心力
2,表演队
2,哨兵
3,落后
3,地震
2,易于
2,出海
3,物品
2,起落
2,租期
2,摩托
2,微星
2,怪物
2,走入
2,胜任
2,无助
3,检测
3,分歧
2,耶路撒冷
3,想要
2,雷日科夫
2,温室
2,护卫
2,呼应
2,农作物
2,格拉
2,清扫
2,大雨
2,丢掉
3,见证
3,信任
2,多极化
2,而定
2,效仿
2,改组
2,上个世纪
2,难办
2,应和
2,赵南起
2,硝酸银
2,忏悔
3,纪录
3,窗口
2,生死
3,政府部门
4,运行
4,交通
2,样板
3,前面
2,敏锐
2,技术指标
2,霸王
2,中泰
2,存贮
3,陕西
3,当局
3,清晰
2,突击队
2,外销
3,倾向
2,火球
2,多事
2,让步
4,申请
2,辜负
2,日通
2,侯赛因
3,忠诚
27,战斗部
27,座舱
2,深情
2,朝鲜中央通讯社
3,后续
2,航空航天
3,看法
2,机务
2,有事
2,俄方
3,高效
4,近日
2,越野车
2,联合国宪章
2,深入到
2,沙特阿拉伯
2,时分
2,并同
2,硝烟
3,第三世界
2,备件
2,四方
2,爆炸声
2,已去
3,正义
3,所得
2,轴心
2,应变
3,禁止
3,国家安全
2,失灵
2,南京军区
2,窒息
2,深思
2,沿岸
2,刹车
5,推动
2,可用性
2,射手
2,拥有量
2,全景
3,仪式
2,法西斯
2,逃逸
2,盒子
2,开阔
4,强化
2,巡航
3,等一
2,近乎
3,视力
2,通往
2,简直
2,相融合
2,更少
2,体能
2,变数
3,脱落
2,白菜
2,大利
2,一新
3,听取
3,办公
3,指针
2,国安
3,晚上
3,路线
6,投资
3,担忧
2,达卡
2,奇招
2,开关
2,革命性
2,常驻
2,固体
3,明年
2,投影
2,谢罪
2,练习
2,步行
2,报废
2,成大
3,副主席
3,一体化
2,潜入
2,幸存者
2,车载
2,补偿金
2,狭小
2,本社
2,地利
2,兵团
2,忙碌
2,长根
2,头条
2,中东地区
2,搁浅
2,多余
3,同步
2,浓雾
2,证人
2,深感
3,途径
3,示范
3,高层
3,传递
2,体罚
4,资源
2,还债
2,带队
3,迎来
3,曝光
3,选举
3,工厂
2,赶往
2,技法
4,犯罪
2,狭窄
2,检索
2,噩梦
2,先期
3,重伤
2,认罪
4,警方
2,五月
3,效益
3,伟大
3,导向
2,种菜
2,技术支持
2,其生
3,人道主义
2,象是
2,社会问题
2,生产商
2,法新社
2,卢布
2,毁灭性
4,扩大
2,得当
2,不复存在
2,名叫
2,开玩笑
2,后发
2,极地
3,新高
2,好奇
3,教练
2,稠密
2,第１
2,宽度
5,责任
3,分裂
2,每年举行
2,无人区
2,向导
2,自决权
2,过电
2,创刊
2,班长
2,无忧
2,新机
2,练兵
4,规范
2,鼠标
2,王朝
2,国都
2,中坚
2,帅
2,号称
3,列入
2,测评
2,气体
2,外交政策
2,原定
2,博大
2,渐进
3,树立
3,义务
2,太远
2,产品开发
3,方便
3,负担
3,有力
2,罗马
2,水源
25,进气道
25,主战
25,中程
2,仿真
2,之声
3,访华
2,而出
2,成败
2,偏僻
3,杀死
2,中和
2,内战
3,审议
3,工会
2,运送
2,生活区
3,运作
2,比利时
2,并作
2,国大
2,决策层
3,工人
2,换取
3,遭遇
3,主导
2,成功率
4,学校
2,苏伊士运河
2,电讯
3,教学
2,花圈
2,低劣
2,称作
2,国别
2,掌声
3,放在
2,送至
2,日程
3,局面
3,推荐
2,打骂
2,避开
2,岛国
2,科研成果
2,在即
3,比赛
2,发展经济
2,惊险
2,信息网
2,暴雨
2,相近
2,推测
2,作法
3,成都
3,上来
2,传到
2,中第
2,不降
2,上游
2,贝尔
2,生产中
2,登山
2,比尔
2,高原
2,集结
2,可知
2,触发
2,精简
2,独有
2,消灭
2,柴油
2,执行官
4,住宅
2,题词
2,争吵
2,路段
2,车队
2,来不及
2,会议室
2,郊外
2,国务委员
2,有用
2,喜爱
2,死角
3,推广
2,问世
2,都来
2,纵观
3,之路
2,力大
2,天空
2,备战
2,中产
2,航空公司
2,新设
2,金盾
2,高潮
2,如愿
2,前去
24,挂载
24,卡宾枪
2,愉快
2,因应
3,半年
3,框架
2,逃脱
2,近半
2,流血
2,安心
2,壮观
2,曲折
2,方来
3,作风
2,展为
2,劣势
2,于该
3,赔偿
4,月份
2,婴儿
2,高昂
2,有所不同
2,微笑
2,在场
3,注重
4,上海
2,持久
2,严密
2,分队
2,黎明
2,第２
2,极性
2,过人
2,求是
2,妥协
3,公民
2,珍贵
2,起开
2,必经
2,扬子晚报
2,帝国
2,陷阱
3,新疆
2,座椅
2,概括
2,不说
2,历任
2,丢下
2,快捷
2,纵向
2,禁区
2,用作
2,成分
2,机长
2,山区
2,同级
2,数万
3,协会
2,戈尔
2,小偷
3,委员
2,兼容
2,七年
2,大海
2,贫富
2,政府机构
2,打赢
2,在后
2,四周
2,三国
3,统筹
2,集合
2,增设
2,根部
2,节日
2,飞跃
2,审视
2,吃惊
2,减负
3,平稳
2,自行车
2,重任
2,要闻
2,无缝
2,颜色
2,样品
2,跳楼
4,促进
3,协商
2,商人
2,苦难
2,文革
2,来都
2,马德里
2,自然界
2,升高
2,兰州
2,骚乱
2,墨西哥城
2,世上
2,人时
2,金融时报
2,伤势
2,远东
2,痕迹
2,中标
2,隶属
2,透视
2,线条
2,罢工
2,答应
2,并存
2,轨迹
2,车间
2,法则
2,尺度
2,精彩
2,巴方
3,优秀
2,强迫
3,觉得
2,亦可
2,脖子
2,功夫
2,电流
4,西藏
2,诚意
2,宾主
2,森林
2,农田
2,余年
2,半岛
2,邓小平
2,象征
2,筹建
2,检阅
2,情景
2,闪烁
2,棍棒
3,引发
2,数年
2,地表
2,身为
2,场面
2,公安部门
2,出版社
2,威海
2,撰写
2,建房
2,对称
2,回头
2,大屏幕
2,阿尔
3,专题
2,相差
2,浓度
2,应为
2,启示
2,舒服
2,神经
2,百人
2,长篇
2,外面
2,开发经营
2,空前
3,信心
2,难民
2,二天
2,逃离
2,誉为
2,共产党员
2,世界银行
2,一世纪
2,右翼
2,地理
2,中东
2,雨水
2,小标题
2,厉害
2,之多
3,集体
2,调查报告
2,毫无疑问
2,画面
2,赌博
2,酸雨
2,同类
2,成都军区
2,意志
3,前提
2,估算
2,不足以
22,萨姆
22,短程
22,构型
2,大一
2,颇为
2,一国
2,星光
2,开机
3,设立
2,身亡
2,险些
2,大选
2,日方
2,提议
2,切都
2,停产
2,比率
3,短期
2,受限
2,减缓
2,兼顾
2,欧共体
2,行政管理
2,生长
2,中用
3,矛盾
2,趋向
2,发展方向
3,斗争
2,失衡
2,催生
2,送来
2,景象
2,宴请
2,高低
2,与会者
2,新鲜
2,农场
2,睡觉
2,克什米尔
2,假设
3,非法
3,大学
2,公元
2,制成
2,考量
3,市民
2,忽略
2,宽广
2,细致
2,减速
2,海峡
2,看似
2,加热
2,卸载
2,沉重
2,在任
2,博物馆
2,改编
2,天然
2,劳工
2,能见度
2,营救
2,执着
2,认知
2,耐心
2,争论
3,人才
2,强力
2,实名
2,卫星定位
2,最长
2,异议
2,规避
2,惩戒
2,出路
2,时有
2,大面积
2,大类
3,贯彻
2,上用
2,无效
21,视距
21,杀伤
21,机动性
21,弹头
2,建国
2,热潮
2,过渡
2,臭氧层
2,一句话
2,管道
2,漂亮
2,更快
2,新进
2,火焰
2,拉开
2,高等
2,水泥
2,助推
2,皮肤
2,复制
2,所用
2,人因
2,潮流
2,冲向
2,中国外交部
2,崩溃
2,激动
2,前夕
2,侵袭
3,意识
2,总线
2,受阻
2,诊断
2,疑问
2,家乡
5,增长
2,中巴
2,占有
2,分离
2,致信
2,镜子
2,须要
2,好好
2,停留
2,人民大会堂
2,体重
4,价格
2,处理器
2,表面
2,渗透
2,定制
2,责任感
2,完美
2,国军
2,入学
2,无需
2,例子
2,患病
3,行政
2,战胜
2,清醒
2,贮存
2,区分
2,摆在
2,战略性
2,恐惧
2,全过程
4,服务
2,楼房
2,客车
2,高兴
2,艰巨
2,多样化
2,多见
2,意思
2,算是
2,答案
3,公共
2,气氛
2,合一
2,身高
2,拖欠
2,上诉
2,畅通
2,哈尔滨
2,自愿
2,好事
2,列为
2,中日
2,期望
2,陕西省
2,尴尬
2,纠正
2,毕竟
2,反映出
2,真相
20,电子战
2,广阔
2,吸引力
2,大楼
2,赶走
2,杀手
2,自称
2,着手
2,题为
2,所说
2,定为
2,不当
2,轻度
2,同伴
2,视野
2,模糊
3,房屋
2,语言
2,一波
2,移交
2,日发布
2,年到
2,起义
2,截获
2,瑞士
2,近年
2,史上
2,年期
2,大桥
2,话筒
2,中国共产党
2,上表
2,生物
2,等级
2,推迟
2,拍卖
2,没收
2,美丽
2,提问
2,坐在
2,不见
2,更换
2,早上
2,和解
2,下面
2,称号
2,衡量
2,浪费
2,国民党
2,调动
2,顾问
2,遵循
2,第六
2,为人
2,助理
2,事宜
2,转换
2,电网
2,版本
2,国民经济
2,行驶
2,峰会
2,夏季
2,普及
2,检察官
2,房间
2,在建
2,想到
2,大于
19,进气
19,菲尔德
19,攻击型
19,改型
19,反坦克导弹
2,边防
2,放松
2,学会
2,使命
2,指引
2,确立
2,索马里
2,回报
2,细节
2,翻译
2,失明
2,年间
2,感情
2,适时
3,力度
2,支队
2,现出
2,双边
2,凸显
3,财政
2,本地
2,每一个
2,每一
2,东亚
2,南非
2,绝不
2,疑似
2,面前
2,记者会
2,油气
2,感受
2,也就是说
2,长远
2,国土
2,印象
2,复兴
2,高速公路
2,部副
2,中华人民共和国
2,增多
2,处在
2,中央政府
2,新京报
2,伴随
2,李鹏
2,议题
2,西安
2,报价
2,抢救
2,激发
2,红色
2,转让
2,外界
2,噪声
2,细菌
2,准则
3,土地
2,联网
2,演讲
2,同胞
2,尝试
2,海拔
2,钢铁
2,游戏
2,研究员
2,奖励
2,不适
2,姐妹
2,一声
2,动态
2,周二
2,习惯
18,运输队
18,北越
2,严峻
2,发展道路
2,南斯拉夫
2,规律
2,参考
3,互联网
2,好友
2,提交
2,热情
2,煤炭
3,黄金
2,家里
2,增进
2,电压
2,手指
2,回来
2,代表团
3,监督
2,调解
2,电力
2,积累
2,体验
3,完善
2,面部
2,团伙
2,遵守
2,步伐
2,不符
2,智能
2,全区
3,文化
2,反馈
2,法制
2,右手
2,缓解
2,身体
2,喜欢
2,施工
2,难度
2,日常
17,掩体
17,挂架
17,抗干扰
17,反坦克
17,万爱花
2,便利
2,全体
2,三年
2,补偿
2,一道
2,法规
2,卫生
2,总经理
2,充满
2,触及
2,街道
2,集群
2,退休
2,防范
2,山东
3,风险
2,到位
2,外交部
2,公正
2,情绪
2,前期
2,扎实
2,思维
2,手续
2,理解
2,使馆
2,获悉
2,强劲
2,增幅
2,背后
2,毕业
2,待遇
2,友谊
2,格局
2,提醒
2,南京
2,吸引
2,刺激
16,幻影
16,吊舱
2,从事
2,视为
2,认定
2,食品
2,收获
2,英镑
2,经理
2,策略
2,成长
2,教授
2,累计
2,欧元
2,父母
2,网友
2,农民
2,民间
2,审批
2,祝贺
2,呈现
2,岗位
15,高炮
15,集束炸弹
15,电场
15,敌机
15,尾翼
15,升力
2,职务
2,一带
2,权益
2,竞争
2,背景
2,渠道
2,建筑
2,阅读
2,权力
2,两岸
14,弹道
2,通报
2,库存
2,保险
2,香港
2,涉及
2,基础设施
2,现象
2,执法
2,健康
2,一线
2,医院
2,交易
13,鱼雷
13,空地导弹
13,火箭炮
13,布里安
13,国民军
13,佩带
13,主战坦克
2,农村
2,习近平
12,诺斯罗普
12,自行研制
12,红土地
12,穿甲
12,洛克希德
12,榴弹炮
12,榴弹
12,接收机
12,夜战
12,发射架
2,序列
2,贷款
11,相控阵
11,涡流
11,毁伤
11,枪管
11,信息战
11,主翼
2,创新
2,上涨
2,预期
10,近程
10,近战
10,装填
10,猎人
10,成像
10,弗兰克斯
9,鬼怪
9,马赫
9,郑鑫
9,艾布
9,磅同
9,爱尔兰人
9,步兵师
9,核导弹
9,换装
9,幼畜
9,干扰机
9,威利
9,兵种
9,佩尔曼
8,高攻角
8,蓝军
8,蒙罗维亚
8,英国皇家空军
8,船舶工业
8,翼展
8,穿甲弹
8,炮塔
8,步战车
8,增强器
8,喷嘴
8,双座
8,双发
8,南黎巴嫩军
8,升限
8,加油机
8,前缘
8,击毁
8,军事情报
8,僚机
8,传声器
8,云雾
7,龙眼
7,马德望
7,飞毛腿
7,阵列
7,配属
7,超限战
7,视场
7,西科斯基
7,航宇
7,空基
7,炮兵营
7,榴弹发射器
7,机枪
7,教练机
7,工事
7,实验机
7,增强型
7,响尾蛇
7,后坐
7,原型机
7,军种
6,马蒂
6,雄猫
6,陆基
6,陆军航空兵
6,贝格
6,萨阿德
6,空速
6,科奇
6,涡扇
6,海啸
6,测距
6,气动力
6,梳风镇
6,核子
6,核威慑
6,本尼
6,有效射程
6,数据链
6,怀特
6,微光
6,弹库
6,布撒
6,垂尾
6,向地
6,叫道
6,化武
6,前视
6,军械
6,二○○五年
6,中尉
5,马立克
5,风洞
5,音速
5,霍克
5,陆军师
5,防区
5,长矛
5,铁桶
5,装药
5,美伊战争
5,缠斗
5,红箭
5,素臣
5,精度高
5,短距
5,矢量
5,瞄准器
5,电磁波
5,电磁兼容
5,炮兵团
5,灵巧
5,海战
5,活塞
5,沃兹登
5,气雾
5,桨叶
5,格鲁曼
5,枪托
5,末段
5,曼格
5,晏明
5,旋翼
5,敢死队
5,推重比
5,拉普斯
5,投降书
5,手持式
5,布雷
5,坦克师
5,周起
5,发射器
5,单筒
5,克拉克空军基地
5,停泊
5,信号处理
5,伊拉克人
4,马温加
4,飞行表演
4,飞控
4,陆战
4,阿比让
4,速度可达
4,输送车
4,贫化
4,贝内利
4,诡道
4,西布兰
4,蒙哥马利
4,营长
4,肩背
4,罗加级
4,综合化
4,索沙
4,米厚
4,空勤
4,空优
4,科宁
4,祖典
4,碘化银
4,破片
4,瞄准镜
4,目镜
4,监测网
4,电磁能
4,电子技术
4,特莫
4,炮艇
4,温压弹
4,渖阳
4,消雾
4,海下
4,波克
4,汉姆
4,歼灭
4,歼敌
4,歼击
4,核动力
4,枪弹
4,板门店
4,机炮
4,朝鲜战争
4,星座号
4,无尾
4,拦截器
4,扫荡
4,战地
4,战和
4,张连忠
4,师团
4,布里
4,守备
4,声纳
4,增益
4,地面控制
4,后掠角
4,史海烟云
