516,美国
414,系统
379,武器
366,导弹
356,美军
325,作战
311,进行
298,能力
287,目标
277,战争
262,飞机
260,装备
244,海军
238,部队
226,伊拉克
219,军事
217,中国
194,技术
192,战机
191,问题
186,雷达
183,发射
177,攻击
169,直升机
161,计划
154,新华社
148,发展
144,国家
142,飞行
133,研制
133,士兵
129,报道
128,空军
126,陆军
126,主要
123,制导
119,公司
118,时间
114,设计
113,性能
113,先进
112,炸弹
112,信息
109,地区
107,指挥
107,军队
106,任务
105,空中
104,方面
104,政府
101,坦克
99,苏联
98,人员
97,需要
97,战斗
97,包括
96,要求
96,行动
96,提供
92,战略
91,举行
90,日本
90,工作
88,战场
88,中心
87,战斗机
86,大陆
86,印度
85,飞行员
85,防空
85,航母
85,欧洲
82,重要
82,记者
81,武装
81,改进
81,打击
81,地面
80,弹药
80,具有
80,俄罗斯
79,北约
78,火力
78,情况
77,联合
77,叙利亚
77,力量
76,演习
75,步枪
75,安全
74,航空
74,能够
72,最大
72,无人机
71,激光
71,以色列
70,试验
70,成为
69,发动机
67,夜视
66,炮弹
66,发生
66,会谈
65,精确
65,我军
65,古巴
65,决定
64,英国
64,总统
64,侦察
63,结束
63,米格
63,生产
63,基地
62,装置
62,新型
61,第一
61,用于
61,数量
60,台湾
60,作用
59,探测
57,研究
57,武器装备
57,建设
57,产生
57,世界
56,电子
56,爱国者
55,距离
55,成功
54,解决
53,速度
53,战术
53,巡航导弹
53,增加
53,信号
52,造成
52,结构
52,双方
51,海湾战争
51,弹射
51,干扰
51,优势
51,今年
50,空战
50,潜艇
49,范围
49,联军
49,继续
49,敌人
49,战士
49,年代
49,北京
49,位置
48,巴格达
48,对付
48,实施
48,人民
47,防御
47,这是
47,舰船知识
47,方向
47,干部
47,国防部长
47,军事演习
47,代表
46,达到
46,讨论
46,炮兵
46,发表
45,越军
45,设备
45,无法
45,得到
45,实现
45,头盔
45,基础
45,发现
44,高度
44,消息
44,朝鲜
44,安装
44,历史
44,升级
44,准备
43,阶段
43,防务
43,致命
43,空袭
43,看到
43,现有
43,巷战
43,射程
43,卫星
43,会议
43,之间
42,谈判
42,科技
42,直接
42,有效
42,德国
42,宣布
42,合作
42,协议
42,出现
41,配备
41,组织
41,照片
41,条件
41,方式
41,拥有
41,奥巴马
41,加强
40,相当
40,法国
40,机动
40,快速
39,驱逐舰
39,进入
39,训练
39,舰艇
39,特点
39,核武器
39,机翼
39,数字
39,情报
38,萨达姆
38,舰队
38,网络版
38,日军
38,周边
38,关系
38,伊军
37,项目
37,袭击
37,红外
37,确定
37,导引
37,威胁
36,过程
36,胜利
36,敌方
36,强调
36,存在
35,裁军
35,爆炸
35,水平
35,机场
35,显示
35,措施
35,执行
35,影响
35,官员
35,地空导弹
35,只能
34,超过
34,观察
34,获得
34,武装直升机
34,和平
34,军方
33,计算机
33,美英
33,第一次
33,摧毁
33,布局
32,转弯
32,跟踪
32,组成
32,第二
32,相比
32,现代化
32,环境
32,指出
32,我国
32,微波
32,帮助
32,增强
32,四代
32,削减
32,保持
32,上空
31,调整
31,设施
31,破坏
31,目的
31,机头
31,明显
31,战斧
31,工业
31,小组
31,将于
31,对抗
30,通信
30,识别
30,菲律宾
30,统一
30,系列
30,空空导弹
30,服役
30,引信
30,国际
30,国防
30,反潜
30,军区
30,体系
29,飞弹
29,领导
29,进攻
29,起飞
29,视镜
29,突击
29,柬埔寨
29,方案
29,攻击机
29,改进型
29,开发
29,大规模
29,发挥
29,反应
29,去年
29,分析
29,减少
29,军官
28,附近
28,类似
28,民族
28,条约
28,最近
28,拦截
28,拉姆斯
28,报告
28,委员会
28,城市
28,城区
28,发动
28,冲突
28,军舰
28,保证
28,伤亡
27,领导人
27,限制
27,阵地
27,遗骨
27,轰炸
27,西方
27,联盟
27,结合
27,步兵
27,标准
27,机身
27,效果
27,战斗部
27,座舱
27,学员
27,司令部
27,原因
27,内容
27,传统
27,专家
26,验证
26,重量
26,规模
26,联合国
26,考虑
26,综合
26,推力
26,年来
26,常规
26,多种
26,处理
26,反对
26,世纪
25,进气道
25,过去
25,迅速
25,购买
25,编队
25,签署
25,监视
25,生存
25,火炮
25,泰国
25,平台
25,小时
25,实际
25,官兵
25,坚持
25,国会
25,共同
25,保护
25,主战
25,中程
25,上述
24,首都
24,面对
24,霰弹
24,降低
24,部门
24,运输
24,运用
24,越南
24,穿透
24,空间
24,状态
24,火箭
24,海军陆战队
24,正式
24,核潜艇
24,方法
24,改变
24,携带
24,挂载
24,很大
24,平民
24,巴勒斯坦
24,大型
24,地下
24,困难
24,受伤
24,卡宾枪
24,主动
24,不断
24,三代
23,面的
23,隐身
23,车辆
23,英法
23,脉冲
23,称为
23,着陆
23,狙击手
23,有限
23,持续
23,布什
23,射击
23,对方
23,大大
23,声明
23,垂直
23,南部
23,单兵
23,传感器
23,上将
23,三角翼
22,黎巴嫩
22,透露
22,萨姆
22,自卫队
22,经验
22,短程
22,眼镜
22,特种部队
22,满足
22,游击队
22,测绘
22,气象
22,比较
22,死亡
22,正常
22,构型
22,新一代
22,政治
22,撤军
22,战车
22,导航
22,实力
22,地方
22,变化
22,发言人
22,发信
22,单位
22,区域
22,会见
21,高级
21,选择
21,达成
21,轰炸机
21,转业
21,视距
21,稳定
21,杀伤
21,机动性
21,早期
21,战区
21,恢复
21,形势
21,弹头
21,应用
21,天气
21,地中海
21,命令
21,合同
21,危险
21,军人
21,关键
21,人士
21,事件
20,采购
20,讲话
20,精度
20,电子战
20,电台
20,机构
20,机会
20,整体
20,数据
20,敌军
20,巨大
20,小型
20,寻求
20,天线
20,国防部
20,唯一
20,功能
20,功率
20,击中
20,兵力
20,产品
20,五角大楼
20,一名
19,面积
19,集团军
19,阿富汗
19,重视
19,重点
19,进气
19,质量
19,负责
19,访问
19,规定
19,菲尔德
19,航天
19,能量
19,第三
19,程度
19,相同
19,生命
19,民兵
19,是由
19,攻击型
19,改型
19,感到
19,必要
19,建筑物
19,复杂
19,处于
19,反坦克导弹
19,北洋
19,努力
19,击落
19,出动
19,全国
19,交战
19,主力
19,为主
19,中央
19,下来
18,错误
18,运输队
18,试飞
18,莫斯科
18,自制
18,电脑
18,沙特
18,教育
18,放弃
18,控制系统
18,授权
18,战斗力
18,强大
18,弹道导弹
18,弹匣
18,引进
18,开展
18,失速
18,失去
18,基层
18,因素
18,同意
18,发出
18,华盛顿
18,北越
18,具备
18,公开
18,了解
18,东西
17,驻军
17,附图
17,部长
17,适应
17,轻型
17,表明
17,美国国防部
17,缅甸
17,维护
17,经济
17,突出
17,确保
17,用来
17,独立
17,状况
17,机型
17,最佳
17,掩体
17,损失
17,挂架
17,护卫舰
17,抗干扰
17,巴基斯坦
17,局势
17,安哥拉
17,威力
17,太空
17,多人
17,型号
17,地位
17,反坦克
17,参战
17,北方
17,动力
17,前往
17,军备
17,全球
17,信息化
17,侦测
17,会晤
17,介绍
17,人们
17,万爱花
16,黄蜂
16,领土
16,需求
16,运动
16,航空母舰
16,美国空军
16,电磁
16,注意
16,民主
16,模型
16,日本政府
16,无线电
16,改装
16,总体
16,思想
16,心理
16,形状
16,引导
16,幻影
16,展开
16,容易
16,实验
16,实战
16,官方
16,夫人
16,固定
16,吊舱
16,司令
16,卫国战争
16,半径
16,加装
16,办法
16,初步
16,公布
16,党委
16,低空
16,上午
16,万人
15,高炮
15,领域
15,预警
15,集束炸弹
15,道路
15,轻骑兵
15,足够
15,自由
15,群众
15,维持
15,立场
15,电场
15,甲板
15,生活
15,火控
15,沿海
15,水面
15,民用
15,民主德国
15,欢迎
15,模式
15,概念
15,机载
15,敌机
15,政权
15,指挥官
15,投降
15,所谓
15,意义
15,开火
15,开战
15,带来
15,巴拿马
15,巡逻
15,尾翼
15,实行
15,定位
15,央视
15,在内
15,发起
15,协同
15,升力
15,前方
15,值得
15,伪装
15,仿制
15,人数
15,二代
15,主席
14,高空
14,驾驶
14,革命
14,金刚
14,避免
14,通用
14,连队
14,进程
14,进展
14,近距
14,轻武器
14,贡献
14,贝鲁特
14,证明
14,表现
14,良好
14,航程
14,纪念
14,秘书长
14,看出
14,海洋
14,治安
14,检查
14,本刊
14,有所
14,政策
14,承认
14,弹道
14,巴勒斯坦人
14,巡洋舰
14,将就
14,将军
14,实际上
14,学习
14,坠毁
14,器材
14,反射
14,友军
14,原理
14,卡车
14,卡塔尔
14,化学
14,动作
14,利益
14,人民日报
14,云层
14,中央军委
14,不够
13,鱼雷
13,高速
13,重大
13,道歉
13,通讯
13,趋势
13,越来越
13,说是
13,评估
13,表演
13,蒙古
13,苏军
13,美国政府
13,经国
13,类型
13,签订
13,空地导弹
13,离开
13,火箭炮
13,深入
13,海域
13,武装部队
13,普京
13,排水量
13,据点
13,指挥部
13,承担
13,感觉
13,惯性
13,微型
13,强度
13,布里安
13,多个
13,国民军
13,呼吁
13,向前
13,同志
13,合成
13,加拿大
13,分子
13,关心
13,公爵
13,公报
13,佩带
13,人工
13,人口
13,也就是
13,主战坦克
13,东部
13,丛林
13,不足
13,上进
12,面临
12,部件
12,适合
12,边界
12,较大
12,转移
12,超音速
12,诺斯罗普
12,证据
12,西德
12,装有
12,舰船
12,自行研制
12,联系
12,续航
12,终止
12,纪念日
12,红土地
12,管理工作
12,穿甲
12,示威
12,狙击
12,特征
12,燃料
12,激烈
12,洛克希德
12,气动
12,榴弹炮
12,榴弹
12,格斗
12,架次
12,替换
12,普遍
12,普通
12,新军事
12,文章
12,接收机
12,手段
12,成员
12,形式
12,延伸
12,广播
12,并将
12,夜战
12,多用途
12,地球
12,地带
12,图像
12,国防科技
12,否认
12,发射架
12,压制
12,初期
12,全军
12,入侵
12,允许
12,停止
12,做到
12,保密
12,作业
12,体现
12,传输
12,价值
12,以前
12,交付
12,不到
12,不久
12,一行
12,一致
11,高温
11,马那瓜
11,马丁
11,隐蔽
11,阵线
11,遭到
11,追踪
11,载荷
11,资金
11,误伤
11,试射
11,设置
11,议员
11,西哈努克
11,被迫
11,脱离
11,肯定
11,老人
11,精神
11,空气
11,研制出
11,相控阵
11,相关
11,生化
11,瑞典
11,理想
11,炸药
11,清楚
11,涡流
11,海盗
11,海湾地区
11,波兰
11,沙漠
11,比例
11,毁伤
11,模拟
11,枪管
11,最高
11,最多
11,显示器
11,时期
11,日至
11,数字化
11,敌我
11,拒绝
11,扫描
11,战力
11,总数
11,态势
11,师长
11,工程
11,将对
11,宣称
11,实验室
11,外长
11,后勤
11,召开
11,反击
11,南洋
11,动武
11,前进
11,前苏联
11,利比里亚
11,出色
11,公路
11,光学
11,信息战
11,信区
11,保卫
11,位于
11,以为
11,代号
11,事故
11,主翼
11,主张
11,中方
11,中国军队
11,中国人民解放军
11,不利
10,预警机
10,防护
10,里弗
10,遗憾
10,退役
10,近程
10,近战
10,近代
10,运载
10,说明
10,证实
10,记者招待会
10,装填
10,菲美
10,舰只
10,置于
10,缩短
10,维修
10,统计
10,给予
10,经费
10,经历
10,紧张
10,神秘
10,研究所
10,相信
10,直升
10,电视台
10,猎人
10,独特
10,激战
10,澳大利亚
10,海防
10,海湾
10,海基
10,标志
10,极限
10,材料
10,杂志
10,杀害
10,最小
10,是从
10,日月光
10,摆脱
10,护航
10,抗战
10,打伤
10,手榴弹
10,所在
10,战舰
10,战时
10,成像
10,总理
10,弹丸
10,弗兰克斯
10,已有
10,尺寸
10,少将
10,小宝
10,宪法
10,媒体
10,大幅度
10,大会
10,多名
10,坐标
10,命中率
10,可靠性
10,另有
10,变革
10,参谋长
10,原则
10,危机
10,华站
10,北部
10,办公室
10,凌晨
10,养女
10,兴趣
10,共和国
10,企图
10,人造
10,人民网
10,交流
10,争取
10,中队
10,中共
10,丧失
10,不要
10,不清
10,上方
9,鬼怪
9,马赫
9,饱和
9,预算
9,韦尔纳
9,雷声
9,集团
9,防卫
9,镇区
9,锁定
9,重心
9,释放
9,郑鑫
9,迟浩田
9,费用
9,负荷
9,调查
9,设在
9,西欧
9,获取
9,英军
9,苏丹
9,艾布
9,老挝
9,结论
9,素质
9,科学家
9,福建
9,磅同
9,盟军
9,白宫
9,用户
9,物理
9,爱尔兰人
9,照射
9,测量
9,水域
9,氧气
9,步兵师
9,正是
9,核查
9,核导弹
9,构成
9,机群
9,机械化
9,机械
9,机器人
9,有利
9,暹粒
9,无奈
9,方位
9,新式
9,新华网
9,敌对
9,效能
9,撞击
9,推进
9,接触
9,换装
9,报纸
9,投掷
9,所属
9,成果
9,意外
9,怀疑
9,建成
9,应对
9,广东
9,幼畜
9,年底
9,干扰机
9,市场
9,尊重
9,密切
9,威利
9,多功能
9,增大
9,基金
9,基督教
9,地形
9,国际货币基金组织
9,国情
9,国产
9,告诉
9,同一
9,合理
9,可能性
9,可在
9,压力
9,占领
9,分配
9,分辨率
9,分析家
9,减小
9,军转
9,兵种
9,兵器
9,先生
9,俯视
9,便于
9,侦察兵
9,佩尔曼
9,估计
9,伦敦
9,以往
9,以南
9,令人
9,交给
9,中一
9,东欧
9,专业
9,下午
9,下令
9,上校
9,三军
8,高科技
8,高攻角
8,驻扎
8,马尼拉
8,首相
8,风暴
8,领先
8,雷电
8,隔墙
8,降落
8,重型
8,采访
8,通道
8,通讯员
8,选用
8,远距离
8,近海
8,负责人
8,读者
8,试图
8,认真
8,警察
8,角色
8,角度
8,观看
8,补充
8,蓝军
8,蒙罗维亚
8,英国皇家空军
8,艰苦
8,船舶工业
8,自动化
8,考验
8,老式
8,翼展
8,美方
8,美国众议院
8,罗马尼亚
8,网站
8,缩小
8,编号
8,组成部分
8,组件
8,约有
8,等待
8,笔者
8,穿甲弹
8,空降
8,穆斯林
8,科索沃
8,科研
8,离世
8,社会
8,看不到
8,登陆
8,电视
8,电子设备
8,理论
8,理由
8,特殊
8,爆发
8,炮塔
8,演练
8,清泉
8,测试
8,洪山
8,洛杉矶
8,法院
8,汇报
8,每日
8,歼击机
8,步战车
8,正面
8,概率
8,柏林
8,来得
8,机关
8,本土
8,未能
8,有助于
8,最初
8,曲线
8,昼夜
8,旨在
8,日前
8,斩首
8,政府军
8,撤离
8,撒切尔
8,指导
8,抗日战争
8,批准
8,意见
8,总额
8,总部
8,延长
8,广州军区
8,工作组
8,居民
8,尼加拉瓜
8,射器
8,导致
8,定型
8,学院
8,大都
8,大国
8,大口径
8,声称
8,增强器
8,地点
8,土耳其
8,喷嘴
8,哈瓦那
8,周刊
8,听到
8,吨位
8,台军
8,双座
8,双发
8,参数
8,历时
8,卫队
8,南黎巴嫩军
8,协调
8,升限
8,升空
8,动能
8,动用
8,加油机
8,剩下
8,前缘
8,刘华清
8,击毁
8,出击
8,冷战
8,决策
8,决定性
8,军事情报
8,僚机
8,停火
8,侵华
8,侦察机
8,依赖
8,供应
8,传声器
8,他指
8,云雾
8,为期
8,中部
8,中海
8,丧生
8,不知
8,三方
8,一轮
8,一代
7,龙眼
7,高技术
7,驾驶员
7,马德望
7,首脑
7,飞毛腿
7,频率
7,预测
7,颁发
7,零部件
7,障碍
7,陷入
7,陆地
7,阵列
7,防线
7,防止
7,销毁
7,配有
7,配属
7,部位
7,邻国
7,遭受
7,进口
7,返回
7,过载
7,迄今为止
7,跳伞
7,跟着
7,超限战
7,超视
7,走向
7,资料
7,谴责
7,说法
7,试探性
7,诉讼
7,设计师
7,计算
7,警告
7,解散
7,解放军报
7,视场
7,规划
7,覆盖
7,西科斯基
7,萨尔瓦多
7,英勇
7,航线
7,航宇
7,臭氧
7,职责
7,缺点
7,缺乏
7,编制
7,综合国力
7,级别
7,红军
7,精锐
7,简氏
7,简化
7,竞赛
7,空基
7,程序
7,秩序
7,科学
7,相当于
7,相应
7,目标区
7,盘旋
7,白天
7,现实
7,献身
7,物质
7,燃烧
7,燃油
7,照相机
7,炮火
7,炮兵营
7,游行
7,波恩
7,法律
7,江泽民
7,母亲
7,正规
7,模块化
7,榴弹发射器
7,检验
7,核心
7,核力量
7,条例
7,条令
7,权利
7,杀伤性
7,机枪
7,本文
7,期待
7,明确
7,日晚
7,日内瓦
7,文件
7,教练机
7,救护
7,效应
7,故障
7,改为
7,援助
7,提到
7,控
7,损坏
7,捕获
7,挑战
7,指令
7,打算
7,成熟
7,成本
7,成员国
7,戈尔巴乔夫
7,感知
7,意大利
7,恐怖
7,年初
7,差距
7,工事
7,封锁
7,对此
7,容量
7,家属
7,实验机
7,定向
7,安排
7,妇女
7,太阳
7,大炮
7,多年
7,外国
7,外军
7,声音
7,增强型
7,商业
7,响尾蛇
7,后坐
7,可用
7,可以使
7,口径
7,发布
7,友好
7,原型机
7,厚度
7,华沙
7,加力
7,前沿
7,制式
7,制度
7,初始
7,击穿
7,冲击
7,军种
7,军力
7,其中包括
7,党员
7,兔子
7,光电
7,俄国人
7,侵入
7,体积
7,住房
7,伪军
7,优先
7,交换
7,事情
7,乍得
7,中断
7,中国日报
7,中国人
7,专用
7,下降
7,上升
7,万名
7,一面
6,黑夜
6,鬼子
6,高能
6,高性能
6,骑兵
6,马蒂
6,预定
6,震慑
6,集成
6,雄猫
6,陆基
6,陆军航空兵
6,附件
6,阻力
6,阵亡
6,队员
6,阅兵式
6,闹事
6,金边
6,金属
6,重要性
6,里程碑
6,都可
6,逼近
6,透明
6,迫使
6,进步
6,辅助
6,转型
6,财力
6,贝格
6,设计者
6,设定
6,论坛
6,议院
6,订购
6,解放军
6,视频
6,观点
6,观察员
6,见到
6,西部
6,西北
6,装甲车
6,被占领土
6,补给
6,螺旋
6,蜡烛
6,落实
6,萨阿德
6,营区
6,航行
6,致使
6,自主
6,联队
6,老百姓
6,老战士
6,罪行
6,综述
6,组建
6,组合
6,纽约
6,约旦河西岸
6,第四
6,符合
6,穿过
6,空速
6,空域
6,称之为
6,科威特
6,科奇
6,种类
6,着重
6,眼睛
6,相反
6,瘫痪
6,电池
6,由此
6,特色
6,特性
6,牵引
6,物体
6,爱国
6,照相
6,深度
6,涡扇
6,海啸
6,测距
6,汽车
6,水准
6,气动力
6,民德
6,民众
6,毒气
6,武装部
6,梳风镇
6,格鲁
6,核子
6,核威慑
6,样机
6,来源
6,机舱
6,机种
6,机制
6,本尼
6,朝方
6,有源
6,有效射程
6,有利于
6,月底
6,月初
6,智能化
6,昆明
6,时刻
6,方针
6,新世纪
6,数据链
6,搭载
6,提前
6,掩护
6,探讨
6,授予
6,损伤
6,指责
6,指示
6,指控
6,指挥员
6,担心
6,担任
6,投资
6,扫雷
6,扩展
6,打开
6,打仗
6,成形
6,慰安妇
6,慢慢
6,愿意
6,感谢
6,惩罚
6,怀特
6,心
6,微光
6,很快
6,彩色
6,弹库
6,开枪
6,建制
6,庞大
6,应付
6,庆祝
6,并有
6,年代初
6,平安
6,布撒
6,尾部
6,寻找
6,家伙
6,实时
6,定义
6,完整
6,威慑
6,姿态
6,夺取
6,头部
6,太平洋
6,大队
6,大西洋
6,大小
6,外形
6,外交
6,增资
6,墙壁
6,培训
6,培养
6,垂尾
6,国务卿
6,团结
6,回答
6,启动
6,向地
6,向上
6,台风
6,台海
6,可靠
6,可达
6,叫道
6,发言
6,反映
6,反恐
6,及其他
6,又是
6,参照
6,去世
6,压缩
6,协定
6,区别
6,北京军区
6,化武
6,动机
6,加油
6,加沙
6,加快
6,副总
6,前视
6,到达
6,别为
6,创造
6,分散
6,出发
6,军民
6,军械
6,军委
6,冒险
6,全新
6,做法
6,倾斜
6,促使
6,低于
6,伤害
6,优点
6,任何一
6,代价
6,今晚
6,什叶派
6,人体
6,亚洲
6,亚斯
6,二○○五年
6,争夺
6,主管
6,中美
6,中止
6,中尉
6,中将
6,中午
6,世界各国
6,不错
6,不具
6,上面
6,上级
6,三角
6,一家
5,黄勇
5,麻雀
5,驻守
5,驻地
5,马立克
5,马上
5,食者
5,飞行器
5,风洞
5,颁布
5,顶部
5,音速
5,霍克
5,难民营
5,陆军师
5,防区
5,长矛
5,长江口
5,链路
5,铁桶
5,针对性
5,重量轻
5,重复
5,重创
5,配用
5,配套
5,邀请
5,选拔
5,适用
5,适当
5,送给
5,退出
5,连接
5,远洋
5,近期
5,辩论
5,辐射
5,辉煌
5,转运
5,转向
5,转变
5,转动
5,轨道
5,跑道
5,起诉
5,起步
5,赴日
5,走进
5,赢得
5,责任
5,财产
5,贝克
5,谈到
5,说服
5,诱饵
5,设有
5,设想
5,议长
5,认识
5,解释
5,视察
5,观察家
5,西班牙
5,装载
5,装药
5,行为
5,藏族
5,蔬菜
5,著名
5,菲方
5,获胜
5,莫罗
5,花费
5,艰难
5,舒适
5,自己人
5,自卫
5,能达
5,胜负
5,聚焦
5,联邦德国
5,耗尽
5,美的
5,美国防部
5,美伊战争
5,网络
5,缠斗
5,编配
5,纵深
5,纳入
5,约旦
5,红箭
5,素臣
5,精度高
5,简介
5,第二次世界大战
5,笑
5,空地
5,秦基伟
5,祖国
5,短距
5,短信
5,矢量
5,瞄准器
5,相似
5,直径
5,目光
5,盟国
5,监测
5,留在
5,电磁波
5,电磁兼容
5,犹太人
5,牺牲
5,物资
5,照顾
5,烧毁
5,炮兵团
5,灵巧
5,游艇
5,渤海
5,混乱
5,深水
5,深刻
5,海战
5,海岸
5,测定
5,活塞
5,洞穴
5,波斯湾
5,油门
5,沃兹登
5,永久性
5,气雾
5,毕业生
5,比克
5,武力
5,正向
5,桨叶
5,格鲁曼
5,核计划
5,枪托
5,来到
5,村庄
5,杀伤力
5,机降
5,机体
5,末段
5,朝鲜半岛
5,服从
5,有高
5,有限公司
5,有着
5,有意
5,最强
5,最低
5,替代
5,曼谷
5,曼格
5,暴露
5,晏明
5,显著
5,是非
5,是不是
5,明说
5,时机
5,时报
5,时代
5,日报
5,无辜
5,旋风
5,旋翼
5,新加坡
5,数千
5,敢死队
5,教训
5,敏捷
5,攻势
5,操纵
5,摄像机
5,推重比
5,推动
5,掠夺
5,损害
5,拉普斯
5,投降书
5,投票
5,投弹
5,承诺
5,承包商
5,手持式
5,截面
5,截止
5,战友
5,战事
5,总司令
5,总参谋部
5,性质
5,德波
5,律师
5,形态
5,弱点
5,引擎
5,开罗
5,座谈会
5,底盘
5,广州
5,并能
5,年中
5,平均
5,干警
5,常规武器
5,常见
5,带领
5,布雷
5,巴沙尔
5,已知
5,工具
5,山地
5,屠杀
5,屏幕
5,居住
5,对象
5,密特朗
5,审查
5,子弹
5,媒体报道
5,女儿
5,奎尔
5,奇怪
5,失踪
5,失败
5,失事
5,大脑
5,大气
5,大发
5,多国
5,外型
5,增长
5,埃尔
5,坦克师
5,国议会
5,国务院
5,和谈
5,周起
5,告警
5,可谓
5,可疑
5,可根
5,可同
5,取胜
5,发送
5,发扬
5,发射器
5,反法西斯战争
5,双目
5,参议院
5,原型
5,南方
5,单筒
5,单元
5,十年
5,匹配
5,北面
5,包围
5,包含
5,势力
5,加拉加斯
5,到来
5,判断
5,分部
5,凸起
5,决心
5,军火
5,公安
5,全都
5,全球性
5,全球定位
5,克拉克空军基地
5,克拉克
5,先后
5,兄弟
5,停泊
5,假想
5,信号处理
5,佩雷斯
5,体积小
5,体制
5,传送
5,传给
5,优异
5,优化
5,众议院
5,伊朗
5,伊拉克人
5,仰光
5,人质
5,人群
5,人民解放军
5,人权
5,人和
5,交火
5,事务
5,主权
5,中国空军
5,两用
5,不明
5,不想
5,不停
5,下方
5,下一代
5,上装
5,上一
5,万猜
5,万吨
5,一座
5,一体
4,黑暗
4,鲍威尔
4,高速度
4,骨干
4,驳回
4,驱动
4,马温加
4,飞马
4,飞行表演
4,飞控
4,频繁
4,颈部
4,领袖
4,顶
4,韩桑林
4,韩国
4,青年
4,雪
4,雄厚
4,难题
4,限额
4,限度
4,限于
4,陆战
4,阿比让
4,阿帕奇
4,阿勒
4,队形
4,队伍
4,阐述
4,闪电
4,闪光
4,长时
4,镜头
4,野马
4,重申
4,里面
4,邻近
4,造价
4,速度可达
4,逃跑
4,迹象
4,迷雾
4,迫击炮
4,远远
4,远东地区
4,进驻
4,还要
4,近日
4,运转
4,运行
4,过来
4,过多
4,输送车
4,载运
4,软件
4,车体
4,身份
4,路透社
4,跟随
4,越过
4,越好
4,超级大国
4,起降
4,赞扬
4,资源
4,购进
4,贫化
4,负载
4,负有
4,贝内利
4,谈话
4,请求
4,误差
4,询问
4,诡道
4,试点
4,评价
4,设法
4,警方
4,警戒
4,解阵
4,解决方案
4,视角
4,视线
4,规范
4,要说
4,西藏
4,西布兰
4,西南
4,蒙哥马利
4,落伍
4,营长
4,营房
4,菲律宾政府
4,英雄
4,芯片
4,节点
4,船舶
4,自然
4,背包
4,肩背
4,老兵
4,美洲
4,美国国会
4,罗加级
4,网络中心
4,缓慢
4,缓和
4,综合化
4,继承
4,线路
4,索沙
4,精选
4,精确度
4,粉尘
4,米厚
4,空运
4,空勤
4,空优
4,穆斯
4,稳定性
4,移动
4,秘密
4,科宁
4,祖典
4,碰撞
4,碘化银
4,碎片
4,确认
4,破片
4,石油
4,知识
4,瞄准镜
4,相连
4,直线
4,直属
4,目镜
4,盟友
4,盖亚盖
4,监测网
4,益于
4,皇家
4,疾风
4,电话
4,电磁能
4,电源
4,电子技术
4,申请
4,申诉
4,用途
4,用水
4,用人
4,玻璃
4,现状
4,环节
4,猪肉
4,犯罪
4,特莫
4,特定
4,爱护
4,爆破
4,熟悉
4,照会
4,烟雾
4,炮艇
4,灵活性
4,演变
4,满载
4,满意
4,港口
4,温压弹
4,渖阳
4,混凝土
4,液体
4,消雾
4,消失
4,海面
4,海外
4,海区
4,海下
4,派驻
4,派遣
4,派生
4,注意到
4,波音
4,波克
4,法拉
4,汉姆
4,永胜
4,气息
4,气候
4,毒蛇
4,毁坏
4,歼灭
4,歼敌
4,歼击
4,欺骗
4,横滚
4,核动力
4,树林
4,枪弹
4,极端
4,板门店
4,机组
4,机炮
4,本多
4,期满
4,朝鲜战争
4,服务
4,朋友
4,月份
4,暴露出
4,智慧
4,星座号
4,时效
4,无尾
4,新政府
4,整备
4,敌国
4,播撒
4,撤退
4,搜寻
4,探索
4,挑衅
4,挑战者
4,指标
4,指定
4,拦截器
4,抵达
4,抗议
4,抖动
4,投产
4,批评
4,批次
4,扫荡
4,扩散
4,扩大
4,打官司
4,扁担
4,战法
4,战果
4,战役
4,战备
4,战地
4,战和
4,战俘
4,成绩
4,成效
4,慰安
4,恶劣
4,总结
4,思路
4,态度
4,快讯
4,忘记
4,心愿
4,德奎
4,微弱
4,徘徊
4,影子
4,当兵
4,强国
4,强化
4,弧度
4,张连忠
4,开辟
4,延时
4,康德
4,康健
4,应答
4,应有
4,应力
4,年轻
4,年时
4,平衡
4,平壤
4,干旱
4,师团
4,布里
4,差猜
4,巨资
4,巨浪
4,工作人员
4,山西
4,局长
4,小龙
4,小山
4,小学
4,小于
4,射频
4,寿命
4,导轨
4,对话
4,对比
4,对待
4,对外
4,密特
4,容纳
4,宣传
4,客观
4,定于
4,完毕
4,守备
4,学校
4,子系统
4,妥善
4,好过
4,奥恩
4,天津
4,天后
4,天下
4,大马士革
4,大臣
4,大火
4,大功率
4,多辆
4,多亿
4,声纳
4,增益
4,埃及
4,坚固
4,场景
4,地面控制
4,地道战
4,地方法院
4,地域
4,在一起
4,国际关系
4,国防建设
4,国王
4,国有
4,国力
4,国人
4,团职
4,回顾
4,回家
4,回去
4,回到
4,四化
4,商谈
4,商城
4,周期
4,向北
4,后掠角
4,各种高
4,各界
4,史海烟云
4,可说是
4,可将
4,只需
4,叙利亚政府
4,发达
4,反潜直升机
4,双星
4,友方
4,原有
4,危房
4,印度人
4,占据
4,博纳
4,南北
4,南中国海
4,单向
4,协助
4,升机
4,千龙军事
4,北京市
4,动员
4,加密
4,前景
4,分列式
4,分为
4,击败
4,出庭
4,出厂
4,出于
4,减轻
4,军费
4,军机
4,军工
4,军事战略
4,军事图库
4,军事医学
4,其他国家
4,兵营
4,兵员
4,关闭
4,共和党
4,共享
4,公约
4,入伍
4,克服
4,光来
4,先锋
4,僵局
4,停飞
4,俯仰
4,保护区
4,俘虏
4,俄罗斯国防部
4,俄国
4,促进
4,便宜
4,作证
4,作战室
4,住宅
4,低速
4,传来
4,传单
4,伙伴
4,伏击
4,价格
4,以高
4,仅能
4,人类
4,人事部
4,交通
4,交还
4,互换
4,于其
4,二十八日
4,二○
4,事实上
4,事业
4,乘员
4,主题
4,主动权
4,为首
4,为由
4,丰富
4,中都
4,中空
4,中欧
4,中新网
4,中国陆军航空兵
4,中四
4,东西方
4,东南亚
4,东京
4,不幸
4,下水
4,下去
4,上起
4,上海
4,三型
4,万爱花曾
4,一群
4,一人
4,一事
3,齐射
3,黄金
3,麻烦
3,鲁文
3,鱼叉
3,高质量
3,高精度
3,高棉
3,高效
3,高强
3,高层
3,高压
3,高功率
3,高下
3,驱逐
3,驱散
3,马里兰州
3,马里
3,马达加斯加
3,马赫数
3,马扎
3,马德望省
3,马尼拉市
3,马之庚
3,首要
3,飞过
3,飞行队
3,风险
3,风浪
3,风山
3,领空
3,领海
3,领导层
3,领地
3,顺风耳
3,顺序
3,靶机
3,非法
3,非军事区
3,震撼
3,集体
3,集会
3,难找
3,隐藏
3,隐蔽性
3,隐形飞机
3,院校
3,陕西
3,降到
3,降低到
3,陈旧
3,阿里奥
3,阿赫罗
3,阿萨德
3,阿米
3,阿拉伯国家
3,阿拉伯
3,阿卢
3,阻断
3,阵营
3,阵容
3,阴沟
3,阳光
3,防水
3,队长
3,闭锁
3,门控
3,长航
3,长江
3,长机
3,长度
3,长官
3,铭记
3,铅笔
3,金庸
3,重重
3,重伤
3,里安
3,里外
3,采纳
3,遭遇
3,遗骸
3,遗物
3,遗体
3,道理
3,速率
3,通缉
3,途径
3,递交
3,透过
3,选定
3,选举
3,逃生
3,迫切
3,远比
3,进度
3,还击
3,运输车
3,运输线
3,运作
3,迎来
3,迈出
3,过度
3,迂回
3,边缘
3,辞职
3,输出
3,输入
3,较量
3,轰击
3,转化
3,转入
3,路线
3,路径
3,跨越
3,跨入
3,趋于
3,越来
3,越南人
3,越共
3,超高频
3,起爆
3,起火
3,走路
3,走廊
3,赔偿
3,贯彻
3,贫铀
3,财政
3,负担
3,贝格曼
3,谢贾耶
3,调解人
3,课目
3,诸如
3,误射
3,试验机
3,译者
3,评述
3,访华
3,设计局
3,设立
3,论证
3,记忆
3,记得
3,记住
3,詹姆斯
3,解放区
3,解体
3,觉得
3,视力
3,见证
3,要员
3,西北部
3,襟翼
3,装备费
3,装入
3,裁减
3,被俘
3,行政
3,血缘
3,薄弱
3,蒙哥比里
3,董彬
3,落在
3,落后
3,落入
3,营地
3,萝卜
3,菲茨
3,草地
3,英语
3,英国海军
3,英国政府
3,苏制
3,苏两国
3,节省
3,船坞
3,航路
3,航空界
3,舒布
3,舍夫
3,致命性
3,自适
3,脱落
3,胸部
3,胡文龙
3,聪明
3,聚集
3,联合体
3,耗资
3,老家
3,翼型
3,翻滚
3,美国军舰
3,美国会
3,美制
3,美俄
3,羊泉村
3,罗盘
3,缺陷
3,缺氧
3,缴获
3,缩放
3,编者按
3,编码器
3,编成
3,缅怀
3,综合性
3,维系
3,维修性
3,维也纳
3,统筹
3,统治
3,统和
3,给出
3,织
3,组装
3,纵队
3,纪录
3,红海
3,红外线
3,累积
3,累
3,紫外线
3,紧凑
3,精良
3,管辖
3,管理条例
3,签字
3,策划
3,等于
3,等一
3,第７
3,第三世界
3,端的
3,立体
3,窗口
3,突破性
3,穿越
3,空防
3,空谁占
3,空空
3,空白
3,空炸
3,空炮
3,空洞
3,空总
3,空中加油机
3,科特迪瓦
3,科曼奇
3,禁止
3,社论
3,示范
3,示意
3,磋商
3,研制生产
3,石川
3,短缺
3,短期
3,短兵相接
3,知识分子
3,矛盾
3,眼前
3,真主党
3,看见
3,看着
3,看法
3,目击者
3,监督
3,盂县
3,的卡
3,白色
3,电路
3,生产技术
3,瑞切
3,理查德
3,班级
3,王牌
3,王子
3,率领
3,猫眼
3,猛烈
3,特长
3,特遣部队
3,特拉
3,特技
3,牵引式
3,物品
3,牦牛
3,牢固
3,爱好者
3,燃烧弹
3,热成像仪
3,点燃
3,炮兵群
3,灾难
3,灵敏度
3,灵敏
3,灭火
3,火箭筒
3,火箭发动机
3,激光器
3,潜望镜
3,滑行
3,温度
3,渡船
3,清正
3,清朝
3,清晰
3,清晨
3,清廷
3,深层
3,海部
3,海浪
3,测验
3,测绘兵
3,注重
3,波音公司
3,波段
3,波束
3,波形
3,波尔
3,法尔加
3,法宝
3,法令
3,油量
3,油箱
3,油田
3,河畔
3,沙暴
3,沙尘暴
3,沙城
3,沈飞
3,沃特
3,汉光
3,气象卫星
3,气泡
3,毛泽东
3,比赛
3,比塞
3,母舰
3,段建勋
3,歹徒
3,武警部队
3,武警
3,武备
3,武器库
3,步骤
3,正负
3,正规军
3,正义
3,欧美
3,次长
3,模范
3,检测
3,梦想
3,梅耶夫
3,框架
3,核试验
3,核裁军
3,核生化
3,核爆炸
3,核弹头
3,样子
3,校准
3,树立
3,标记
3,标枪
3,查明
3,枪口
3,林两派
3,构筑
3,极小
3,来访
3,杜曼
3,李拉弟
3,李成浩
3,权限
3,杀死
3,机队
3,机能
3,机理
3,朝廷
3,有益
3,有生力量
3,有没有
3,有时候
3,有数
3,有力
3,曝光
3,晚清
3,晚上
3,显得
3,春季
3,星期
3,星座
3,明年
3,明亮
3,时间短
3,日本人
3,日下
3,无核区
3,无敌
3,旗舰
3,旋转
3,旅顺
3,方舟
3,方将
3,方便
3,新高
3,新闻网
3,新疆
3,新德里
3,斗争
3,文化
3,整流
3,数据统计
3,敬意
3,敦刻尔克
3,敦促
3,教练
3,教学
3,救灾
3,敏感
3,效益
3,政府部门
3,放电
3,放在
3,攻坚
3,操纵员
3,操作手
3,揭开
3,握把
3,提督
3,提及
3,推荐
3,推断
3,推广
3,控诉
3,掠走
3,据传
3,指针
3,指示器
3,指战员
3,指导思想
3,挂钩
3,拼命
3,择机
3,拖曳阵
3,担负
3,担忧
3,抬头
3,报导
3,折叠
3,抗衡
3,抗击
3,投标
3,技术先进
3,扩充
3,所得
3,房屋
3,战术核武器
3,战况
3,我向
3,成飞
3,成都
3,成一种
3,成一个
3,意识
3,意图
3,意向
3,想象
3,想要
3,想法
3,想定
3,惨遭
3,惊讶
3,惊人
3,总政治部
3,总和
3,总参谋长
3,怪招
3,急转
3,怀勒
3,忽视
3,忠诚
3,必要性
3,德通社
3,得知
3,徐信
3,後勤
3,当局
3,归还
3,弹壳
3,弹坑
3,弧形
3,弥补
3,引发
3,引力
3,开支
3,开幕
3,建起
3,廉明
3,康妮
3,底部
3,年代中期
3,平面
3,平稳
3,平洋
3,平日
3,干预
3,常用
3,常大
3,带有
3,带到
3,带上
3,师部
3,布鲁塞尔
3,布雷德利
3,布莱尔
3,市民
3,市中心
3,差不
3,工艺
3,工程师
3,工厂
3,工会
3,工人
3,山谷
3,局面
3,尚无
3,尊严
3,将领
3,射角
3,导向
3,对立
3,对手
3,对大
3,寒冷
3,密集
3,密苏里
3,密码
3,审议
3,审判
3,实有
3,实弹
3,宙斯盾
3,完善
3,安宁
3,安全部门
3,安全性
3,孟加拉国
3,孔径
3,委员
3,委内瑞拉
3,好象
3,好处
3,奴隶
3,奈特
3,夺回
3,天时
3,大陆军
3,大洋
3,大沽
3,大战
3,大将
3,大学
3,大型化
3,大军
3,大兵
3,大为
3,多普勒
3,多天
3,多吨
3,外表
3,夏级
3,备用
3,士气
3,增派
3,塔特
3,塔斯社
3,塔奇
3,基建
3,坚守
3,地面战
3,地震
3,地图
3,在轨
3,土地
3,图板
3,国际形势
3,国家安全
3,国号
3,国产化
3,困
3,团员
3,回避
3,回波
3,回忆
3,四月
3,喷气式飞机
3,喀布尔
3,商用
3,商店
3,售台
3,哈马斯
3,哄抢
3,呼号
3,味道
3,周内
3,告慰
3,听取
3,含量
3,含有
3,向量
3,向海
3,向南
3,后缘
3,后续
3,后果
3,同等
3,同步
3,合适
3,合理化
3,吃上
3,号召
3,右侧
3,台湾海峡
3,台湾地区
3,可调
3,可以通过
3,只用
3,古代
3,口号
3,变形
3,变为
3,受损
3,受害者
3,取决于
3,发生器
3,发烟
3,发展计划
3,发射机
3,反辐射导弹
3,反扑
3,反对派
3,反复
3,双筒
3,参谋
3,参观
3,去向
3,原料
3,原子弹
3,原始
3,厚厚
3,历程
3,印度洋
3,印度政府
3,印度尼西亚
3,印巴
3,卫士
3,卡梅伦
3,卡斯特罗
3,卡斯
3,南朝鲜
3,南向
3,单眼
3,单座
3,协商
3,协会
3,半年
3,千里眼
3,十九号
3,北欧
3,北斗
3,勇士
3,劳尔
3,加长
3,加速度
3,加工
3,加一
3,办实事
3,办公
3,力矩
3,力度
3,力图
3,副主席
3,剧烈
3,剖面
3,前面
3,前途
3,前提
3,别出
3,利比亚
3,利亚尔
3,判明
3,刘建超
3,列入
3,刊物
3,刊号
3,切尼
3,分裂
3,分歧
3,分成
3,分布
3,出自
3,凯旋
3,决策者
3,决不
3,冲锋
3,军车
3,军兵种
3,军事训练
3,军事观察
3,军事医学科学院
3,内置
3,内务部队
3,兼容性
3,兵棋
3,兴奋
3,关押
3,关于美
3,兰州军区
3,公里处
3,公道
3,公民
3,公共
3,全线
3,全世界
3,充足
3,充当
3,偏离
3,偏低
3,假想敌
3,倾向
3,借口
3,倍率
3,俯冲
3,修复
3,信心
3,信任
3,俗称
3,侯志通
3,供电
3,例行
3,使用者
3,作风
3,余架
3,余枚
3,何方
3,伪造
3,传递
3,传出
3,伟大
3,优秀
3,优于
3,伊方
3,伊斯兰堡
3,伊斯兰
3,任命
3,仪表
3,仪式
3,仪器
3,以经济
3,仅次于
3,人道主义
3,人选
3,人眼
3,人才
3,人事
3,产物
3,交谈
3,亚美尼亚
3,亚佐夫
3,互联网
3,云中
3,于飞
3,于美
3,于歼
3,二次世界大战
3,习俗
3,乔治
3,乌迪德
3,乌兰巴托
3,之路
3,之地
3,义务
3,主角
3,主导
3,中表
3,中洋
3,中旬
3,中指
3,中大
3,中型
3,中国航天
3,中国海
3,中华
3,丢失
3,东耶路撒冷
3,东海
3,东区
3,世界反法西斯战争
3,专题
3,专案
3,专利
3,不计
3,不易
3,不差
3,不安
3,不在
3,不仅仅
3,下马
3,下工
3,下图
3,上部
3,上演
3,上来
3,上得
3,上安
3,上天
3,上千
3,一般性
3,一流
3,一时期
3,一开
3,一侧
3,一体化
3,一九七一年
3,○○
3,U.S.
2,鼬鼠
2,鼠标
2,黎明
2,鲜有
2,鱼池乡
2,高速公路
2,高轶军
2,高等
2,高程
2,高炮旅
2,高潮
2,高昂
2,高度表
2,高射炮
2,高密
2,高原
2,高兴
2,高克
2,高低角
2,高低
2,骚乱
2,骑兵团
2,驶来
2,马龙派
2,马约罗夫
2,马特
2,马德里
2,马可尼
2,香港
2,食品
2,飞跃
2,飞机场
2,飞得
2,风神
2,风力
2,风偏
2,颜色
2,题词
2,题为
2,频宽
2,颇为
2,领头
2,预编
2,预期
2,预想
2,预备队
2,顾问
2,须要
2,顶点
2,顶头
2,韩两个
2,韦伯斯特
2,靶子
2,靶场
2,革命性
2,面部
2,面前
2,非金属
2,非人
2,静默
2,霸王
2,霸主
2,震波
2,雷日科夫
2,零备件
2,雪中送炭
2,雨水
2,集群
2,集结
2,集合
2,雄壮
2,难民
2,难度
2,难办
2,隶属
2,隔舱
2,陷阱
2,陷于
2,险些
2,陕西省
2,附录
2,附则
2,阿迈勒
2,阿尔
2,阿基诺
2,阿君
2,阳性
2,防震
2,防范
2,防弹服
2,队部
2,阅读
2,闷热
2,问世
2,闪烁
2,闪击战
2,长远
2,长距离
2,长篇
2,长根
2,镜片
2,镜子
2,锥形
2,锋利
2,锂电池
2,铺平
2,铁塔
2,钢铁
2,钢筋混凝土
2,钟摆
2,金融时报
2,金盾
2,金属片
2,量身定做
2,重力
2,重任
2,采用美国
2,采办
2,酸雨
2,配装
2,配套齐全
2,配制
2,都来
2,部副
2,郊外
2,邓小平
2,避开
2,遵循
2,遵守
2,造船
2,速飞
2,通报
2,通往
2,通信设备
2,透镜
2,透视
2,选型
2,逃逸
2,逃脱
2,逃离
2,适时
2,送至
2,送来
2,退休
2,迫降
2,迫切性
2,远见
2,远去
2,远东
2,进逼
2,进发
2,还债
2,返航
2,近年
2,近半
2,近代化
2,近乎
2,运送
2,运输机
2,运河区
2,迎风
2,迎击
2,过电
2,过渡
2,过人
2,达卡
2,边防
2,辜负
2,辐射源
2,辅机
2,轻量
2,轻度
2,轴心
2,轰鸣
2,转让
2,转换
2,轨迹
2,车际
2,车队
2,车间
2,车载
2,车等
2,躲过
2,身高
2,身体
2,身亡
2,身为
2,蹲点
2,践踏
2,跳楼
2,路途
2,路段
2,路向
2,跨过
2,趋向
2,越野车
2,越南战争
2,超高速
2,超英
2,超宽
2,起落
2,起开
2,起义
2,赶走
2,赶往
2,赵永飞
2,赵南起
2,走入
2,赫德
2,赌博
2,贾布里
2,费心
2,费尔南德斯
2,贷款
2,贮存
2,贫铀弹
2,贫富
2,质变
2,责任感
2,财经网
2,贝尔
2,象武
2,象是
2,象征
2,谢罪
2,调运
2,调转
2,调解
2,调查报告
2,调动
2,诸元
2,语言
2,话筒
2,诚意
2,诊断
2,证人
2,设计界
2,设计方
2,设计思想
2,设计工
2,设计审查
2,设计制造
2,记者会
2,讯息
2,议题
2,训练情况
2,训练场地
2,让步
2,认罪
2,认知
2,认定
2,计划局
2,警备区
2,誉为
2,詹氏
2,触发
2,触及
2,视野
2,视为
2,规避
2,规律
2,观测器
2,要闻
2,西藏高原
2,西莫夫
2,西维
2,西海
2,西安
2,西区
2,装载量
2,装设
2,装甲运兵车
2,被占
2,表面
2,表演队
2,补偿金
2,补偿
2,衡量
2,街道
2,行驶
2,行政管理
2,行员
2,行不通
2,行三
2,血案
2,螺旋桨
2,蘑菇云
2,薄膜
2,薄层
2,蓝天使
2,蒙方
2,萨尔瓦
2,营救
2,获悉
2,莱山
2,莱塔
2,莫斯科红场
2,莫属
2,茨基
2,茂密
2,英镑
2,苦难
2,苏德
2,苏式
2,苏伊士运河
2,苏丹人民解放军
2,花招
2,花圈
2,节日
2,艰巨
2,航空航天
2,航空站
2,航空公司
2,航天器
2,航向
2,舒服
2,舌战
2,致信
2,致伤
2,臭氧层
2,自行车
2,自给
2,自称
2,自然界
2,自杀性
2,自愿
2,自强
2,自决权
2,腰板
2,腐蚀剂
2,脱水菜
2,脖子
2,能飞
2,能见度
2,胶粘剂
2,胶粒
2,胜败
2,胜任
2,背景
2,背后
2,联网
2,联接
2,联成
2,联合国宪章
2,职务
2,耶路撒冷
2,耳机
2,耐心
2,耐久性
2,而定
2,而出
2,耄耋老人
2,考量
2,考据
2,老实
2,翼尖
2,翻译
2,翅膀
2,美联社
2,美式
2,美国军事
2,美丽
2,罹难
2,罪恶
2,罢工
2,罗马
2,罗塔
2,网友
2,缓解
2,继承性
2,统率
2,绝食
2,绝不
2,结盟
2,结构设计
2,结构力学
2,经理
2,细菌战
2,细菌
2,细节
2,细致
2,细看
2,练兵
2,练习
2,线条
2,纽曼
2,纵观
2,纵向
2,纳杰夫
2,红色
2,红方
2,纠正
2,累计
2,索马里
2,索赔案
2,索托
2,精简
2,精彩
2,精兵
2,米高
2,米缩至
2,米内
2,管道
2,管理系
2,算是
2,简直
2,筹组
2,筹建
2,策略
2,答案
2,答应
2,筑成
2,等级
2,第８２
2,第６
2,第３
2,第２４
2,第２
2,第１
2,第六
2,笨重
2,竞争
2,竖起
2,窠臼
2,窒息
2,突防
2,突袭
2,突击队
2,空隙
2,空重
2,空海
2,空搜
2,空总已
2,空射
2,空前
2,稠密
2,程远
2,程弹
2,程式
2,移交
2,称号
2,称作
2,积累
2,租期
2,科研成果
2,科特
2,科拉
2,科学研究
2,种菜
2,禁区
2,神经
2,神盾
2,祝贺
2,社会问题
2,社会党
2,确立
2,硝酸银
2,硝烟
2,破损
2,研究员
2,睡觉
2,着手
2,真相
2,看清楚
2,看似
2,相近
2,相融合
2,相差
2,盒子
2,皮肤
2,皮带
2,百人
2,白菜
2,登山
2,痕迹
2,疑问
2,疑似
2,畅通
2,画面
2,电讯
2,电网
2,电线杆
2,电离
2,电流
2,电子元件
2,电压
2,电力
2,甲型
2,由美国
2,用材
2,用作
2,生长
2,生物
2,生活区
2,生死
2,生产商
2,生产中
2,瑞士
2,理解
2,理会
2,班长
2,珍贵
2,现象
2,现正
2,现出
2,环绕
2,环渤海
2,王生良
2,王朝
2,猎犬
2,狭窄
2,狭小
2,独有
2,犀牛
2,牺牲品
2,特别关注
2,物理学
2,版本
2,父母
2,爬升
2,爆炸声
2,熔化
2,照明器
2,煤炭
2,热潮
2,热源
2,热情
2,热带
2,烈火
2,炸毁
2,炮团
2,炮口
2,炊事班
2,火药桶
2,火药
2,火箭弹
2,火球
2,火焰
2,激发
2,激动
2,潮流
2,潜水艇
2,潜入
2,演讲
2,演戏
2,漂亮
2,游戏
2,游击队员
2,游击战
2,温室
2,渥太华
2,渤海湾
2,渠道
2,渗透
2,渐进
2,清醒
2,清扫
2,清和
2,混战
2,混成旅
2,深感
2,深情
2,深思
2,深入到
2,涉及
2,消灭
2,海疆
2,海牛
2,海拔
2,海峡
2,海岸线
2,海尔
2,海军航空兵
2,浪费
2,浓雾
2,浓度
2,测距仪
2,测评
2,流血
2,派兵
2,活体
2,洪瀑
2,泰晤士报
2,波斯尼亚
2,法规
2,法西斯
2,法新社
2,法国政府
2,法制
2,法则
2,沿岸
2,油气
2,油料
2,河谷
2,没收
2,沙祖康
2,沙特阿拉伯
2,沙特政府
2,沙地
2,沉重
2,汤姆逊
2,求是
2,水源
2,水泥
2,气象局
2,气流
2,气氛
2,气体
2,民间
2,毫无疑问
2,毛子
2,毙伤
2,毕竟我
2,毕竟
2,毕业
2,比高
2,比率
2,比尔
2,比奥
2,比利时
2,每年举行
2,每一个
2,每一
2,毁灭性
2,毁损
2,死角
2,武直
2,步行
2,步兵营
2,步伐
2,欧洲人
2,欧共体
2,欧元
2,模糊
2,概括
2,概念设计
2,楼房
2,森林
2,棍棒
2,检阅台
2,检阅
2,检索
2,检察官
2,格拉
2,格局
2,根部
2,核装置
2,核武库
2,核威胁
2,核国家
2,核化
2,核军备
2,样板
2,样式
2,样品
2,柴燃
2,柴油
2,极性
2,极地
2,杰达姆
2,杰米
2,杨跃华
2,来都
2,来不及
2,村山富市
2,李鹏
2,李永芳
2,李新
2,权益
2,权力
2,杀手
2,机长
2,机械师
2,机械化部队
2,机时
2,机敏
2,机务
2,机关报
2,本社
2,本地
2,期望
2,朝鲜最高人民会议
2,朝鲜中央通讯社
2,朗还
2,朗达军
2,有用
2,有所不同
2,有事
2,最长
2,曾于
2,更换
2,更快
2,更少
2,曲折
2,暹粒市
2,暴雨
2,暂时性
2,智能
2,景象
2,普拉特
2,普及
2,显示系统
2,星球大战
2,星光
2,易于
2,昌河
2,时有
2,时分
2,早上
2,日通
2,日程
2,日方
2,日常
2,日发布
2,无需
2,无限期
2,无缝
2,无碍
2,无核化
2,无效
2,无忧
2,无助
2,无人区
2,旗子
2,施托尔
2,施工
2,方面军
2,方来
2,新鲜
2,新闻处
2,新进
2,新设
2,新机
2,新战士
2,新墨西哥州
2,新京报
2,斯道
2,斯图尔
2,断面
2,文革
2,文传
2,整编
2,整军
2,数年
2,数字式
2,数以百计
2,数万
2,散兵线
2,教授
2,救难
2,救生
2,敏锐
2,敏感型
2,敌占区
2,效仿
2,政府机构
2,政变
2,放松
2,改编
2,改组
2,收获
2,支队
2,支撑架
2,操作员
2,撰写
2,撒布
2,摩托罗拉公司
2,摩托化
2,摩托
2,摘录
2,摆在
2,搁浅
2,提问
2,提醒
2,提议
2,提交
2,推迟
2,推演
2,推测
2,控制区
2,接线
2,接合
2,探针
2,排长
2,掌声
2,换料
2,换取
2,挫败
2,挥出
2,指挥所
2,指引
2,持久
2,拨开
2,拥有量
2,拖欠
2,拍卖
2,拉法镇
2,拉本
2,拉开
2,报废
2,报价
2,护送
2,护卫
2,抢救
2,抛撒
2,折叠式
2,投影
2,技法
2,技术支持
2,技术指标
2,扬子晚报
2,扫清
2,执行官
2,执着
2,执法
2,打骂
2,打赢
2,扎实
2,手续
2,手电
2,手提式
2,手指
2,所说
2,所用
2,房间
2,戴高乐
2,截获
2,截击
2,战胜
2,战略性
2,战犯
2,战报
2,成长
2,成都军区
2,成败
2,成大
2,成功率
2,成分
2,成军
2,戈尔
2,感情
2,感受
2,意思
2,意志
2,愉快
2,想到
2,想像
2,惩戒
2,惨烈
2,惊险
2,惊慌
2,情绪
2,情景
2,悬殊
2,悬停
2,患病
2,恐惧
2,总经理
2,总线
2,总参
2,总则
2,怪物
2,思维
2,忽略
2,快捷
2,忙碌
2,忘不了
2,志愿兵
2,忏悔
2,必经
2,微笑
2,微星
2,得当
2,徐向前
2,待遇
2,彩信
2,强迫
2,强征
2,强劲
2,强力
2,弹药库
2,异议
2,开阔
2,开进
2,开玩笑
2,开机
2,开发经营
2,开关
2,建筑
2,建房
2,建国
2,建军
2,座椅
2,度越
2,应和
2,应变
2,应为
2,库存
2,序列
2,庆祝活动
2,广阔
2,幸存者
2,幸免
2,并存
2,并同
2,并作
2,年间
2,年鉴
2,年期
2,年到
2,平坦
2,干掉
2,帽檐
2,常驻
2,带队
2,帝国
2,希拉克
2,希尔
2,师级
2,帅
2,布雷舰
2,布防
2,布满
2,布来乌
2,巴格达市
2,巴方
2,巴希尔
2,巴尼
2,已去
2,巡航
2,崩溃
2,峰会
2,岩石
2,岛链
2,岛国
2,岗位
2,山区
2,山东
2,展为
2,尾声
2,尼米兹
2,尼政府
2,尺度
2,尹卓
2,尴尬
2,尝试
2,尔曼
2,小范
2,小牛
2,小标题
2,小偷
2,射手
2,导弹艇
2,对称
2,对敌
2,对撞
2,察看
2,宾主
2,宽度
2,宽广
2,家里
2,家乡
2,宴请
2,客车
2,审视
2,审批
2,实用性
2,实名
2,宝石
2,定购
2,定向能武器
2,定单
2,定制
2,定为
2,官们
2,完美
2,安达
2,安心
2,安哥拉政府
2,安全区
2,安东诺夫
2,守卫
2,学员队
2,学会
2,孙立华
2,孙悟空
2,存贮
2,存储器
2,婴儿
2,威胁性
2,威海
2,姐妹
2,妥协
2,妙药
2,如愿
2,好好
2,好奇
2,好友
2,好事
2,奥尔特加
2,奖励
2,奉陪
2,奇招
2,头条
2,失衡
2,失灵
2,失明
2,太远
2,太久
2,天空
2,天然
2,大面积
2,大雾
2,大雨
2,大选
2,大过
2,大规
2,大荔县
2,大类
2,大海
2,大气层
2,大楼
2,大桥
2,大显身手
2,大屏幕
2,大利
2,大于
2,大一
2,夜视仪
2,多见
2,多样化
2,多极化
2,多年以来
2,多媒体系统
2,多余
2,多事
2,外面
2,外销
2,外购
2,外罩
2,外界
2,外挂
2,外交部
2,外交政策
2,夏季
2,复制
2,复兴
2,备战
2,备件
2,处理器
2,处在
2,壮观
2,墨西哥城
2,增进
2,增设
2,增幅
2,增多
2,堪培拉
2,堆芯
2,基础设施
2,基洛
2,埋伏
2,埃佩
2,垮台
2,坡度
2,坑道
2,坐在
2,场面
2,场强
2,地面站
2,地表
2,地理
2,地效
2,地对空
2,地地导弹
2,地勤
2,地利
2,地中海地区
2,在野
2,在建
2,在场
2,在后
2,在即
2,在任
2,圣萨尔瓦多
2,土层
2,图钉
2,图拉
2,图中
2,国防现代化
2,国防大学
2,国都
2,国耻
2,国民经济
2,国民党
2,国家计划生育委员会
2,国安
2,国大
2,国土
2,国务委员
2,国别
2,国军
2,固体
2,团伙
2,因应
2,回来
2,回报
2,回头
2,回击
2,四面八方
2,四方
2,四周
2,噪声
2,噩梦
2,器制造
2,嘴巴
2,喷管
2,喷气
2,喜爱
2,喜欢
2,善哉
2,商人
2,哨所
2,哨兵
2,哨位
2,哥仲县
2,哈尔滨
2,咸菜
2,和解
2,呼应
2,周就
2,周后
2,周二
2,员额
2,呈现
2,呈堂
2,吸引力
2,吸引
2,启示
2,向心力
2,向导
2,后部
2,后继
2,后段
2,后撤
2,后座
2,后发
2,名叫
2,名利
2,同胞
2,同级
2,同类
2,同安
2,同型
2,同伴
2,合金钢
2,合璧
2,合一
2,吃惊
2,司令员
2,号称
2,右翼
2,右眼
2,右手
2,右倾化
2,史上
2,可进
2,可见光
2,可编
2,可知
2,可疑人
2,可用性
2,召唤
2,叫起
2,叙政府
2,变数
2,受限
2,受阻
2,发展道路
2,发展经济
2,发展方向
2,反馈
2,反映出
2,双边
2,友谊
2,参考
2,原定
2,压倒
2,厉害
2,历任
2,卸载
2,印象
2,印度斯坦
2,卫生
2,卫星电话
2,卫星定位
2,卫富
2,卧倒
2,卢布
2,卡尔巴拉
2,占领军
2,占有
2,博物馆
2,博大
2,南非
2,南斯拉夫
2,南投县
2,南德
2,南京大屠杀
2,南京军区
2,南京
2,单色
2,单臂
2,单室双
2,单发
2,协防
2,半岛
2,升高
2,升到
2,十月
2,医院
2,区分
2,匪徒
2,勇斗
2,劳工
2,助理
2,助推器
2,助推
2,动态
2,动力学
2,劣势
2,加莱亚诺
2,加热
2,加榴炮
2,加拉
2,加农炮
2,功夫
2,功劳
2,力大
2,副翼
2,副油箱
2,前轮
2,前期
2,前所
2,前夕
2,前去
2,刺激
2,刹车
2,制成
2,到位
2,利比里亚政府
2,初速
2,创新
2,创刊
2,刘建
2,列为
2,切都
2,分队
2,分解成
2,分离
2,分段
2,击沉
2,击发
2,出路
2,出版社
2,出海
2,出山
2,出口到
2,出兵
2,出乎
2,凸显
2,凸出
2,凶犯
2,减阻
2,减速
2,减负
2,减缓
2,减振
2,凋零
2,准则
2,准军事
2,决胜
2,决策层
2,冲锋枪
2,冲浪
2,冲垮
2,冲向
2,冯俊扬
2,农田
2,农民
2,农村
2,农场
2,农作物
2,军服
2,军团
2,军内
2,内瓦
2,内战
2,内力
2,兼顾
2,兼容
2,兼优
2,其量
2,其生
2,其人
2,兵工
2,兵家
2,兵团
2,兵器工业集团公司
2,兴衰
2,关塔那摩海军基地
2,关塔那摩
2,共产党员
2,兰迪
2,兰州
2,公海
2,公正
2,公文包
2,公安部门
2,公墓
2,公元
2,全过程
2,全景
2,全区
2,全体
2,入学
2,入侵者
2,免遭
2,克里斯蒂
2,克里姆林宫
2,克斯特
2,克什米尔
2,光照
2,光束
2,先烈
2,先期
2,充满
2,元器件
2,元凶
2,催生
2,催泪弹
2,催化剂
2,健康
2,停留
2,停战
2,停产
2,偏僻
2,假设
2,倒霉
2,倍增器
2,修筑
2,信息网
2,保险
2,保护神
2,俄方
2,便利
2,侵袭
2,侯赛因
2,侧记
2,例子
2,使馆
2,使用方便
2,使命
2,作法
2,余生
2,余座
2,余年
2,体验
2,体重
2,体能
2,体罚
2,低烟
2,低噪声
2,低劣
2,低到
2,伴随
2,估算
2,伦特
2,伤势
2,传到
2,会议室
2,会合
2,会会
2,优先权
2,休会
2,伊科
2,伊尔
2,仿真
2,仰视
2,以色列政府
2,以国防部
2,代表团
2,仙丹
2,从事
2,什科夫
2,人民大会堂
2,人时
2,人因
2,人亡
2,亲历者
2,产品开发
2,亦可
2,交易
2,亚音速
2,亚尼
2,亚喀巴湾
2,五月
2,五○
2,云团
2,云体
2,于该
2,于要
2,于第
2,于我
2,于各个
2,二层
2,二天
2,事宜
2,争论
2,争吵
2,习近平
2,习惯
2,也就是说
2,乔巴山
2,乔依尔
2,之用
2,之多
2,之声
2,为人
2,中第
2,中看
2,中用
2,中流砥柱
2,中泰
2,中段
2,中校
2,中标
2,中日
2,中巴
2,中央政府
2,中坚
2,中国远征军
2,中国外交部
2,中国共产党
2,中国人民解放军海军
2,中国中央军委
2,中和
2,中华人民共和国
2,中产
2,中东战争
2,中东地区
2,中东
2,严峻
2,严密
2,两旁
2,两岸
2,丢掉
2,丢下
2,东岸
2,东南部
2,东亚
2,丘吉尔
2,世界银行
2,世上
2,与会者
2,不降
2,不适
2,不足以
2,不说
2,不详
2,不见
2,不符
2,不畏
2,不意
2,不当
2,不复存在
2,下面
2,上诉
2,上表
2,上用
2,上游
2,上涨
2,上司
2,上个世纪
2,上下级
2,三隆
2,三机部
2,三度空间
2,三年
2,三国
2,三光政策
2,七年
2,丁日昌
2,一道
2,一线
2,一波
2,一新
2,一带
2,一声
2,一国
2,一句话
2,一世纪
