6527,合作
4641,中国
3339,发展
3117,两岸
2981,和平
2859,中方
2547,张高丽
2427,问题
2320,双方
2194,推进
2138,共同
2046,关系
2040,哈萨克斯坦
2014,台湾
1987,国家
1882,总理
1858,建设
1794,两岸关系
1793,习近平
1792,共识
1676,地区
1642,重要
1547,领域
1524,南海
1518,哈方
1450,美国
1343,访问
1340,主席
1335,加强
1332,稳定
1331,推动
1324,经济
1321,记者
1320,日本
1193,举行
1161,领导人
1154,维护
1154,坚持
1147,深化
1085,政策
1075,欧亚
1065,政治
1050,继续
1015,马西
1015,莫夫
1005,李克强
989,务实
986,政府
979,大陆
941,战略
932,会见
919,开展
905,不断
902,历史
900,国际
897,安全
878,指出
833,基础
825,高度
821,对接
821,利益
817,经济带
814,人民
811,解决
800,基金
791,民进党
786,收获
778,北京
773,早期
772,努力
770,今年
763,落实
762,报道
754,基础设施
749,交流
742,蔡英文
737,进行
727,总统
726,会议
718,同胞
705,共同体
689,地方
678,签署
672,会晤
653,项目
643,西藏
634,谈判
633,达成
626,互联
625,委员会
623,良好
622,反对
609,方面
606,中美
604,社会
604,元首
588,联盟
580,能源
573,协议
561,对话
558,论坛
556,作用
550,会谈
546,提供
545,民众
544,光明
541,之路
534,发挥
526,问候
521,转达
518,祝愿
516,清洁能源
515,实现
514,抓紧
508,阿斯塔纳
506,新经济政策
505,实施
498,促进
497,强调
494,伙伴
492,投行
486,成果
485,主要
484,国民党
471,成员国
470,主权
466,精神
463,命运
460,外交部
459,投资
459,密切
453,军事
448,举办
441,保持
440,深入
438,一带
437,意见
436,发表
434,世界
432,美方
432,市场
430,第一
430,立场
430,人员
429,框架
426,亚洲
425,重点
422,目的
418,共赢
418,倡议
414,发言人
411,协调
410,企业
409,经济合作
408,领土
407,这是
404,保护
404,东盟
403,组织
399,互利
398,行动
398,安倍
396,金融
396,中新社
382,香港
382,交换
381,争议
380,华春莹
377,评价
376,扩大
374,经济发展
373,协定
370,菲律宾
368,加快
368,人文
367,工作
366,相关
363,朱立伦
362,机遇
362,代表
360,水平
356,专项
356,一道
351,影响
351,准备
350,成为
349,民族
349,文件
347,理念
344,对此
344,包括
341,越来越
339,方将
333,秉持
332,需要
330,欢迎
329,感谢
329,争取
327,法案
327,原则
325,大国
324,文化
322,鼓励
318,给予
318,新华社
318,年来
318,合作伙伴
316,资金
316,优先
316,主张
313,第七
313,上来
309,农业
307,清单
307,沟通
306,责任
304,尊重
302,胜利
302,动力
302,共建
301,外交
301,合作项目
300,回应
298,现状
296,总书记
293,契机
292,媒体
291,行为
291,关切
290,契合
290,副总理
289,祝贺
287,副总
287,制度
286,岛礁
286,商谈
286,互惠
283,重大
283,联合
283,新版
283,指导
282,增进
282,全方位
282,互信
280,见证
279,油气
278,应邀
277,事实
275,处理
275,丝路
273,运输
273,签证
273,白皮书
273,日方
273,效率
273,协商
272,加紧
272,中国国务院
271,运作
270,发展道路
269,核能
269,扎实
269,定于
269,势力
268,通道
267,积极性
267,中亚
266,通关
266,机制
266,投资合作
265,航天
265,关合
264,青年
264,选举
264,新加坡
264,便捷
263,俄罗斯
261,重要进展
261,商讨
261,世界贸易组织
260,海陆
260,奥巴马
259,高新技术
259,纳扎尔巴耶夫
259,之间
258,物流
258,全国
254,风能
254,联运
254,耶夫
254,管线
254,李光耀
254,太阳能
254,世博会
253,金塔
253,运输安全
253,落在
253,理萨
253,拉长
253,初具规模
253,入世
252,交往
249,龙杰
242,分裂
241,明确
241,力量
241,上海
239,要求
237,自由
233,马晓光
233,去年
232,新型
228,印度
225,时间
225,方式
225,方向
224,洪秀柱
223,存在
222,四世
221,持续
221,国台办
220,权益
219,情况
218,维持
218,海洋
218,事务
216,增长
214,分歧
212,变化
212,发生
211,面对
211,非法
211,创造
209,民主
208,报告
208,巴基斯坦
208,具有
207,挑战
206,敦促
205,福祉
204,态度
203,记者会
203,最大
202,有利于
202,威胁
200,防卫
200,道路
200,进程
200,带来
198,系列
197,开放
196,有效
196,人士
195,核心
195,宪法
195,关键
194,讲话
194,构建
193,国防
193,区域
192,网站
192,改变
192,意义
191,越南
191,能够
191,条件
191,友好
191,全球
191,中华民族
189,言论
189,中国国民党
188,周边
187,外长
187,信息
186,文章
186,得到
186,交流合作
185,繁荣
185,目标
185,所谓
185,团结
184,贡献
184,李登辉
184,安保
183,海军
183,措施
183,局势
181,法律
181,愿意
179,统一
179,冲突
178,阅读
178,议题
177,战争
176,部门
175,进入
175,独立
174,重视
174,有何
173,贸易
173,中美关系
172,磋商
171,中新网
170,联合国
170,打击
170,伊朗
169,金砖
169,应对
168,亚太
167,事件
166,阿富汗
166,视频
165,达赖
165,基层
165,出现
164,菲方
164,停止
163,重申
162,高层
162,形势
161,获得
161,相信
160,复兴
159,过去
159,各界
158,能力
158,期待
158,手段
157,政党
157,执法
157,平台
157,分子
156,负责
156,会面
155,调整
155,直接
155,对立
155,内容
154,达赖集团
154,承诺
154,执政
154,坚定
153,面临
153,携手
153,大局
153,台海
153,例行
152,纪念
152,一致
151,破坏
151,决定
150,致力于
150,海域
148,讨论
148,纪录片
148,增加
148,了解
148,中巴
147,正式
146,韩国
146,延伸
145,机构
145,中俄
144,范围
144,符合
144,妥善
144,分析
143,成功
143,中国政府
142,领导
142,抗战
141,钓鱼岛
141,学生
141,回答
141,创新
140,近期
140,紧张
140,大选
139,计划
139,确保
139,俞正声
138,国际法
138,创业
137,过程
137,群众
137,网络
137,杨洁篪
137,办公室
136,空间
136,消息
135,专家
134,社会主义
134,建设性
134,伟大
133,服务
132,航行
132,声明
132,企图
131,国务院
130,首相
130,教育
130,巩固
130,完善
130,双边
128,选择
128,表明
128,缅甸
128,环境
128,增强
128,在内
128,华盛顿
128,介绍
128,中央
127,峰会
127,体系
126,学者
126,中央政府
125,新安
125,当局
125,中日关系
124,开创
123,马英九
123,权利
123,探讨
122,近日
122,西方
122,案件
122,国防部
122,卡特
121,集体
121,研究
121,显示
121,投资银行
121,帮助
121,做法
120,损害
119,规定
119,结束
119,海外
119,暴力
119,地位
119,发布
119,主任
119,中印
118,第二
118,形式
118,宣言
118,实际
118,官员
118,不要
117,请问
117,法治
116,看法
116,看到
116,现实
116,指责
116,承认
116,同意
116,上述
115,谈话
115,美中
115,对抗
115,出发
114,综合
114,居民
114,发言
114,价值
114,东亚
113,邻国
113,邀请
113,造成
113,愿景
113,向前
113,合法
113,原因
112,边界
112,成员
112,合理
112,台北
111,表达
111,共同发展
111,两会
110,来源
110,双边关系
109,机会
108,力度
107,风险
107,考虑
107,美军
107,时代
107,强化
107,张志军
107,公开
107,传统
107,事情
106,谢谢
106,第三
106,最近
106,提问
106,提到
106,干部
106,安排
106,南沙群岛
106,上午
105,避免
105,资源
105,编辑
105,王毅
105,无法
105,同属
105,中日
105,世纪
104,范长龙
104,比较
104,方案
104,呼吁
104,否认
104,军队
104,健康
104,中共中央
103,进展
103,自治
103,有助于
103,意识
103,乌法
103,中国外交部
102,表决
102,正是
102,城市
102,中新
101,注意到
101,必要
100,认识
100,规划
100,范丽青
100,肯定
100,旨在
100,互动
99,演讲
98,言行
98,致辞
98,自卫权
97,巴方
97,国家安全
97,友谊
97,体现
97,产生
97,争端
96,走廊
96,理解
96,放弃
96,执行
96,巨大
95,政府工作
95,允许
94,联系
94,煽动
94,围绕
94,公布
93,采访
93,运动
93,统治
93,现政府
93,民意
93,将于
92,重要性
92,宣布
92,实行
92,关心
92,人们
91,经验
91,图片
91,协作
91,准则
91,决心
90,走向
90,常态
90,启动
89,设施
89,英国
89,日前
89,往来
89,召开
89,世界反法西斯战争
88,祖国
88,时期
88,开发
87,参考消息
87,南沙
87,中国经济
86,环球时报
86,拥有
86,展开
86,处于
86,公民
86,优势
85,说明
84,边防
84,美日
84,就业
84,大学
84,复杂
84,减少
84,候选人
84,代表团
84,上合
83,访华
83,结构
83,生活
83,完整
83,反恐
83,参选
83,与会
83,下午
82,时报
82,引发
81,面的
81,轨道
81,第十
81,确定
81,洪磊
81,标准
81,国防部长
81,发出
81,办法
81,全国人大
81,人口
80,说法
80,证明
80,秩序
80,澳大利亚
80,海峡两岸
80,政改
80,攻击
80,批评
80,客观
80,审议
80,东海
80,上表
79,规模
79,清楚
79,条约
79,安倍晋三
79,回到
79,任务
79,中越
79,中国人
78,超过
78,行政
78,明年
78,国会
78,台胞
78,十年
78,出版物
78,信心
78,之际
78,不负
77,舆论
77,点击
77,民生
77,担心
77,感到
77,平等
77,人民大会堂
77,互联网
76,题为
76,错误
76,自卫队
76,立法
76,涉及
76,日本政府
76,日中
76,承担
76,孔子
76,因素
76,台湾地区
76,副主席
75,陈水扁
75,违反
75,试图
75,援助
75,抗日战争
75,恪守
75,很大
75,亚太经合组织
74,阶段
74,绝不
74,稍候
74,程序
74,法制
74,当选
74,学院
74,外界
74,和解
74,势头
74,加载
74,前景
74,产业
73,银行
73,第十届
73,生态
73,柯文哲
73,恐怖主义
73,心
73,公约
73,三方
72,部长
72,财政部
72,议员
72,经贸合作
72,经济体
72,科技
72,研讨会
72,其他国家
71,调查
71,背景
71,普遍
71,日报
71,斗争
71,创始
71,仪式
70,院长
70,认真
70,营造
70,政权
70,总体
70,工业
70,实践
70,单方面
70,内阁
70,令人
70,主导
70,中心
69,资料
69,藏族
69,答问
69,有利
69,教授
69,抗议
69,我国
69,开幕式
69,危机
68,纪念活动
68,殖民
68,展现
68,寻求
68,宗教
67,面向
67,进步
67,达到
67,立委
67,对外
67,便利
67,传播
67,人权
67,中华人民共和国
66,设立
66,表态
66,矛盾
66,澳门
66,新兴
66,台湾问题
66,台商
66,依法治国
65,预算
65,路线
65,突出
65,文明
65,接触
65,担忧
65,悉尼
65,恢复
65,平衡
65,太平洋
65,南中国海
65,升级
65,交通
64,阐述
64,莫迪
64,绿营
64,社发
64,武力
64,心灵
64,大会
64,同志
64,信号
64,义务
63,轮子
63,研究所
63,权力
63,外国
63,内涵
63,侦察
63,为主
62,活力
62,气候
62,成就
62,意愿
62,基本法
62,人类
61,阮富仲
61,违背
61,社会发展
61,研究中心
61,公正
61,严正
60,部队
60,现代化
60,淫秽
60,新闻发布会
60,敏感
60,意志
60,总统府
60,外交政策
60,合一
60,受害者
60,发现
60,习朱
60,主流
60,不利
59,障碍
59,防务
59,良性
59,自信
59,确认
59,正常
59,总领馆
59,实际上
59,回顾
59,住房
59,事业
58,金门
58,谴责
58,论述
58,西藏自治区
58,舞台
58,罔顾
58,特色
58,日至
58,建交
58,局面
58,压力
58,丰富
58,一国
57,程度
57,欺骗
57,朝鲜
57,旅游
57,思想
57,委员
57,包容
57,会长
57,中小企业
57,三国
56,误导
56,策略
56,竞争
56,模糊
56,模式
56,查处
56,普京
56,挑拨
56,市长
56,实质
56,南非
55,飞越
55,长远
55,第四
55,潮流
55,海峡
55,格局
55,对话会
55,国务委员
55,台胞证
55,历史性
55,决议
55,党员
55,作法
54,需求
54,距离
54,赞赏
54,贯彻
54,质疑
54,致力
54,社论
54,法理
54,最高
54,智慧
54,明显
54,摘编
54,技术
54,对方
54,实力
54,国际在线
54,国务卿
54,困难
54,同盟
54,公安
53,表述
53,色情
53,结合
53,签注
53,研究院
53,着眼
53,欧洲
53,查办
53,普选
53,普世
53,无理
53,扩张
53,强大
53,年轻人
53,岛屿
53,对华
53,宣称
53,同情
53,台资企业
53,动向
53,制度化
53,假象
53,人民币
53,乌克兰
52,附近
52,还要
52,走上
52,机关
52,时刻
52,思维
52,德国
52,大公报
52,出台
52,公平
52,众议院
52,仲裁案
51,赢得
51,谢里夫
51,联合报
51,真相
51,监督
51,生命
51,深刻
51,斯里兰卡
51,抵达
51,恐怖
51,思路
51,心理
51,影响力
51,尼泊尔
51,国民
51,反映
51,全国政协
51,党纲
51,值得
51,中国军队
50,革命
50,非洲
50,非正式
50,防止
50,谈到
50,蒋介石
50,演习
50,法国
50,有所
50,惠及
50,导致
50,基石
50,告诉
50,印尼
50,卫生
50,充满
50,举动
50,一体化
49,陆委会
49,诉求
49,观点
49,理性
49,现有
49,有着
49,无视
49,抢夺
49,年代
49,层面
49,大使
49,声称
49,国际关系
49,团体
49,回避
49,危险
49,办事
49,保证
49,从事
49,举措
49,中外
48,限制
48,释放
48,身份
48,警惕
48,解禁
48,自焚
48,生产
48,理由
48,消费
48,民间
48,来往
48,日本众议院
48,所长
48,信任
47,骗取
47,韩娜
47,难题
47,遭到
47,选民
47,解释
47,自贸区
47,自民党
47,第一次
47,武装部队
47,武装
47,正义
47,构成
47,明了
47,成效
47,意向
47,快速
47,当事国
47,干扰
47,境外
47,司令
47,反省
47,传递
47,世界经济
46,飞行
46,违法
46,试点
46,警方
46,腐败
46,经历
46,立法院
46,片中
46,武器
46,正视
46,时任
46,日美
46,方正
46,攸关
46,挑衅
46,常委
46,崛起
46,央视
46,声音
46,反应
46,北京晨报
46,前提
46,享有
46,中表
45,集团
45,长官
45,资本
45,访问团
45,菲律宾外交部
45,聚焦
45,网络安全
45,牺牲
45,港媒
45,朴槿惠
45,新闻局
45,意图
45,总局
45,农村
45,军事战略
45,人民代表大会
45,中共中央政治局
45,一名
44,负责人
44,议会
44,视为
44,蚕食
44,系统
44,王沪宁
44,特殊
44,方针
44,指针
44,扩散
44,执政党
44,战书
44,总结
44,宗旨
44,受益
44,参议院
44,助理
44,加强合作
44,传承
44,事态
43,相当
43,盟友
43,监管
43,白宫
43,犯罪
43,朋友
43,提起
43,探索
43,多人
43,史观
43,动摇
43,副主任
43,前行
43,前所未有
43,体制
43,中国共产党
43,上台
42,降低
42,趋势
42,确立
42,既有
42,放缓
42,改革开放
42,担任
42,战场
42,微调
42,形象
42,并将
42,布局
42,将对
42,城乡
42,国情
42,单位
42,全体
42,倪永杰
42,东京
41,高级
41,透露
41,训练
41,解读
41,规则
41,表现
41,节点
41,而行
41,美好
41,深度
41,整体
41,教育部
41,批准
41,感情
41,官方
41,好朋友
41,大纲
41,多年
41,公共
41,先生
41,亚非
41,事关
40,陆生
40,适时
40,警告
40,角色
40,老百姓
40,站队
40,焦点
40,港口
40,有力
40,教训
40,底线
40,工程
40,对待
40,名义
40,办好
40,冲击
40,公司
40,主管
39,青少年
39,隆重
39,遵守
39,运用
39,转型
39,财政
39,诚意
39,议席
39,角度
39,觉得
39,装备
39,职责
39,有害
39,数据
39,感受
39,思考
39,广阔
39,夯实
39,太阳花
39,图谋
39,国务院台办
39,善意
39,卡式
39,克里
39,信息化
38,飞机
38,转移
38,起点
38,评估
38,级别
38,第五
38,秘书长
38,朝鲜半岛
38,施政
38,情报
38,引领
38,开幕
38,基金会
38,只能
38,功能
38,前途
38,全文
38,丰硕
37,黑箱
37,首脑
37,道外
37,转变
37,群体
37,美国政府
37,纳入
37,管辖
37,科学
37,状态
37,潜力
37,概念
37,本质
37,教科书
37,拒绝
37,巡逻
37,少数民族
37,好处
37,基地
37,军机
37,军方
36,高官
36,驻守
36,防御
36,自然
36,背后
36,渔业
36,气氛
36,拉萨
36,建成
36,应有
36,工具
36,巡航
36,对大
36,富有
36,地方政府
36,国际问题
36,双赢
36,参选人
36,共享
36,全世界
36,人性
36,上升
36,一事
35,陆慷
35,铭记
35,迅速
35,立法会
35,热点
35,未能
35,抗日
35,愿望
35,态势
35,媒体报道
35,地缘
35,在野党
35,发布会
35,发动
35,内政
35,光复
35,先后
35,修订
35,产品
35,交涉
35,中共中央台办
35,上世纪
34,频繁
34,重返
34,邻居
34,迈出
34,话题
34,竞选
34,相向
34,此访
34,是不是
34,新华
34,放在
34,支撑
34,巴西
34,定位
34,多个
34,坦诚
34,场合
34,唯一
34,后续
34,发展战略
34,公务员
34,全民
34,事实上
34,中国日报
34,下来
34,万全
33,预期
33,非暴力
33,闭幕
33,质量
33,袭击
33,船只
33,渔民
33,汪辜
33,有益
33,是非
33,日刊
33,强硬
33,年轻
33,带动
33,差距
33,对台政策
33,家庭
33,实质性
33,外交部长
33,叙利亚
33,南京
33,加深
33,前往
33,共创
33,全球化
33,健全
33,使命
33,互访
33,专家学者
33,专守
32,铁路
32,追究
32,财产
32,误判
32,藏区
32,舰队
32,红利
32,电视台
32,申请
32,用于
32,环境保护
32,爆发
32,清晰
32,海洋法
32,有没有
32,支持者
32,提交
32,持久
32,抵近
32,恶化
32,开辟
32,学习
32,国人
32,哀悼
32,呈现
32,参谋长
32,印度洋
32,出路
32,军国主义
32,全球性
32,全国人大常委会
32,以往
32,之旅
32,主题
31,首都
31,陆军
31,重要讲话
31,途径
31,达赖喇嘛
31,赴台
31,资料图片
31,竞争力
31,相比
31,疑虑
31,正面
31,权威
31,新局面
31,捍卫
31,感觉
31,应询
31,学校
31,国合
31,可能性
31,印方
31,南亚
31,华府
31,匪夷所思
31,勇于
31,动荡
31,做到
31,作业
31,以前
31,人大代表
31,中国化
31,三大
30,陈键兴
30,防御性
30,赞同
30,贫困
30,认知
30,着力
30,皇民
30,氛围
30,架构
30,极端
30,是从
30,数量
30,收入
30,情绪
30,开启
30,建国
30,座谈会
30,巴中
30,工作组
30,宣示
30,外部
30,坚实
30,商务部
30,厦门
30,占据
30,凸显
30,以为
30,他指
30,事宜
30,东南亚
30,下去
29,马来西亚
29,适用
29,谋求
29,规范
29,继承
29,组成
29,立言
29,研讨
29,率领
29,沿线
29,月底
29,想法
29,延续
29,年底
29,对外开放
29,对台工作
29,实体
29,安宁
29,奥运
29,大规模
29,大势
29,听取
29,协助
29,先进
29,倡导
29,书记
29,主委
29,中央军委
29,东西
29,不符
29,万人
29,一行
28,高中
28,香格里拉
28,金正
28,越共中央
28,观察
28,行径
28,蒙古国
28,统计
28,统筹
28,第二次世界大战
28,研究员
28,现出
28,照顾
28,民主党
28,来华
28,日晚
28,方便
28,新华网
28,政纲
28,所在
28,庆祝
28,差异
28,展望
28,定心丸
28,学术
28,国土资源部
28,受益面
28,发展方向
28,加剧
28,到访
28,冷战
28,农业部
28,军舰
28,俄方
28,优惠政策
28,企业家
28,人次
28,于同
28,主动
28,中共
28,两地
28,世代
27,领袖
27,阻碍
27,问及
27,郝龙斌
27,道德
27,速度
27,通报
27,越多
27,谈及
27,莫斯科
27,疫情
27,生态环境
27,现象
27,演说
27,渠道
27,泰国
27,李显龙
27,提及
27,投票
27,房地产市场
27,封建
27,备受
27,国王
27,国旗
27,周年纪念
27,否决
27,台湾人
27,反华
27,卫国战争
27,占领
27,出于
27,修宪
27,伤亡
27,价格
27,中国和平统一促进会
27,中东
27,一家
26,颜色
26,顾问
26,透明
26,连战
26,财富
26,诚实
26,联合早报
26,考验
26,经营
26,组成部分
26,筹建
26,策划
26,福建
26,深远
26,流亡
26,注重
26,构想
26,来访
26,日韩
26,日本国
26,方法
26,新西兰
26,政策措施
26,担当
26,成熟
26,感受到
26,归根
26,引导
26,平稳
26,大众
26,备忘录
26,国际形势
26,响应
26,口号
26,华人
26,区域经济
26,前进
26,农民
26,侯赛因
26,侨胞
26,何走
26,价值观
26,人力资源
26,亮点
26,享受
26,之行
26,主义
26,中国企业
25,鼓吹
25,阿方
25,阅兵
25,重启
25,选区
25,转化
25,贸易额
25,证实
25,设计
25,胡连
25,纽约
25,科技部
25,登陆
25,登记
25,状况
25,深切
25,汪洋
25,树立
25,来到
25,无意
25,救灾
25,所说
25,慰安妇
25,意在
25,恶意
25,彭丽媛
25,当事
25,强推
25,强加
25,年度
25,居住
25,寻找
25,对象
25,宣传
25,实录
25,姿态
25,委员长
25,妇女
25,失去
25,基本原则
25,城镇
25,国际组织
25,国土
25,反对派
25,参访
25,历程
25,助力
25,判断
25,初选
25,出入境
25,做活
25,倾向
25,借口
25,代价
25,人生
25,事项
25,中非
25,不到
25,一家人
24,陈德铭
24,陈小愿
24,阿基诺
24,遭遇
24,迎来
24,诸岛
24,说是
24,警察
24,融资
24,草案
24,美国国会
24,缺乏
24,缅怀
24,纪律
24,管辖权
24,签订
24,穆巴拉克
24,秋风
24,社会保障部
24,珍惜
24,环境污染
24,爱国
24,热情
24,满意
24,步伐
24,机场
24,月份
24,教育部门
24,损失
24,抗击
24,意外
24,性质
24,待遇
24,开拓
24,已有
24,小时
24,尊严
24,导弹
24,对比
24,大型
24,商定
24,司法
24,出访
24,减灾
24,全国人民代表大会
24,先烈
24,保法
24,侦察机
24,依赖
24,使馆
24,人民银行
24,也就是
24,为人
24,下行
24,一家亲
23,领事
23,闯入
23,配偶
23,邻邦
23,遵循
23,透过
23,路线图
23,议程
23,解放军
23,见面
23,行程
23,藏人
23,至关重要
23,缓和
23,经济学
23,管道
23,第九
23,第三方
23,称为
23,积累
23,真理
23,监测
23,特点
23,游客
23,派遣
23,汇聚
23,条例
23,时机
23,文化交流
23,政客
23,收缴
23,授权
23,得下
23,建设部
23,广告
23,平安
23,小组
23,审查
23,定义
23,大厅
23,大一
23,多名
23,增多
23,国政
23,困
23,回归
23,和谈
23,听到
23,台阶
23,发起
23,反腐
23,勇气
23,农产品
23,军费
23,军演
23,典范
23,仇恨
23,中时
23,中央社
23,下一代
22,风格
22,顺应
22,靖国神社
22,阿卜杜拉
22,防范
22,道歉
22,适当
22,退出
22,辩论
22,赵天麟
22,记忆
22,落后
22,苏联
22,胡锦涛
22,联合国宪章
22,网民
22,纽带
22,纪念日
22,移民
22,禁止
22,相反
22,电视
22,由此
22,独特
22,激烈
22,渔船
22,淡化
22,涉台
22,治安
22,民粹
22,梦想
22,根源
22,标志
22,日本军事
22,改进
22,振兴
22,护卫舰
22,成长
22,张业遂
22,幸福
22,平等互利
22,工商
22,奋斗
22,天然
22,合作关系
22,右翼
22,台海局势
22,县市
22,北京人民大会堂
22,农奴制
22,农奴
22,内比都
22,党中央
22,债务
22,俄罗斯联邦
22,侵权
22,优秀
22,任期
22,人道主义
22,主席国
22,为期
22,中央电视台
22,中国国防部
22,中国人民解放军
22,中华
22,中俄关系
22,专访
22,专业
21,高校
21,高兴
21,驻华
21,遭受
21,逝世
21,路透社
21,跨越
21,跨境
21,赋予
21,象征
21,记者站
21,认可
21,行动党
21,蓝绿
21,舰艇
21,能量
21,老兵
21,答案
21,空军
21,离开
21,理事会
21,牵头
21,物资
21,波兰
21,沙特
21,民政部
21,机制性
21,有权
21,是由
21,明白
21,日本自卫队
21,新方
21,政见
21,政局
21,改为
21,成本
21,心态
21,张德江
21,年中
21,希腊
21,巡逻机
21,容易
21,宝贵
21,官菅义
21,多种
21,多元
21,增速
21,塔利班
21,城镇化
21,土地
21,国际社
21,周志怀
21,听证会
21,名称
21,可谓
21,口岸
21,取信
21,发展经济
21,反复
21,参观
21,包装
21,军力
21,共谋
21,共商
21,六轮
21,公众
21,保险
21,体育
21,位置
21,人数
21,严峻
21,不让
21,不惜
21,上空
20,黄岩岛
20,香山
20,领导干部
20,陷入
20,阵营
20,阐明
20,遗憾
20,适应
20,进口
20,老路
20,编队
20,端的
20,示威
20,短期
20,特定
20,满足
20,注意
20,民族自治
20,正太
20,校园
20,查文晔
20,林业局
20,杨宇军
20,有意
20,晚宴
20,新开
20,支付
20,掩盖
20,推广
20,指挥
20,拥护
20,报刊
20,扶贫
20,慰问
20,慎重
20,想要
20,情势
20,忧虑
20,很快
20,广西
20,市民
20,官房长
20,国都
20,商业
20,合情
20,受伤
20,协会
20,分工
20,决不
20,共同社
20,公路
20,侨界
20,优化
20,事务局
20,争论
20,乌兹别克斯坦
20,主办
20,中转
20,中国青年报
20,中华文化
20,世界各国
20,上保
19,高水平
19,领馆
19,青年人
19,误信
19,设想
19,解决方案
19,观察员国
19,苏丹
19,美国国务院
19,等一
19,相关活动
19,环境保护部
19,照片
19,灾难
19,湖北
19,清源
19,涉华
19,民进
19,极端主义
19,服务业
19,有责
19,暴露
19,施压
19,新进
19,新德里
19,斯威夫特
19,断续
19,收紧
19,提醒
19,想起
19,彰显
19,当作
19,弘扬
19,幻想
19,层次
19,孙建国
19,大义
19,多来
19,埃博拉
19,场所
19,地震
19,国通
19,因应
19,周刊
19,台湾海基会
19,可持续发展
19,及其他
19,参拜
19,华尔街日报
19,区间
19,动机
19,动作
19,力争
19,前人
19,刘延东
19,关活动
19,公共服务
19,八大
19,党首
19,免予
19,克服
19,充实
19,修正案
19,保障局
19,余人
19,人大
19,于新
19,二大
19,世人
19,不足
19,不支持
19,上新
18,须要
18,面试
18,面前
18,陆域
18,阻挡
18,郁慕明
18,选票
18,运输部
18,运营
18,输出
18,资助
18,谅解
18,诚挚
18,设置
18,计生委
18,解说
18,观念
18,西部
18,被迫
18,节目
18,自治区
18,自杀
18,维新
18,绑架
18,约翰
18,等于
18,瞩目
18,生效
18,理论
18,特别行政区
18,港澳
18,法治化
18,沿海
18,治国
18,江苏
18,水利部
18,气象
18,概括
18,有限
18,方针政策
18,政协委员
18,摆脱
18,指标
18,怀疑
18,忍痛
18,干预
18,巴黎
18,工作人员
18,小国
18,家园
18,审批
18,安定
18,头目
18,失败
18,塔吉克斯坦
18,固有
18,吸引
18,同理心
18,同心
18,合法性
18,台盟
18,受灾
18,去世
18,医疗
18,到来
18,刘华
18,分配
18,决策
18,冲破
18,全民族
18,健保
18,作战
18,伊斯兰
18,从严
18,人物
18,主体
18,中期
18,中东地区
18,下降
18,上将
17,骨肉
17,面积
17,青藏高原
17,遗留
17,跨国
17,足够
17,课题
17,行事
17,蓝图
17,苏起
17,致远
17,自古以来
17,肩负
17,联组会
17,老虎
17,缓解
17,维系
17,维也纳
17,细节
17,约束
17,纠纷
17,类似
17,第二十
17,立方
17,着手
17,眼光
17,看出
17,相处
17,盟国
17,电台
17,炸弹
17,激发
17,海盗
17,民心
17,民和
17,民事
17,检查
17,朝日
17,服装
17,有序
17,普通
17,时隔
17,日本人
17,无权
17,新政府
17,新动力
17,文字
17,敌对
17,效果
17,摆在
17,握手
17,抽象
17,披露
17,护航
17,总部
17,张夏
17,应急
17,庄园
17,年至
17,带有
17,将就
17,培养
17,在一起
17,商签
17,商品
17,周慧琳
17,同源
17,同根
17,反腐败
17,反对党
17,卫视
17,医院
17,助于
17,加尼
17,冻结
17,具备
17,关税
17,公安部
17,党派
17,促成
17,体制改革
17,低估
17,会员
17,人民日报
17,亚洲地区
17,五角大楼
17,互补
17,中国军事
17,中南
17,专题
17,不顾
17,不够
17,上任
17,万众
16,高效
16,预防
16,集会
16,难度
16,阻挠
16,防空
16,防灾
16,金色
16,郭君宇
16,转折
16,转向
16,赞成
16,贵宾
16,读卖新闻
16,误解
16,识别
16,许可
16,议长
16,认定
16,蓝旗
16,苏台
16,航线
16,航空
16,联邦
16,考量
16,美印
16,置于
16,纳粹
16,纲领
16,空心
16,空域
16,空中
16,盗版
16,痛心
16,环球网
16,热线
16,澳门特别行政区
16,海上搜救
16,江西
16,水域
16,民革
16,毛泽东
16,最多
16,日高
16,方根
16,新闻网
16,新任
16,新中国
16,政绩
16,放宽
16,插曲
16,拉夫罗夫
16,拉塞尔
16,意涵
16,意大利
16,座谈
16,应约
16,布林
16,局长
16,安理会常任理事国
16,天然气
16,大门
16,多极化
16,复苏
16,哈尼
16,启示
16,同文
16,台湾岛
16,受邀
16,厦门大学
16,协同
16,十国集团
16,办理
16,制造业
16,制订
16,分离
16,党籍
16,便利化
16,仲裁庭
16,从维
16,交融
16,交心
16,二二八事件
16,事故
16,中国统
16,严惩
16,与共
16,不确定性
16,上一
16,万件
15,黑客
15,预测
15,雅各布
15,陆客
15,长谷
15,野心
15,里比
15,通缩
15,违宪
15,远海
15,载体
15,路径
15,越方
15,走出
15,费用
15,贷款
15,货币政策
15,财政部长
15,谷内
15,请求
15,覆盖
15,要说
15,补助
15,蓝营
15,自主
15,联合国安理会
15,联合公报
15,群岛
15,美国国防部
15,缩小
15,组建
15,纲要
15,累积
15,粮食
15,称赞
15,科研
15,祖马
15,社区
15,知名
15,皇民化
15,电力
15,班禅
15,现任
15,环节
15,牵制
15,物质
15,激进
15,澳方
15,潜艇
15,渔工
15,本土
15,期望
15,日本外务省
15,日本共产党
15,新党
15,支持度
15,搭台
15,提前
15,招待会
15,抱有
15,抗争
15,打拼
15,打开
15,手法
15,我要
15,成绩
15,成分
15,建筑
15,年会
15,帝国主义
15,展览
15,密集
15,宽广
15,宣扬
15,孩子
15,天津
15,大道
15,坚持党
15,块头
15,地点
15,圣火
15,围堵
15,回忆
15,呼声
15,周年庆典
15,周小川
15,名词
15,合情合理
15,台湾大选
15,叛乱
15,华数
15,区别
15,前夕
15,刘建超
15,军事化
15,兴趣
15,共产党
15,借鉴
15,供水
15,伤害
15,代表性
15,举报
15,主持人
15,不变
15,三世
14,默克尔
14,高端
14,颠覆
14,霸权
14,陆地
14,附属
14,阻扰
14,门槛
14,钻石
14,金融机构
14,里面
14,里程碑
14,邓小平
14,遗产
14,通话
14,运行
14,赖斯
14,质问
14,货币
14,财长
14,调控
14,证件
14,论证
14,言辞
14,视野
14,行政审批
14,蒋经国
14,董事长
14,能源局
14,经济社会
14,绍伊古
14,精英
14,精心
14,答复
14,税务总局
14,离不开
14,相连
14,相交
14,电子商务
14,王金平
14,特约
14,特大
14,潜在
14,渗透
14,混乱
14,注册
14,法内尔
14,步入
14,欧阳玉靖
14,朝野
14,最佳
14,普及
14,晚报
14,显著
14,早报
14,日通
14,日本国会众议院
14,日军
14,族群
14,新北
14,新一
14,撰文
14,摒弃
14,搁置
14,提案
14,推车
14,批驳
14,打算
14,愤怒
14,总量
14,忘记
14,强国
14,废除
14,平衡点
14,家属
14,实有
14,存有
14,好事
14,女性
14,夫人
14,太阳
14,大方向
14,大家庭
14,大佬
14,大于
14,外衣
14,处在
14,壮大
14,塞夫
14,埃及
14,国有
14,和平主义
14,后果
14,吉林
14,合作交流
14,发扬
14,历时
14,历代
14,印象
14,南华
14,半岛
14,动员
14,前来
14,制约
14,制售
14,典型
14,关联
14,克难
14,克里米亚
14,兄弟
14,假设
14,倒退
14,促使
14,伊拉克
14,任性
14,仲裁程序
14,仁爱
14,人心
14,互助
14,于其
14,之年
14,中都
14,中文国际
14,个案
14,东亚地区
14,不公
13,首要
13,馆员
13,颁布
13,颁发
13,顽固
13,震慑
13,陆来
13,阻力
13,长春
13,通电话
13,透明度
13,退休
13,连任
13,边民
13,身体
13,践踏
13,赞扬
13,购买
13,许信良
13,藩篱
13,获取
13,联防
13,联合会
13,职能
13,职务
13,而动
13,罕见
13,给出
13,线索
13,纷扰
13,第六
13,神权
13,石油
13,相应
13,相同
13,盛九元
13,登场
13,电影
13,特权
13,物价
13,潘基文
13,游行
13,消费者
13,海基
13,法新社
13,沙市
13,汽车
13,民族之林
13,正常化
13,松岭
13,村山
13,期盼
13,有望
13,最低
13,最为
13,新局
13,新增
13,政治人物
13,政坛
13,收费
13,收益
13,擘画
13,掌声
13,指明
13,拉美
13,拉拢
13,投资项目
13,战舰
13,战斗
13,意为
13,惨败
13,情感
13,您好
13,强劲
13,开通
13,开工
13,庆典
13,年初
13,崔天凯
13,小康社会
13,寻租
13,对峙
13,容忍
13,宴会
13,客人
13,媒体采访
13,威慑
13,妥协
13,大象
13,大学生
13,多国
13,处置
13,国际金融
13,回国
13,商务
13,哥斯达黎加
13,哈格尔
13,吴登盛
13,同步
13,同一
13,可行
13,另有
13,取决于
13,历史课
13,历史观
13,博鳌
13,博弈
13,南中
13,加拿大
13,办事机构
13,剩下
13,列入
13,划线
13,分裂主义
13,军备
13,公告
13,体会
13,传统文化
13,会通
13,人选
13,人有
13,人工岛
13,互为
13,云南
13,书面
13,习惯
13,也门
13,为由
13,中文
13,中指
13,业态
13,不复存在
13,不作为
13,下旬
13,三楼
13,万余
13,一面
13,一人
12,隔阂
12,陷阱
12,阶级
12,邱毅
12,道尔吉
12,选情
12,近代
12,过度
12,较大
12,走回头路
12,走下去
12,赞
12,资格
12,负担
12,语言
12,讲述
12,让步
12,触动
12,要害
12,药品
12,英国广播公司
12,花学运
12,联手
12,考官
12,罗志军
12,编制
12,缔约国
12,终止
12,立足
12,立体
12,禁毒
12,破冰
12,石龙
12,相遇
12,疑问
12,特首
12,特使
12,牢记
12,牢固
12,爆炸
12,灯塔
12,清朝
12,深表
12,深厚
12,涵盖
12,海关
12,海事
12,派兵
12,法院
12,法西斯
12,毕竟
12,比重
12,比例
12,死亡
12,武器装备
12,核准
12,极地
12,本地
12,未经
12,有损
12,有助
12,暴露出
12,晨报
12,显得
12,日来
12,旗舰
12,文本
12,教师
12,放开
12,提法
12,推动者
12,接任
12,报纸
12,扩建
12,打赢
12,意思
12,惩治
12,悲剧
12,强制
12,张朔
12,废墟
12,年制
12,常委会
12,就学
12,宪政
12,宪制
12,定调
12,安全观
12,存量
12,威胁论
12,大潮
12,多家
12,增大
12,培训
12,地图
12,土壤
12,国际化
12,团长
12,回旋
12,喊话
12,善于
12,合理合法
12,合影
12,史实
12,史上
12,口信
12,发明
12,反潜
12,反法西斯战争
12,双边合作
12,双向
12,压舱石
12,卡里莫夫
12,升温
12,北京大学
12,勒贝格
12,办案
12,割舍
12,初衷
12,刘舒凌
12,划定
12,分离主义
12,农民工
12,军官
12,关闭
12,六国
12,公共卫生
12,儿子
12,傅莹
12,偷渡
12,偏见
12,便车
12,依法行政
12,佛教
12,伯格
12,传染病
12,企盼
12,人道
12,人口政策
12,交谈
12,五年
12,事务部
12,为官
12,为伴
12,中蒙
12,中泰
12,中国社科院
12,东道主
12,世界银行
12,不知
12,不明
12,不想
12,不必要
12,不例外
12,一里
12,一轮
12,一代
11,麻烦
11,驱离
11,马英
11,马尼拉
11,食品
11,风波
11,项目合作
11,韩方
11,零和
11,院校
11,铲除
11,金融时报
11,重回
11,都可
11,部副
11,逻辑
11,连接
11,这句话
11,过关
11,越共
11,走过
11,诸如
11,话语
11,诉诸
11,证据
11,设备
11,许晓青
11,记录
11,观测
11,要素
11,西方人
11,行政执法
11,行业
11,荣誉
11,范畴
11,苍蝇
11,舰船
11,自卫
11,美的
11,美大
11,美台
11,结算
11,经济日报
11,经济形势
11,终身
11,管边治
11,第六届
11,章程
11,秘书
11,科伦坡
11,私利
11,福建省
11,神主牌
11,社会监督
11,码头
11,知识产权
11,着眼点
11,界面
11,电子
11,生存
11,珍视
11,珍爱
11,环保法
11,物品
11,灾害
11,灾区
11,灌输
11,滥用
11,港人
11,涨幅
11,涉嫌
11,治党
11,汉语
11,汉人
11,汇率
11,民警
11,民主化
11,梁国扬
11,核武器
11,构筑
11,杨宇
11,杂志
11,朱卫东
11,期许
11,曾多次
11,暴徒
11,日本经济
11,日文
11,无需
11,无辜
11,无异
11,新作
11,新京报
11,文汇报
11,政经
11,攻坚战
11,支持率
11,撤离
11,推销
11,推迟
11,指示
11,指甲
11,拉赫蒙
11,拉动
11,担负
11,抨击
11,投书
11,扭转
11,打着
11,手续
11,战机
11,情谊
11,思潮
11,心来
11,影片
11,当成
11,建筑物
11,建军
11,广场
11,广东
11,带领
11,市场化
11,山口
11,尹炳世
11,就任
11,导航
11,家乐福
11,审慎
11,宏观经济
11,存款
11,天星
11,天下
11,大使馆
11,多层次
11,声势
11,在场
11,固定
11,因果
11,四川
11,周年活动
11,启程
11,同大
11,司长
11,台方
11,台中
11,可靠
11,变迁
11,发问
11,反驳
11,反思
11,反响
11,双城
11,又是
11,参访团
11,历经
11,危房
11,占有
11,博士
11,华黎明
11,助推
11,割腕
11,削减
11,分类
11,出任
11,决断
11,冲撞
11,军队现代化
11,军民
11,军人
11,军事演习
11,写入
11,内在
11,关于第
11,公明党
11,公报
11,公允
11,全社
11,入境
11,先同
11,偶然
11,信用
11,信仰
11,侥幸
11,使领馆
11,何在
11,伴随
11,会场
11,会员国
11,任何一
11,以下简称
11,从政
11,人群
11,五国
11,争夺
11,为题
11,中将
11,中国社会科学院
11,中一
11,两岸问题
11,丢掉
11,东盟地区
11,不该
11,不行
11,上去
11,三年
11,万套
11,一线
10,马关条约
10,首位
10,雷达
10,雅加达
10,难免
10,隐身
10,隐患
10,陈佐洱
10,阶层
10,队伍
10,长时
10,银川
10,针对性
10,郝柏村
10,道理
10,选项
10,连胜
10,连署
10,迈向
10,迄今为止
10,边缘化
10,辞职
10,跟着
10,跑到
10,赵博
10,走到
10,走出去
10,财经
10,谎言
10,调和
10,课程
10,课本
10,课堂
10,设定
10,论调
10,认清
10,规律
10,表面
10,补选
10,补充
10,英方
10,良知
10,自由贸易区
10,自民
10,脸谱
10,背离
10,肌肉
10,肇事者
10,联训
10,耐心
10,绿色
10,经费
10,经济一体化
10,纷争
10,筹备
10,章称
10,窃取
10,空洞
10,秘书处
10,看点
10,直升机
10,监视
10,申办
10,用心
10,猎豹
10,特征
10,特区
10,牵动
10,热切
10,演练
10,演变
10,清查
10,深感
10,海关总署
10,浙江
10,流动
10,活跃
10,活佛
10,洪奇昌
10,法学
10,沦为
10,民用
10,每一个
10,歧视
10,欧元区
10,检讨
10,标语
10,条规
10,条款
10,期限
10,曝光
10,暧昧
10,暂停
10,智贤
10,明说
10,日程
10,日本共同社
10,无可
10,旗帜
10,新加坡人
10,数字
10,效应
10,效力
10,故事
10,政要
10,支柱
10,搅局
10,接班人
10,换取
10,指日可待
10,指引
10,拉森
10,拉开
10,才华
10,战略性
10,战时
10,感慨
10,想象
10,想到
10,惯例
10,恳谈会
10,总额
10,总领事馆
10,忽略
10,快递
10,形容
10,引擎
10,异议
10,应由
10,应用
10,广播
10,年间
10,平洋
10,平民
10,幅度
10,常驻
10,帕克
10,工具箱
10,展为
10,尼日利亚
10,尼方
10,尖锐
10,导向
10,对策
10,实习
10,定为
10,妨碍
10,奇迹
10,失望
10,大大
10,大地
10,大作
10,大业
10,处境
10,增量
10,地域
10,在建
10,国际合作
10,国资委
10,国父
10,国中
10,围棋
10,团队
10,商铺
10,吊唁
10,号召
10,台北市
10,变数
10,取一
10,发行
10,发展目标
10,发声
10,反潜巡逻机
10,反动
10,友好交流
10,参与者
10,原油
10,厘清
10,卫星
10,协力
10,半年
10,区域性
10,北部
10,北京联合大学
10,包容性
10,包含
10,勾结
10,剧烈
10,划设
10,出卖
10,决议案
10,写道
10,冈田
10,内战
10,养老金
10,其中包括
10,共存
10,共和国
10,公职
10,全美
10,全局
10,全国台湾研究会
10,党际
10,先导
10,储蓄率
10,信赖
10,侨民
10,供应国
10,例子
10,余地
10,位于
10,伦敦
10,休渔
10,份额
10,任也
10,人才
10,乐见
10,之本
10,之声
10,为重
10,中阿
10,中断
10,中学
10,丧失
10,两面性
10,东突
10,专政
10,专属经济区
10,与会者
10,不安
10,不减
10,不停
10,不久
9,黄金
9,高速
9,高清
9,高举
9,驳斥
9,香港特区
9,香港人
9,风口
9,领海
9,预见
9,隐性
9,闪躲
9,银监
9,铜像
9,酒店
9,遇难者
9,通往
9,适度
9,退让
9,违规
9,违章
9,远远
9,远见
9,近邻
9,迈进
9,过渡
9,辩证
9,身在
9,路子
9,越南共产党
9,起义
9,赖清德
9,资讯
9,资产
9,谋势
9,谋划
9,谈论
9,调查局
9,调动
9,误导性
9,询问
9,讲究
9,议案
9,视讯
9,观看
9,要命
9,西湖
9,被捕
9,表演
9,行政院
9,行政区划
9,藏传佛教
9,董倩
9,菲政府
9,英雄
9,英媒
9,芝加哥
9,艰难
9,致使
9,自治机关
9,脱离
9,能导
9,胁迫
9,联络
9,考题
9,美联社
9,缔造
9,绝非
9,结构性
9,纯属
9,竟是
9,立身
9,空心菜
9,稳定性
9,秉承
9,社科院台湾研究所
9,社团
9,示范区
9,着重
9,看似
9,直航
9,监控
9,登上
9,痛批
9,电商
9,生前
9,瑞士
9,理事长
9,激化
9,渎职
9,深圳
9,流域
9,派系
9,洛夫
9,洗钱
9,法定
9,法学界
9,求通
9,永久
9,气力
9,毒品
9,每日
9,每一
9,段话
9,殖民者
9,步骤
9,欧阳开宇
9,欧亚大陆
9,棚户区
9,检验
9,梁振英
9,栏目
9,李辉
9,杀手锏
9,朱穗怡
9,有违
9,有效期
9,月初
9,日本自民党
9,无线电
9,旗号
9,施策
9,新年
9,政治局
9,撕扯
9,搜寻
9,揭批
9,揭幕
9,提议
9,措辞
9,拍摄
9,护卫
9,抗衡
9,扬言
9,执行长
9,情形
9,影视
9,强势
9,引进
9,开支
9,建设者
9,庞大
9,应从
9,广度
9,并称
9,年半
9,年到
9,年代初
9,年两会
9,幕僚
9,席位
9,差别
9,工商界
9,岛国
9,岗位
9,层级
9,就职
9,尔诺
9,将领
9,封闭
9,导演
9,寺庙
9,对手
9,对内
9,对付
9,富裕
9,定向
9,宏观
9,奥迪
9,奥斯本
9,失职
9,太平
9,大通道
9,大臣
9,大楼
9,大政方针
9,外国人
9,外交官
9,夏威夷
9,复杂性
9,增长点
9,域外
9,坦荡
9,地理
9,图片展
9,国安
9,国务院新闻办公室
9,困局
9,困境
9,园区
9,四年
9,唁电
9,哈梅内伊
9,告诫
9,向海
9,向好
9,后进
9,名字
9,名单
9,台美
9,可受
9,变为
9,发言权
9,反观
9,反映出
9,县长
9,南海舰队
9,南洋
9,南方
9,力气
9,副教授
9,前首相
9,前瞻性
9,刺激
9,制衡
9,制度建设
9,到新
9,判断力
9,删除
9,分步
9,减税
9,凌晨
9,准入
9,兼顾
9,养老
9,关键词
9,关怀
9,入手
9,党委
9,免签
9,充斥
9,充当
9,假想敌
9,假冒伪劣
9,保护法
9,保卫
9,依托
9,作风
9,作品
9,余名
9,低迷
9,优惠
9,伊斯兰堡
9,亲属
9,享受到
9,于一个
9,乡亲
9,乐观
9,之国
9,之名
9,中旬
9,中尼
9,中大
9,中国式
9,中华人民
9,东部
9,世界日报
9,上演
9,万隆会议
9,万里
9,一波
9,一己
8,黄少华
8,高速公路
8,高调
8,高涨
8,高峰
8,驱逐舰
8,驱动
8,频率
8,领导层
8,顶住
8,面貌
8,青海
8,难点
8,隔绝
8,陈庆炎
8,阿斯
8,阿坦
8,闹剧
8,销售
8,配备
8,造访
8,通行
8,途中
8,退场
8,追逃
8,迫使
8,进攻
8,进度
8,进取
8,返回
8,辛旗
8,辉煌
8,转世
8,趋于
8,贵族
8,贴近
8,贯穿
8,贫富
8,话语权
8,诉讼
8,评论员
8,设法
8,讲清
8,记得
8,警觉
8,见到
8,要死
8,西沙群岛
8,西安
8,补偿
8,行政管理
8,薄弱
8,蓬勃
8,董监事
8,著名
8,落入
8,菲律宾政府
8,菲国
8,获胜
8,色彩
8,艰巨
8,船舶
8,自觉
8,自助
8,能开
8,聚首
8,美西
8,美国大学
8,美国中央情报局
8,罪行
8,网点
8,网店
8,缺少
8,缩减
8,统派
8,经常性
8,纽约时报
8,纵容
8,约合
8,红线
8,累计
8,精力
8,篇幅
8,管理部门
8,管理办法
8,签约
8,签字
8,等待
8,竞赛
8,立案
8,空前
8,税收
8,税制
8,程永华
8,种子
8,示范
8,研习
8,石块
8,短短
8,知识
8,督促
8,相似
8,直面
8,痛苦
8,留学人员
8,电信
8,用地
8,生于
8,瓦努阿图
8,理想
8,理事
8,王民
8,特派
8,父亲
8,熟悉
8,热衷
8,激励
8,澄清
8,湄公河
8,温和
8,深绿
8,海岸
8,流行
8,注定
8,泛滥
8,法律面
8,河野
8,沙特阿拉伯
8,汤瑛
8,汉族
8,水电
8,民航
8,毫无疑问
8,武则天
8,武冬立
8,棉花棒
8,校长
8,柬埔寨
8,枪击
8,杨喆
8,杜达
8,权贵
8,机密
8,有目共睹
8,替代
8,暴行
8,晚上
8,星岛
8,时限
8,日治
8,日本国会
8,既定
8,无益
8,施工
8,新闻稿
8,文莱
8,敌人
8,政治经济
8,政治家
8,支出
8,操心
8,描绘
8,指望
8,指挥官
8,拉贾
8,拉美地区
8,抽烟
8,抛弃
8,折腾
8,扩展
8,房兵
8,战术
8,成行
8,成多
8,成一个
8,慎防
8,感恩
8,意味
8,悼念
8,恩人
8,恨
8,总督
8,怒
8,忽视
8,当事方
8,强刺激
8,强军
8,弥合
8,建构
8,建党
8,应为
8,庆祝活动
8,并行
8,并同
8,年时
8,帷幕
8,帐篷
8,市场经济
8,巴耶夫
8,工人阶级
8,巡逻艇
8,属实
8,屏障
8,屈服
8,少儿
8,小英
8,小康
8,小孩
8,家人
8,审计署
8,审理
8,实事
8,官兵
8,宗教界
8,安纳
8,守望相助
8,委托
8,女士
8,奉劝
8,大计
8,大校
8,大幅度
8,大华府
8,多重
8,多起
8,复杂化
8,坚称
8,坚信
8,场景
8,地物
8,地支
8,图文
8,国内法规
8,商事
8,售台
8,咫尺
8,咨询
8,吴胜利
8,吴伯雄
8,吕斌
8,吉尔吉斯斯坦
8,各种各样
8,司法机关
8,台新
8,台南
8,可行性研究
8,古代
8,受损
8,发展规划
8,反击
8,参议员
8,历史文化
8,印度尼西亚
8,华侨华人
8,升级版
8,医疗卫生
8,勾连
8,动用
8,加一
8,办公厅
8,办公
8,初期
8,划界
8,分析师
8,关系学
8,公认
8,公理
8,全新
8,全国台联
8,全国两会
8,党人
8,先人
8,借机
8,保守
8,便民
8,侵略者
8,供应
8,作风建设
8,作家
8,低调
8,人和
8,亲情
8,京华时报
8,亦即
8,买房
8,乡村
8,也就是说
8,之义
8,主编
8,主战场
8,主体性
8,为首
8,临近
8,中部
8,中立
8,中学生
8,中午
8,严格按照
8,两国论
8,东北亚地区
8,专职
8,专家解读
8,不良贷款
8,不理
8,不清
8,不测
8,不易
8,不幸
8,不仅仅
8,上海浦东
8,万名
8,一青
8,一群
8,一句话
7,高手
7,高压
7,高于
7,高中生
7,驻军
7,驱逐
7,马方
7,马克思主义
7,香港特别行政区政府
7,首访
7,首席
7,馆舍
7,食品安全
7,风浪
7,风气
7,项目建设
7,韩两国
7,韦奇
7,青瓦台
7,难过
7,降温
7,陈斌华
7,阿扁
7,阐释
7,长江
7,铁路局
7,重要活动
7,重大项目
7,重叠
7,采购
7,郭正亮
7,邮报
7,通路
7,通向
7,通信技术
7,通信
7,逆转
7,追随
7,追赃
7,迷失
7,连线
7,远离
7,还原
7,近年
7,过境
7,辜宽敏
7,轻人
7,身穿
7,超级大国
7,超出
7,赴日
7,走近
7,赖士葆
7,赌徒
7,贺电
7,谬论
7,调研
7,说服
7,语言文字
7,语文
7,许可证
7,许利平
7,视作
7,观摩
7,要点
7,要强
7,西亚
7,行评
7,行政机关
7,虚构
7,蔓延
7,蓝天
7,落脚点
7,落下
7,萨德
7,萨勒曼
7,获益
7,获悉
7,致哀
7,至上
7,自由化
7,自然性
7,自治法
7,自治州
7,自有
7,能行
7,股权
7,职工
7,耐力
7,美国之音
7,缅甸政府
7,统计局
7,结构调整
7,纳吉布
7,精神家园
7,算是
7,简化
7,筹划
7,答辩
7,第四届
7,稳妥
7,稳健
7,税率
7,种地
7,福建省委
7,福建厦门
7,社科院
7,社会经济
7,示威者
7,睦邻
7,眼睛
7,相待
7,相当于
7,目录
7,盛赞
7,盛会
7,益于
7,百名
7,登陆舰
7,疾病
7,疑似
7,略有
7,留学生
7,界限
7,电话
7,用法
7,用来
7,生命力
7,瓦尔
7,王建民
7,王光亚
7,犀利
7,爆炸物
7,烈士
7,点亮
7,游戏
7,渴望
7,港澳地区
7,清华大学
7,深重
7,海神
7,海洋局
7,海军陆战队
7,洪亮
7,洛杉矶
7,波平
7,泛亚
7,法西斯主义
7,法律界
7,法律法规
7,法庭
7,法令
7,河内
7,永生
7,民粹主义
7,民族主义
7,民主派
7,毗邻
7,毕业生
7,残酷
7,武汉
7,武官
7,步进
7,检视
7,根本性
7,根子
7,核实
7,林业
7,杨毅周
7,李克
7,李保东
7,权限
7,有近
7,有别
7,有为
7,月前
7,更具
7,曲折
7,暗示
7,昨晚
7,日发布
7,方通过
7,方来
7,新闻出版
7,新能源
7,新加坡共和国
7,斯克
7,效益
7,政策法律
7,政变
7,放行
7,放心
7,授予
7,拜登
7,拜会
7,报系
7,抗议声
7,投降
7,技术合作
7,技术产品
7,承载
7,执政者
7,才培养
7,手软
7,房价
7,战败
7,战胜
7,惠民
7,恶斗
7,心情
7,得逞
7,得来
7,律师
7,往年
7,往前
7,形态
7,录取
7,强迫
7,强权
7,弹性
7,张志
7,开罗
7,延长
7,广州
7,年份
7,带给
7,巴拉望岛
7,工程建设
7,工人
7,岸信介
7,居住证
7,少将
7,宣告
7,审判
7,实则
7,定价
7,官媒
7,安置点
7,守成
7,学联
7,孤立
7,孟加拉国
7,姑息
7,好莱坞
7,好看
7,奴隶
7,女人
7,失忆
7,太远
7,天石
7,天然林
7,大昭寺
7,大岛
7,大小
7,大发
7,大伟
7,多渠道
7,多样性
7,外贸
7,外在
7,处分
7,基调
7,基本国策
7,垃圾
7,坦率
7,均衡
7,地气
7,在即
7,国际货币基金组织
7,国际会议
7,国防建设
7,国议会
7,国策
7,国力
7,围墙
7,困扰
7,团组
7,因地制宜
7,回首
7,喷漆
7,商报
7,哲学
7,命名
7,吴士存
7,吐蕃
7,后台
7,后勤
7,吉隆坡
7,合流
7,各项活动
7,司令员
7,史料
7,台大
7,可在
7,可以通过
7,可以使
7,叛逃
7,受权
7,发誓
7,发自
7,发文
7,发展论坛
7,发展前景
7,反核
7,印制
7,博物馆
7,南部
7,单增曲
7,医保
7,办事处
7,利于
7,初步
7,创意
7,刘震
7,刘国深
7,划分
7,刑事
7,分布
7,出自
7,出线
7,出席会议
7,减贫
7,冰箱门
7,冰箱
7,养老保险
7,兵力
7,公立
7,入选
7,免费
7,元素
7,傲慢
7,储备
7,停留
7,倾斜
7,信誉
7,信众
7,侨务
7,作答
7,余起
7,何能
7,住在
7,低收入
7,估计
7,交锋
7,交汇点
7,交代
7,亚欧
7,于通过
7,于任何
7,事中
7,乃堆拉
7,主旨
7,中央人民广播电台
7,中国海
7,中国台湾
7,中南部
7,严密
7,业务
7,不平
7,不在
7,不可逆转
7,不具
7,上进
7,上海东方
7,三条
7,一生
7,一根
7,一开
7,一刻
6,龙明彪
6,黑暗
6,黎海平
6,麦凯恩
6,魔术
6,高雄
6,高科技
6,高技术
6,骄傲
6,驻扎
6,马晓叶
6,马尼拉湾
6,马上
6,首脑会
6,首届
6,风雨
6,领先
6,预料
6,顶
6,韩国政府
6,震撼
6,震动
6,难民
6,难关
6,隐瞒
6,限于
6,降半旗
6,阿巴
6,阿什顿
6,阴影
6,防线
6,队员
6,闹事
6,钻井
6,金恒炜
6,重任
6,采编
6,都市报
6,郑泽光
6,邢利宇
6,道出
6,道义
6,逼近
6,通讯社
6,选出
6,退缩
6,迫切
6,进行式
6,进境
6,进出口
6,辽阔
6,辩护
6,辛苦
6,辖区
6,轻装
6,轮替
6,轮值
6,车辆
6,跨过
6,走访
6,走势
6,资产阶级
6,货物
6,责任制
6,负有
6,谢罪
6,谈得
6,调解
6,读书
6,诸岛及
6,诗人
6,试验区
6,评判
6,证照
6,讽刺
6,许雪毅
6,讯息
6,议论
6,詹姆斯
6,言之
6,触及
6,解职
6,视察
6,规格
6,见解
6,西线
6,袭扰
6,表情
6,行政权
6,藏南
6,蒙方
6,葬礼
6,董事
6,落户
6,落地
6,萧师言
6,草原
6,芮效俭
6,节能环保
6,节能
6,航班
6,自豪
6,胞波
6,聚集
6,联网
6,职权
6,职位
6,职业
6,老师
6,翻过
6,翅膀
6,美英
6,美色
6,美式
6,美丽
6,缺水
6,综合性
6,综合征
6,绘制
6,结缘
6,结成
6,经验交流
6,经贸往来
6,经略
6,经受
6,终结
6,纸质
6,约束力
6,纠结
6,纠正
6,素质
6,系统性
6,糟糕
6,管理制度
6,第五届
6,立法权
6,科工
6,研究会
6,石头
6,石器时代
6,短片
6,督办
6,看重
6,看好
6,看台
6,相通
6,相近
6,相差
6,直言
6,目光
6,盆景
6,百姓
6,白俄罗斯
6,疯狂
6,用途
6,用权
6,生活方式
6,生产总值
6,环球
6,环保标准
6,王郁琦
6,独裁
6,版本
6,父母
6,爱好
6,爆炸案
6,焰火
6,炮弹
6,灾情
6,火炮
6,澳门日报
6,澳大利亚政府
6,源于
6,港府
6,港台
6,清醒
6,深深
6,消失
6,海波
6,海南
6,浪潮
6,浓厚
6,测试
6,波折
6,泛蓝
6,法轮功
6,法规
6,沿岸
6,沉重
6,污蔑
6,水污染
6,气势
6,民主主义
6,毕业
6,比作
6,残余
6,殆尽
6,正处
6,欺负
6,桥梁
6,核查
6,标签
6,枢纽
6,果实
6,林义雄
6,构陷
6,松野
6,来回
6,来台
6,来去
6,来京
6,杜尚别
6,李成
6,李寒芳
6,权威性
6,杂居
6,杀伤性
6,朴正熙
6,朱惠怡
6,朱佳妮
6,本币
6,未成年人
6,望远
6,有如
6,有变
6,最重
6,更深
6,曙光
6,晾晒
6,明放暗
6,时出
6,旧金山
6,日记
6,日常
6,日印
6,无关
6,旅行
6,新生
6,新旧
6,斯方
6,断交
6,文物保护
6,文化部
6,文化教育
6,政界
6,政府机关
6,政制
6,支队
6,操纵
6,撤销
6,摘要
6,搁浅
6,排名
6,振源
6,拟定
6,抗议者
6,投资额
6,投资者
6,抓手
6,托马斯
6,打仗
6,打交道
6,手机
6,所属
6,户籍制度
6,战胜国
6,战线
6,战事
6,我们相信
6,惨痛
6,恶劣
6,恐惧
6,总领事
6,总体规划
6,急需
6,急于
6,念书
6,志趣
6,必能
6,得知
6,影视作品
6,影子
6,彭博社
6,当政
6,强度
6,张勤
6,张亚
6,建设项目
6,廖攀
6,应以
6,庄严
6,广网
6,幻觉
6,并重
6,并存
6,年的发展
6,幌子
6,席次
6,带头
6,市县
6,巴基斯坦政府
6,工资
6,崔文毅
6,山东
6,尝试
6,射击
6,封信
6,对等
6,对决
6,富民
6,富春
6,家里
6,宣战
6,宣传品
6,实为
6,宗教信仰
6,学法
6,学位
6,学会
6,孙亚夫
6,字眼
6,子岛
6,子女
6,威权
6,始作俑者
6,妄称
6,妄图
6,好兄弟
6,奥克兰
6,夸大
6,大败
6,大盘
6,大屠杀
6,大声
6,够用
6,多哈
6,多元化
6,外面
6,外资
6,外来
6,外商投资
6,复旦大学
6,备案
6,增效
6,填补
6,埃森
6,坚强
6,坚守
6,在座
6,国际贸易
6,国际政治
6,国际关系学院
6,国葬
6,国民政府
6,国民党中央
6,国歌
6,国务院侨办
6,回来
6,回家
6,四面
6,嘉宾
6,喇嘛
6,善后
6,商界
6,唯恐
6,唐朝
6,唆使
6,哈桑纳尔
6,呈交
6,吸引外资
6,吸引力
6,后代
6,名额
6,同等
6,同盟国
6,同年
6,合适
6,司令部
6,台湾大学
6,可行性
6,召集人
6,叫嚣
6,受阻
6,受访
6,受害国
6,发达
6,发来
6,发射
6,反馈
6,反弹
6,及信息
6,参阅
6,参会
6,原有
6,压迫
6,压制
6,南北
6,南加州
6,华侨
6,北约
6,化为
6,包袱
6,动乱
6,加工
6,功不可没
6,办成
6,力挺
6,剥夺
6,前方
6,利率
6,利民
6,利好
6,创建
6,刚果
6,刑警
6,切实可行
6,分组
6,分为
6,函件
6,出身
6,出席活动
6,减法
6,减排
6,决不能
6,冬奥会
6,农牧民
6,农奴主
6,军政
6,军区
6,军事报道
6,典礼
6,关乎
6,公海
6,公明
6,全省
6,全局性
6,全区
6,党团
6,党代表
6,克林顿
6,儿童
6,僵局
6,僧俗
6,催生
6,偷渡者
6,停滞
6,偏好
6,假借
6,候任
6,信访
6,便有
6,依存度
6,供给
6,供电
6,佟刚
6,位列
6,会同
6,伙伴国
6,伊始
6,任总
6,任内
6,以色列
6,以期
6,以太
6,人称
6,人民代表
6,人大常委会
6,亮相
6,享年
6,产物
6,交给
6,交易
6,亚信
6,亚丁湾
6,于我们
6,事端
6,事态法
6,事业单位
6,乡愁
6,乌兰巴托
6,主观
6,主导权
6,为政
6,丹戎
6,中西部
6,中联部
6,中沙
6,中止
6,中欧
6,中央人民政府
6,中天
6,中国空军
6,中华儿女
6,中华人民共和国政府
6,中加
6,严查
6,业界
6,专机
6,丑化
6,不避
6,不良
6,不爱
6,不当
6,不小
6,不妥
6,不合
6,不值
6,不依
6,不予
6,下限
6,下跌
6,下落
6,下台
6,上海社科院
6,上海市
6,上届
6,上举
6,三通
6,三地
6,七十年代
6,一百多
6,一意孤行
6,一座
6,一世
5,鼓动
5,高龄
5,高标准
5,骚乱
5,驻外
5,驻地
5,马里
5,马德林
5,香港立法会
5,首场
5,馆区
5,饮水
5,飞起
5,风险评估
5,频道
5,颇为
5,领事馆
5,顾时宏
5,顶层
5,音乐
5,韩国国会
5,面纱
5,面孔
5,靠拢
5,非军事
5,雁栖湖
5,难得
5,隶属
5,隐藏
5,陶社兰
5,陈训秋
5,陆轻海
5,陆海
5,阿齐兹
5,阵线
5,阴谋
5,队长
5,阅兵式
5,长久
5,锁定
5,铺路
5,铁杆
5,钓鱼台国宾馆
5,钓鱼台
5,金陵晚报
5,重复
5,邱义仁
5,遥远
5,遗忘
5,造势
5,通行证
5,通畅
5,递交
5,透露出
5,选择性
5,逆流
5,逃犯
5,适逢
5,适合
5,退役
5,迹象
5,述评
5,连破三
5,远东
5,进藏
5,进城
5,返台
5,近乎
5,迎合
5,迈入
5,过来
5,过半
5,迁移
5,迁就
5,边贸
5,边缘
5,边站
5,辞世
5,辜负
5,较劲
5,身着
5,身为
5,践行
5,跨越式
5,跟进
5,足以
5,赤字
5,赢家
5,赞助
5,赌博
5,费劲
5,贫穷
5,贪污
5,质询
5,财政政策
5,谎称
5,谈起
5,诺夫
5,请益
5,说明会
5,说出
5,诚信
5,设在
5,讲明
5,记载
5,议和
5,警卫队
5,解码
5,解套
5,角力
5,覆盖面
5,要务
5,西太
5,裁决
5,衰落
5,补给
5,行长
5,行都
5,行列
5,行军
5,行不通
5,血泪
5,蛊惑
5,虚假
5,藏语文
5,藏文
5,薇薇
5,蒋氏
5,蒋像
5,董云裳
5,落幕
5,萧万长
5,菁英
5,草地
5,范例
5,英烈
5,苏西洛
5,花费
5,节水
5,艺术
5,航运
5,致信
5,自身建设
5,自称
5,自治权
5,自治县
5,自欺欺人
5,自愿
5,自律
5,脉络
5,胸怀
5,胡志明
5,胡令远
5,肩膀
5,聚居区
5,联欢
5,联合国大会
5,考试
5,老人
5,老一辈
5,美称
5,美澳
5,罗萨里奥
5,罗伯特
5,网友
5,缺陷
5,统独
5,统合
5,经营性
5,组合
5,红色
5,紧箍咒
5,精彩
5,算计
5,简称
5,筹资
5,筹组
5,笼罩
5,第八
5,第二十五
5,站起
5,站上
5,立命
5,穿鞋
5,穿着
5,稿件
5,称霸
5,称呼
5,租金
5,秘密
5,科技成果
5,科技创新
5,种族
5,离世
5,福利
5,祈福
5,祈祷
5,社运
5,社会稳定
5,社会性
5,社交
5,礼遇
5,确信
5,硕果
5,着墨
5,眼前
5,真理性
5,看清
5,省级
5,省市
5,省委
5,省份
5,相称
5,相悖
5,相得益彰
5,直说
5,直指
5,目的地
5,盘点
5,监禁
5,监督工作
5,益处
5,皇帝
5,百年
5,瘫痪
5,留下来
5,畅通
5,电子报
5,电子化
5,电子产品
5,由美国
5,生产力
5,甘肃
5,玻璃门
5,现身
5,王高成
5,王昆义
5,独角戏
5,狠抓
5,狂妄
5,犯规
5,特质
5,特困
5,父子
5,爱民
5,焦虑
5,热爱
5,烧毁
5,烟花
5,激动
5,澳门回归
5,澳大
5,潘迪
5,潘清
5,漫长
5,演绎
5,滞留
5,滋事
5,溃败
5,港区
5,温度
5,温室
5,渡过
5,深思
5,涌入
5,涉及到
5,流利
5,流上
5,派出所
5,注视
5,波茨坦
5,波及
5,法规制度
5,法人
5,治理结构
5,治本
5,沉默
5,汤彦俊
5,汇集
5,求同
5,水面
5,水区
5,水利
5,气体
5,民航局
5,民房
5,民意代表
5,比赛
5,母子
5,毋庸讳言
5,残疾人
5,武备
5,正门
5,正轨
5,正值
5,次日
5,楚天
5,桃园
5,格林
5,根基
5,样板
5,架空
5,枪杀
5,果断
5,果敢
5,林奕华
5,杨秀萍
5,杠杆
5,材料
5,李琳
5,李义虎
5,权谋
5,杀害
5,机器
5,朝方
5,有生之年
5,有法不依
5,有无
5,有效性
5,有感
5,曾于
5,景象
5,显现
5,昭示
5,明智
5,时间表
5,时有发生
5,时局
5,时分
5,时光
5,早餐会
5,日到
5,无缝
5,无根
5,无助
5,旅客
5,施暴
5,方略
5,新高
5,新闻社
5,新闻媒体
5,新观点
5,新台币
5,新世纪
5,斡旋
5,文艺
5,文化发展
5,整备
5,敲定
5,数额
5,教育部长
5,教唆
5,教义
5,政治化
5,政情
5,政府性
5,政务公开
5,放话
5,放松
5,放权
5,攻坚
5,攻势
5,改观
5,改版
5,收费标准
5,支点
5,攀升
5,撰写
5,摧毁
5,搭载
5,揭橥
5,揭晓
5,揭开
5,揣测
5,掩饰
5,掩护
5,推开
5,探寻
5,据点
5,捐赠
5,捐款
5,挑动
5,挂钩
5,持有
5,拼命
5,拐杖
5,拉萨市
5,抬头
5,投资环境
5,投资性
5,承包制
5,打造成
5,打工
5,扎根
5,房屋
5,户口
5,截止
5,战略规划
5,战役
5,成都
5,成因
5,愧疚
5,愈来愈
5,惩罚
5,惩处
5,恰逢其时
5,总裁
5,总会
5,性格
5,快讯
5,心愿
5,德维尔
5,德尔
5,微笑
5,得票率
5,得失
5,得了
5,征召
5,彭博
5,归还
5,归因
5,强征
5,强将
5,强力
5,张玉国
5,开车
5,开局
5,建设规划
5,应尽
5,应付
5,庄礼伟
5,幽燕
5,并进
5,并作
5,年期
5,年成
5,平均
5,常识
5,常明
5,常大
5,希腊议会
5,布鲁塞尔
5,布达拉宫广场
5,市民化
5,市政府
5,巴丹
5,巧合
5,工作报告
5,工业化
5,崇尚
5,履新
5,屠杀
5,局限
5,尴尬
5,就业机会
5,尤为
5,小结
5,小城镇
5,将台
5,寄递
5,宽松
5,审批程序
5,实效
5,实弹
5,定制
5,安全生产
5,安全局
5,守法
5,宅基地
5,学界
5,姜景奎
5,始于
5,妹妹
5,妖魔化
5,如能
5,奥地利
5,契合点
5,头颅
5,失误
5,失业率
5,太空
5,太祖
5,太平洋地区
5,天花板
5,大胜
5,大戏
5,大便
5,多边贸易
5,多点
5,多方面
5,多久
5,外来人口
5,外务省
5,外事
5,夏天
5,境界
5,塔斯社
5,基本面
5,城市群
5,地级市
5,在意
5,在后
5,土耳其
5,国际法庭
5,国际条约
5,国际机场
5,国际性
5,国际奥委会
5,国际原子能机构
5,国防科技
5,国防科
5,国防大学
5,国民经济
5,国有资产
5,团结互助
5,回想
5,善良
5,商机
5,唾弃
5,哥伦比亚
5,品牌
5,和众
5,呼应
5,周永康
5,周恩来
5,告别
5,启迪
5,听听
5,向西
5,后门
5,后发
5,名誉
5,同学
5,同城
5,同事
5,合脚
5,合作区
5,台风
5,台通
5,可说是
5,可惜
5,可怜
5,只不过
5,口头
5,口味
5,变革
5,受访者
5,受益者
5,取证
5,发掘
5,发展现状
5,反黑
5,又称
5,参院
5,参赞
5,参考
5,参与面
5,历史学家
5,卸任
5,卷入
5,南京大学
5,华文
5,华广
5,医生
5,北京市
5,包藏
5,加码
5,加分
5,办实事
5,前所
5,前任
5,制宪
5,创造力
5,创办
5,刚性
5,刘江永
5,列为
5,切身
5,切断
5,击败
5,击落
5,出走
5,出资
5,出炉
5,出头
5,出发点
5,出入
5,凝聚力
5,减轻
5,况且
5,况下
5,冲刺
5,军大
5,冒险
5,兴起
5,关头
5,关卡
5,共通性
5,共处
5,共和党
5,六十年
5,六世
5,公署
5,公款
5,公信力
5,入市
5,党政军
5,党政
5,党务
5,兑换
5,免于
5,先驱
5,先机
5,充足率
5,像是
5,傍晚
5,做生意
5,做为
5,债券
5,信贷
5,信守
5,俗话说
5,便宜
5,侵华
5,侧重
5,依法治理
5,依存
5,何时
5,低廉
5,传达
5,会期
5,优势互补
5,企业界
5,企业注册
5,任使
5,任何可
5,以理
5,以求
5,仅次于
5,人气
5,人民解放军
5,亲近
5,亲密
5,亲历者
5,亲人
5,亮丽
5,京都
5,交付
5,亟待
5,亚美尼亚
5,亚欧大陆桥
5,亚欧会议
5,五岳
5,于此
5,于两国
5,了解到
5,乞丐
5,之水
5,之心
5,主轴
5,主因
5,为民
5,中阿关系
5,中资企业
5,中美商贸联委会
5,中常
5,中实
5,中国海军舰艇编队
5,严加
5,世贸组织
5,不透
5,不说
5,不见
5,不禁
5,不法分子
5,不正
5,不懈
5,下调
5,下滑
5,下发
5,下令
5,上风
5,上级
5,上层
5,万隆
5,万户
5,万家
5,万字
5,万元
5,七大
5,一流
5,一新
5,一侧
4,齐心
4,黩武
4,黄色
4,黄永宏
4,鸟巢
4,高铁
4,高质量
4,高脚屋
4,高村
4,高层次
4,高地
4,高呼
4,驱赶
4,马欢岛
4,马尔代夫
4,马前卒
4,香港特别行政区
4,首长
4,饰演
4,飞过
4,飓风
4,风貌
4,频发
4,领主
4,预警
4,顾客
4,顺畅
4,项下
4,韩民求
4,韩日
4,韦伦
4,革命性
4,面达
4,非物质文化
4,非凡
4,非人
4,青睐
4,霸权主义
4,雪崩
4,集聚
4,集结
4,雄心
4,险恶
4,陕西
4,限度
4,陈述
4,陈云林
4,阿旺
4,阿拉伯
4,阵地
4,防暴队
4,防暴
4,防备
4,闹事者
4,间隙
4,间断
4,闲暇
4,闭门
4,门巴族
4,铺垫
4,铁票
4,铁矿石
4,金额
4,金融服务
4,野生
4,重要文献
4,重拳
4,重心
4,重大决策
4,重伤
4,里都
4,里程碑式
4,采纳
4,采写
4,酸葡萄
4,部落
4,部委
4,邻居家
4,邀请函
4,遮遮掩掩
4,造船厂
4,通航
4,透风
4,选举权
4,逃亡
4,追问
4,连走两
4,连胡五
4,连胡
4,连结
4,连同
4,远东地区
4,进一
4,还草
4,近海
4,运城
4,过渡期
4,过往
4,过多
4,过上
4,辩解
4,辞去
4,轻伤
4,转为
4,身心健康
4,路人
4,跨界
4,跟班
4,跃跃
4,足球
4,越通社
4,越南社会主义共和国
4,越南外交部
4,超大
4,赵盛楠
4,走来
4,赫芬顿
4,赢取
4,费信岛
4,购房
4,贫困地区
4,货品
4,财政赤字
4,财团
4,貌似
4,谩骂
4,谋私
4,谋取
4,调低
4,说词
4,说服力
4,试探
4,评语
4,设限
4,论文
4,许其亮
4,讲台
4,议院
4,讨好
4,计算
4,警务
4,誓言
4,觊觎
4,视角
4,规划建设
4,观察员
4,要员
4,西里塞纳
4,西藏地区
4,西姆拉
4,衰败
4,行政区域
4,融洽
4,蜕变
4,蛮横
4,虚伪性
4,蕴含
4,蒙古
4,蒋化
4,落差
4,萨尔
4,菲律宾共和国
4,获准
4,苹果
4,英美
4,英国人
4,英勇
4,苦果
4,若水
4,苏贞昌
4,苏莱曼
4,苏州工业园区
4,苏嘉宏
4,艰苦
4,舰只
4,舞蹈
4,自由行
4,自曝
4,自大
4,臣服
4,膨胀
4,脱贫
4,脚步
4,能达
4,能化
4,胜仗
4,背书
4,育新
4,肚子
4,聪明
4,联通
4,联谊会
4,联结
4,联合主办
4,职级
4,聂拉木县
4,耽误
4,耕地
4,老朋友
4,翟隽
4,美国有线电视新闻网
4,美国参议院
4,美国务院
4,美国军事
4,美国众议院
4,置身
4,罪名
4,网上办事
4,缺席
4,缩短
4,编织
4,绽放
4,维族
4,维护者
4,绕过
4,结束语
4,经济界
4,经典
4,终点
4,细化
4,组织者
4,组织活动
4,组成人员
4,线路
4,纳亚克
4,精神生活
4,精准
4,粗暴
4,管理权
4,简讯
4,简短
4,筹码
4,筹办
4,等级
4,第十八
4,第二届
4,章节
4,立于
4,突破口
4,突发事件
4,突发
4,空防
4,空话
4,空识区
4,空袭
4,穷人
4,穆罕默德
4,称谓
4,称号
4,科目
4,科夫
4,种类
4,福州
4,祥和
4,神社
4,祝建军
4,祝寿
4,祖马以
4,祖籍
4,社科院台研所
4,社民
4,社会文化
4,社会支持
4,社会团体
4,社会保障
4,破获
4,破产
4,研究机构
4,研究室
4,矿产资源
4,石之瑜
4,眼球
4,真假
4,看过
4,看清楚
4,相会
4,相亲
4,盲目
4,盛佳鹏
4,盛事
4,监狱
4,监察部
4,白色恐怖
4,登台
4,疫区
4,留学
4,留在
4,畏惧
4,画面
4,画像
4,男性
4,申明
4,由来
4,用户
4,生涯
4,生态城
4,生力军
4,瓶颈
4,瓦房
4,瓜达
4,珞巴族
4,珍贵
4,环境治理
4,王玉主
4,王岐山
4,王修君
4,狭小
4,牺牲品
4,特派员
4,特性
4,特别提款权
4,牧民
4,版权
4,版图
4,燃眉之急
4,煤炭
4,热线电话
4,点名
4,炫耀
4,灵魂
4,灯光
4,火炬
4,灌水
4,瀛台
4,激情
4,澳门特区
4,澳门地区
4,潜台词
4,源自
4,游说
4,游泳
4,温暖
4,温冰
4,清洁
4,深谙
4,深意
4,深情
4,海防
4,海警
4,海研中心
4,海巡
4,海峡两岸关系协会
4,海尔
4,海外华侨
4,浪费
4,流程
4,洽谈会
4,洪森
4,洪农
4,泰方
4,注册资本
4,法律文件
4,泄露
4,治污
4,治标
4,治权
4,油品
4,河南
4,沮丧
4,没用
4,沙洲
4,沃姆斯
4,汤加
4,污名
4,江苏省委
4,江田
4,江河
4,汉武帝
4,永暑礁
4,永明
4,永兴岛
4,水库
4,气象局
4,气息
4,民运
4,民族文化
4,民政
4,民主党派
4,比拼
4,比丘
4,残障
4,死穴
4,武警部队
4,此刻
4,正道
4,正当性
4,正名
4,欣慰
4,次大陆
4,次区域
4,横行
4,横向
4,模范
4,樟木镇
4,榜样
4,棍棒
4,梅德韦杰夫
4,案例
4,核电
4,标榜
4,柯比
4,查验
4,查阅
4,查获
4,柏林
4,林劲
4,杰出
4,杨伯江
4,来自台湾
4,村镇
4,村山富市
4,李鹏
4,李沛霖
4,李姝
4,权衡
4,机械
4,机制化
4,朱马里
4,朱佳木
4,朱习
4,本省人
4,本性
4,未决
4,服从
4,朋友家
4,朋友圈
4,有功
4,最长
4,最快
4,最强
4,最基本
4,曾就
4,曾任
4,曾两次
4,曲线
4,暗杀
4,暑期
4,智能
4,智囊
4,普拉
4,显露
4,昭然若揭
4,星期
4,昔日
4,易先良
4,明星
4,明报
4,昂山
4,日本海
4,日出版
4,日内瓦
4,日共
4,无误
4,无畏
4,无效
4,无害
4,无力
4,无休止
4,无人机
4,旋律
4,旅游线路
4,旅游局
4,新闻记者
4,新篇章
4,新疆维吾尔自治区
4,新浪网
4,新政
4,新意
4,文明建设
4,文宣
4,文字游戏
4,数千
4,敬意
4,教育方
4,教学
4,效能
4,故障
4,政治系
4,政教
4,收复
4,摸索
4,摄影展
4,援藏
4,提防
4,提早
4,推进器
4,推荐
4,接纳
4,探究
4,探测
4,探亲
4,掠夺
4,掌握在
4,授课
4,捣乱
4,捞取
4,挑衅性
4,挑明
4,指控
4,指定
4,指南
4,拨开
4,招生
4,招牌
4,拓宽
4,拍片
4,拍成
4,拉玛
4,拉合尔
4,抢占
4,投掷
4,抒发
4,扫除
4,扩大化
4,扩军
4,执政权
4,打回
4,打压
4,才旦
4,所知
4,所得
4,所为
4,戚嘉林
4,战犯
4,战斗力
4,战力
4,成都军区
4,成形
4,成后
4,成分论
4,愤慨
4,感动
4,惠灵顿
4,惠侨
4,情景
4,情怀
4,悲哀
4,恳切
4,恰当
4,总纲
4,总政治部
4,总揽
4,总公司
4,怪论
4,性别
4,思想库
4,怀抱
4,忧心
4,忠诚
4,志工
4,必要性
4,必备
4,心痛
4,心声
4,微妙
4,得台
4,徒劳
4,归属
4,强音
4,强拉
4,弹道导弹
4,弱点
4,弯路
4,张荣恭
4,张晋创
4,张文
4,张建
4,开阔
4,开设
4,开放型
4,开幕会
4,开发经营
4,开发区
4,延期
4,廉洁
4,廉政
4,座位
4,店集
4,底牌
4,应通过
4,应询时
4,序幕
4,庆生
4,广电总局
4,年级
4,年头
4,平常心
4,干净
4,干事长
4,常有
4,常好
4,常任
4,帝国
4,布什
4,巴葛区
4,已通过
4,左派
4,工商联
4,工作者
4,岂不
4,屋顶
4,居留
4,尽速
4,尽力
4,就读
4,就医
4,尔港
4,小说网
4,小心
4,小学
4,小城
4,小型
4,小事
4,尊敬
4,导报
4,富强
4,富人
4,宽容
4,家族
4,客机
4,审视
4,实验室
4,实践性
4,实战
4,实兵
4,宜居
4,定都
4,官房长官
4,宗海
4,宏伟
4,完工
4,安娜
4,安危
4,安全区
4,宁夏
4,学科
4,学到
4,孤儿
4,季节
4,孟建柱
4,孟加拉
4,孙中山
4,子弟兵
4,嫌疑人
4,媳妇
4,媒体关注
4,婚姻
4,如愿
4,好戏
4,好中
4,奏响
4,夺取
4,失衡
4,失火
4,失信
4,失业保险
4,夫妇
4,天都
4,天会
4,大队
4,大脑
4,大病
4,大浪
4,大旗
4,大团结
4,大典
4,大任
4,大人
4,多边化
4,多维
4,多极
4,多天
4,外祖父
4,复电
4,处罚
4,声言
4,墨西哥
4,增至
4,增幅
4,堪称
4,堪培拉
4,堡垒
4,基础建设
4,基本权利
4,基建
4,城区
4,埃森市
4,坦克
4,坐床
4,坐在
4,地表
4,地下
4,地上
4,在城镇
4,在世
4,圣地
4,图普
4,国特
4,国洪
4,国有企业
4,国建
4,国家民委
4,国内法
4,国一
4,围栏
4,因小失大
4,回合
4,喜欢
4,善用
4,善处
4,商品价格
4,商会
4,商人
4,商业性
4,哥哥
4,响起
4,哈珀
4,咖啡屋
4,周期
4,员工
4,吸纳
4,吴昌德
4,吴惠秋
4,吴思华
4,启发
4,听命
4,吕耀东
4,吕秀莲
4,向心力
4,向往
4,后院
4,后尘
4,后备力量
4,名录
4,同行
4,同宗
4,同下
4,吊销
4,吉隆
4,合理性
4,合乎
4,司法部
4,台湾省
4,台企
4,可言
4,可笑
4,可知
4,可用
4,可控
4,可持续性
4,可将
4,可喜
4,古巴
4,口水
4,叙旧
4,叙利亚政府
4,变相
4,变换
4,反对者
4,双黄
4,双手
4,参照
4,县市长
4,县城
4,原话
4,原文
4,危难
4,危及
4,危举
4,印象深刻
4,印度斯坦
4,印发
4,卢比
4,卢卡申科
4,卡鲁纳
4,占比
4,南方日报
4,南德
4,南宫
4,卓越
4,华盛顿邮报
4,升旗
4,千年
4,十足
4,区分
4,匹配
4,北部湾
4,北京军区
4,匈牙利
4,勾联
4,勤务
4,勘探
4,勋章
4,劳工
4,劳动
4,动态
4,劝说
4,力求
4,力图
4,割断
4,割伤
4,副助理
4,剧变
4,前路
4,前言
4,前沿
4,前天
4,前列
4,制高点
4,刮目相看
4,利器
4,利亚等
4,判处
4,判刑
4,判决
4,创设
4,创作
4,刘振民
4,刘云山
4,列岛
4,刑法
4,切都
4,分担
4,分区
4,刀刃
4,刀具
4,出面
4,出狱
4,出海
4,出动
4,减损
4,冲入
4,冯玮
4,农牧区
4,农业技术
4,军工
4,军事训练
4,军事科学院
4,册封
4,内耗
4,内容丰富
4,其职
4,兵营
4,关注点
4,关友飞
4,共鸣
4,共聚一堂
4,共庆
4,共和
4,共同点
4,兰州
4,兰卡
4,六年
4,六下
4,公益
4,公投
4,公安部出入境管理局
4,公安局
4,公交
4,八年
4,全过程
4,全力以赴
4,全党
4,入狱
4,入出境
4,党派团体
4,兑现
4,光盘
4,光下
4,先贤
4,先前
4,元朝
4,元帅
4,停战
4,停工
4,做官
4,假装
4,倾听
4,借此机会
4,修法
4,修复
4,信教
4,信念
4,侦查
4,供应链
4,佳佳
4,作对
4,何除霾
4,何处
4,何从
4,低成本
4,低保
4,低于
4,似是而非
4,传授
4,传奇
4,会议议程
4,会议所
4,会计师
4,会所
4,会庆
4,会务
4,休息
4,伐木工
4,任命
4,任免
4,任何时
4,价值链
4,以东
4,从没
4,人质
4,人脉
4,人皮
4,人民网
4,人权问题
4,人工
4,人多
4,人员培训
4,人事
4,亲近感
4,亲民党
4,亲历
4,京津冀
4,产量
4,交通运输
4,交流经验
4,交战
4,交响乐
4,互换
4,于马英
4,于朱立
4,于各
4,于即
4,于以
4,二线
4,二氧化碳
4,二十多
4,二代
4,事务性
4,争相
4,了不起
4,书籍
4,九段
4,乐迷
4,乏力
4,之首
4,之意
4,乃是
4,举例
4,主楼
4,主意
4,主办方
4,主办国
4,串门
4,串联
4,丰茂
4,中长期
4,中英
4,中性
4,中强
4,中巴合作
4,中央台办
4,中央书记处
4,中国籍
4,中国残联
4,中国外交学院
4,中国制造
4,中南海
4,中伤
4,个性
4,严重性
4,严明
4,丢失
4,东线
4,东欧
4,东北地区
4,世界遗产
4,专稿
4,专制
4,不通
4,不适
4,不远
4,不移
4,不法
4,不意
4,不快
4,不忘
4,不尽
4,不宜
4,不喜欢
4,不信邪
4,下面
4,下功夫
4,下列
4,上方
4,上下游
4,三等
4,三月
4,三军
4,三中全会
4,万条
4,万亩
4,丁先皇
4,一重
4,一环
4,一派
4,一体
4,一书
4,一丝
3,齐聚
3,黑龙江
3,黑手
3,黑奴
3,黑人
3,黎忠汉
3,黄玉
3,黄案
3,黄埔
3,黄伟京
3,麻生太郎
3,鸿泰
3,鸟居
3,鲍丹丹
3,魏茨泽克
3,魅力
3,高雄市
3,高考
3,骨干
3,骚扰
3,驻香港
3,驶入
3,马航
3,马欣达
3,马拉松
3,马尔科夫
3,马培华
3,马云
3,香港基本法
3,香农
3,飞跃
3,飞虎队
3,飞虎
3,飘扬
3,风向标
3,频遭
3,领空
3,领带
3,领导者
3,领导人员
3,领会
3,预祝
3,预案
3,预定
3,预告
3,预决算
3,颁证
3,顿珠
3,顾秀莲
3,顾忌
3,顾及
3,项新
3,项基本
3,音乐会
3,韩美
3,韩等
3,韩正
3,韩朝
3,韩媒
3,韩国国防部
3,鞠躬
3,革命者
3,非核
3,青青
3,青蛙
3,青藏铁路
3,青春
3,青山
3,雕塑
3,集合
3,雄心勃勃
3,难觅
3,难忘
3,陪葬
3,除法
3,降幅
3,陈瑶
3,陈婧
3,陆配
3,陆佳飞
3,阿沛
3,阿根廷
3,阿曼
3,阿国
3,阿中
3,阵容
3,阴霾
3,防洪
3,阮宗泽
3,问卷
3,长河
3,长期性
3,铺陈
3,铭传
3,铁路网
3,铁案
3,钻探
3,钟声
3,钉子
3,金融企业
3,金硕
3,金兰
3,野田
3,重重
3,重要文件
3,重组
3,重点项目
3,重提
3,重庆
3,里程
3,里尼
3,里亚
3,采伐
3,郭金超
3,郭台铭
3,部长会议
3,部级
3,郑氏
3,郑巧
3,邱立本
3,遵从
3,遭袭
3,遗址
3,遍及
3,逾越
3,造谣
3,造林
3,通告
3,选编
3,选举制度
3,逆差
3,逆势
3,逃往
3,退却
3,退党
3,追悼会
3,追悼
3,迸发
3,迟到
3,连锁
3,连通
3,连续性
3,连带
3,违纪
3,违约
3,远景规划
3,进驻
3,进步党
3,还清
3,还债
3,运鹏
3,运送
3,迎候
3,迈特
3,迈克尔
3,过长
3,过法
3,迂回
3,迁徙
3,辽宁
3,边海司
3,辅选
3,载有
3,转载
3,转让
3,转折点
3,转交
3,车轮
3,身段
3,身影
3,身分
3,踢球
3,踏上
3,跳脚
3,跳出
3,越来
3,越好
3,越南政府
3,超音速
3,起诉
3,起航
3,起哄
3,赶走
3,赶到
3,赵江林
3,走进
3,走火
3,走完
3,走动
3,赞许
3,赞比亚
3,赞歌
3,赖以
3,赖久
3,赔偿
3,资源丰富
3,资本主义
3,资政
3,费希平
3,贸易部
3,贵州
3,贵在
3,贴身
3,购物者
3,购买服务
3,贬值
3,贩运
3,贩毒
3,贩枪
3,贩卖
3,败坏
3,责难
3,责任感
3,财力
3,贡献者
3,谷垣
3,谱写
3,谢尔盖
3,谐音
3,说辞
3,说到做到
3,语气
3,语录
3,诫勉
3,诠释
3,试问
3,试金石
3,词语
3,证据收集
3,设计制作
3,设有
3,论断
3,论战
3,许是
3,许会
3,讳言
3,记者招待会
3,议定书
3,讨论会
3,认同感
3,计价
3,警戒
3,解脱
3,解构
3,解散
3,解体
3,角落
3,觉醒
3,视频资料
3,视觉
3,视听
3,规章
3,规矩
3,见面会
3,见于
3,覆辙
3,要约
3,西半球
3,褒奖
3,裁军
3,补贴
3,衣钵
3,街道
3,行好
3,血脉
3,血缘
3,蛋糕
3,虚伪
3,薛洋
3,蓝色
3,蒋涛
3,蒋洪宽
3,蒂耶兹
3,董建华
3,落选
3,落网
3,落到
3,营商
3,营养
3,营业
3,萎缩
3,莫让
3,荷兰
3,药物
3,荣耀
3,荒唐
3,茶道
3,英语
3,英灵
3,苦难
3,苦恼
3,苏比克湾
3,节日
3,节录
3,节奏
3,良方
3,航道
3,致意
3,自诩
3,自认
3,自绝
3,自由落体
3,自然保护区
3,自主性
3,臆断
3,脸色
3,脆弱
3,能进
3,能耗
3,胡逸山
3,胜过
3,股市
3,肇事
3,聚居
3,聘请
3,联谊
3,联行
3,联社
3,联动
3,职员
3,老辈
3,老板
3,老子
3,老区
3,翻译
3,羡慕
3,美好生活
3,美太平洋舰队
3,美国第
3,美国斯坦福大学
3,美国国会众议院
3,美国会
3,美名
3,置身事外
3,罪恶
3,罪人
3,罢手
3,罢免
3,罚款
3,罗素
3,罗冠聪
3,罗伊斯
3,缴费率
3,缩水
3,缩影
3,缘分
3,编辑部
3,编译
3,缔造者
3,缔约方
3,综观
3,综合国力
3,维修
3,统领
3,绚烂
3,绕开
3,结论
3,结出
3,经济运行
3,经济政策
3,经济建设
3,经济圈
3,经变
3,细心
3,纵观
3,纵火
3,纵深
3,纳西族
3,纳特
3,纪检监察
3,纪念馆
3,约法
3,约有
3,红豆集团
3,红场
3,纠集
3,繁重
3,系所
3,粮食局
3,粉饰
3,类型
3,篇章
3,篇目
3,箴言
3,管理服务
3,简言之
3,签名
3,筹委会
3,策动
3,答卷
3,等同
3,等分
3,第三世界
3,第一线
3,第一站
3,第一届
3,笔者
3,端向
3,竞逐
3,立法委员
3,立体化
3,突破性
3,突显
3,突击
3,穿越
3,空难
3,空转
3,空气
3,穆斯林
3,移动
3,称之为
3,秦金生
3,科技界
3,科学化
3,种植
3,秋收
3,秋天
3,私立大学
3,离去
3,票制
3,祥云
3,神经
3,神秘
3,祖父
3,社会问题
3,社会生活
3,社会民主党
3,礼数
3,礼乐
3,示范性
3,碰硬
3,碰撞
3,确认函
3,确权
3,确凿
3,硕果累累
3,砸毁
3,研究项目
3,研究报告
3,研判
3,短视
3,知识产权局
3,矛头
3,着实
3,眷恋
3,真情
3,真心话
3,真实感
3,真伪
3,看病
3,看准
3,看作
3,省长
3,省直
3,省政府
3,省委书记
3,相邻
3,相见
3,直话
3,盛开
3,盛宴
3,盛大
3,盘踞
3,盘活
3,百分点
3,白条
3,登报
3,瘦身
3,痛恨
3,症结
3,疲弱
3,疏远
3,畲族
3,界别
3,男子
3,男女
3,电贺
3,电视剧
3,电脑软件
3,电子政务
3,电价
3,申报
3,申冉
3,甲子
3,甲午战争
3,田文雄
3,用意
3,用尽
3,生源
3,生死
3,生时
3,生意
3,生什
3,甘于
3,璀璨
3,瑜伽
3,理等
3,理森
3,理政
3,理工大学
3,理事国
3,理一些
3,班底
3,班子
3,现存
3,环保税
3,玩家
3,王欢
3,王晓枫
3,王晋
3,王帆
3,王宪魁
3,王宁
3,王刚
3,王亚斌
3,猜疑
3,猜测
3,猛烈
3,猛增
3,独断
3,犹如
3,特稿
3,特工
3,特展
3,特利
3,煽惑
3,照射
3,烽火
3,热点话题
3,烧死
3,烧成
3,点评
3,炮轰
3,炮声
3,灾难性
3,灵活性
3,激辩
3,潜能
3,潜入
3,漠视
3,演员
3,满怀
3,溯及既往
3,源网
3,温水
3,渔场
3,渊源
3,清醒剂
3,清迈
3,清真寺
3,深耕
3,深港
3,淡江大学
3,淡水
3,涉密
3,涉外事务
3,涉及法律
3,消费税
3,消减
3,海难
3,海外华人
3,海合会
3,海口
3,海南岛
3,海区
3,浮出
3,流露
3,流通
3,流言
3,派员
3,洪流
3,洪李
3,洛桑
3,洛尼
3,法比尤斯
3,法制化
3,法则
3,法典
3,沿途
3,油漆
3,沧桑
3,沉痛
3,沃斯堡
3,汽油
3,汶川
3,汤家骅
3,江苏省
3,江瑞平
3,汇报
3,汇总
3,水兵
3,气大
3,民营企业
3,民智
3,民族学家
3,民情
3,民兵
3,民主集中制
3,毫不动摇
3,比年
3,比勒陀利亚
3,比什凯克
3,每一次
3,毋庸置疑
3,毁灭
3,殖民主义者
3,残暴
3,死胡同
3,死伤
3,步调
3,正根
3,止步
3,欧美
3,欧内斯特
3,横跨
3,横贯
3,模糊不清
3,概况
3,楼继伟
3,楼市
3,森林
3,棋子
3,检阅
3,梁芳
3,档案资料
3,框架性
3,格格不入
3,根深蒂固
3,根据地
3,核裁军
3,核电站
3,核潜艇
3,核武
3,标准化
3,查巴
3,林郁方
3,林肯
3,林炳坤
3,林忠山
3,林德训
3,林佳龙
3,极权主义
3,板块
3,松绑
3,松动
3,来都
3,来美
3,来源国
3,来宾
3,来临
3,来不及
3,村医
3,李杰
3,李四川
3,李前
3,杉山
3,权重
3,权增能
3,杂音
3,杀生
3,杀出
3,朱晓
3,本土化
3,未知
3,未成年
3,朝圣
3,有趣
3,有法律
3,有数
3,有增无减
3,有事
3,最高层
3,最小
3,最初
3,曾讲过
3,曾以
3,曹典
3,更迭
3,智能化
3,智力
3,普遍性
3,普惠
3,晚年
3,晋升
3,显赫
3,星网
3,星期天
3,明朝
3,明斯克
3,时艰
3,时至今日
3,时代周刊
3,时事
3,日达
3,日第
3,日本企业
3,日喀则市
3,日喀则
3,无限制
3,无限
3,无罪
3,无线
3,无电
3,无望
3,无惧
3,无价
3,旋风
3,旅法
3,施明德
3,方方面面
3,新设
3,新竹
3,新社
3,新疆
3,新浪
3,新春
3,新加坡政府
3,新书
3,新世代
3,新一代
3,文艺演出
3,文物
3,文斯基
3,文化界
3,文传
3,文书
3,敲诈
3,数年
3,数人
3,数万
3,散步
3,散发
3,敞开
3,教材
3,教徒
3,敏惠
3,敌视
3,故土
3,政论
3,政策性
3,政治生活
3,政治学
3,政治博弈
3,政府部门
3,放眼
3,放任
3,收官
3,擅长
3,撤退
3,撕毁
3,摧残
3,携带
3,搅动
3,援建
3,提倡
3,推崇
3,控
3,接轨
3,接见
3,接壤
3,掣肘
3,排队
3,排查
3,排他性
3,掌权
3,捣鼓
3,换发
3,捕捞
3,挫败
3,挤压
3,指数
3,指导书
3,指令
3,挂牌
3,拨打
3,拥抱
3,拥堵
3,拜谒
3,拜访
3,拘泥
3,拉特克
3,拉孜县
3,抹杀
3,抵京
3,抱负
3,抱持
3,抱怨
3,报名
3,报刊社
3,抢攻
3,折磨
3,投资基金
3,投票率
3,投机
3,投产
3,把戏
3,抉择
3,技巧
3,扬帆
3,扩充
3,执行力
3,打乱
3,所指
3,所思
3,截留
3,战火
3,战斗机
3,戒律
3,我军
3,我与
3,成说
3,成见
3,成绩单
3,成真
3,成基本
3,懂得
3,慈善
3,愈合
3,想着
3,惯用
3,惊人
3,情治
3,悬殊
3,悬挂
3,悠久
3,总长
3,总经理
3,总和
3,性行为
3,性知识
3,思想教育
3,思想家
3,怀着
3,怀有
3,念经
3,快车
3,忠实
3,忠于
3,忙碌
3,忘却
3,志愿
3,心里
3,心结
3,心系
3,心手
3,心意
3,心心相印
3,微小
3,得准
3,徐惠芬
3,征询
3,征税
3,征程
3,征求
3,往事
3,彷佛
3,录取率
3,归路
3,归功
3,归侨
3,强身
3,强占
3,弹丸
3,弱者
3,张陨璧
3,张忠谋
3,引人注目
3,开来
3,开普敦
3,开放性
3,开头
3,开场
3,开会
3,建设方
3,建言
3,建树
3,建交国
3,庭审
3,废物
3,应时
3,应将
3,应多
3,应向
3,应再输
3,库什曼
3,庆州
3,幽默
3,幼稚
3,并处
3,并举
3,年末
3,年仅
3,平进
3,平明
3,平和
3,平反
3,干货
3,干旱
3,干事
3,帽子
3,常规
3,常见
3,常怀
3,常强
3,常多
3,带走
3,带回
3,帕里
3,希拉里
3,布里斯班
3,布达拉宫
3,布莱尔
3,布特克维
3,布哈里
3,已故
3,差别化
3,巨人
3,工资标准
3,工程项目
3,工委
3,工作重点
3,工作部门
3,工作会
3,工伤保险
3,巡视
3,州长
3,崔世安
3,峰值
3,岂能
3,岁月
3,属性
3,展板
3,居委会
3,尼泊尔政府
3,就业指导
3,尤金
3,尚无
3,少有
3,少年
3,少子化
3,小小
3,小九九
3,封面
3,对面
3,对象国
3,对白
3,对敌
3,密语
3,密不可分
3,寄予
3,宽阔
3,害怕
3,宣导
3,客体
3,审讯
3,实绩
3,实物
3,实地
3,实务
3,实习生
3,定海神针
3,定局
3,定价权
3,宗教文化
3,完美
3,完了
3,宋楚瑜
3,安邻
3,安达曼
3,安杰伊
3,安排好
3,安徽
3,安德鲁斯
3,安居工程
3,学期
3,学子
3,学习贯彻
3,孟方
3,孟子
3,孟娜
3,存立
3,存亡
3,字样
3,子弹
3,嫡系
3,媚俗
3,婚礼
3,婚庆公司
3,威信
3,姜潇
3,委副书记
3,姓名
3,姐妹
3,如是
3,如一
3,好评
3,好意
3,好好
3,女作家
3,奢望
3,奋起
3,奉献
3,奇特
3,奇怪
3,夺得
3,夺回
3,头脑
3,失业
3,天涯
3,天敌
3,天后
3,天同
3,大陆架
3,大都
3,大路
3,大老
3,大气
3,大开发
3,大开
3,大奖
3,大增
3,夜袭
3,夜空
3,多领
3,多样化
3,多尔
3,外省人
3,外相
3,外延
3,外国政府
3,外事工作
3,复述
3,复制
3,处长
3,处事
3,声誉
3,声援
3,士气
3,壁垒
3,增长率
3,增设
3,填埋
3,塞尔
3,塑料
3,塑像
3,堂堂正正
3,基督教
3,培元
3,城市建设
3,坦言
3,坚定性
3,地级
3,地球仪
3,地毯
3,地区性
3,地中海
3,在任
3,囿于
3,国际标准
3,国际广播电台
3,国际体育
3,国防部外事办公室
3,国能
3,国有化
3,国强
3,国度
3,国平
3,国大
3,国务院新闻办
3,国军
3,固本
3,团员
3,回顾展
3,回族
3,回忆录
3,回事
3,四川省
3,囚犯
3,嘉乐
3,喧闹
3,善设市
3,商户
3,商店
3,唱戏
3,唤醒
3,唤起
3,唐若文
3,哽咽
3,哥们
3,哈里斯
3,哈米德
3,哈希姆
3,咖啡
3,和好
3,命题
3,命令
3,呵护
3,周德昭
3,周到
3,吴钊燮
3,听从
3,吨位
3,向上
3,后所
3,名叫
3,同调
3,同级
3,同心圆
3,同庆
3,同在
3,同于
3,吉林省
3,吉凶
3,吉两国
3,合计
3,合格
3,合成
3,合并
3,合同
3,各行各业
3,吃上
3,叹息
3,司法部门
3,史密斯
3,台面
3,台资
3,台籍
3,台湾海峡
3,台儿庄战役
3,台儿庄
3,可达
3,可耻
3,可望
3,叫停
3,叛国
3,叙述
3,变通
3,变局
3,变动
3,受苦
3,受惠
3,受害
3,取经
3,取向
3,发酵
3,发送
3,发表意见
3,发表会
3,发电
3,发泄
3,发放
3,发展报告
3,发展局
3,反日
3,反战
3,反常
3,双刃剑
3,友好往来
3,参见
3,参演
3,参政
3,参天大树
3,参加方
3,参与度
3,去就
3,原料
3,压榨
3,厉害
3,历史系
3,历史所
3,历任
3,即位
3,危机感
3,印记
3,印度人
3,卡梅伦
3,卡拉
3,卡布斯
3,卡尔
3,占优势
3,博得
3,南洋商报
3,协办
3,华益
3,半路
3,升学
3,十字路口
3,十名
3,医疗纠纷
3,区长
3,北海舰队
3,北京钓鱼台国宾馆
3,化成
3,包围
3,勉励
3,劳动力
3,劳动党
3,助长
3,助航
3,动能
3,动植物
3,加有
3,加方
3,加州
3,加力
3,功能区
3,办证
3,办发
3,前院
3,前述
3,前苏联
3,前日
3,前同
3,前三
3,到达
3,到场
3,别向
3,利通
3,利润
3,利两
3,初始
3,创伤
3,列举
3,划清
3,刑事诉讼法
3,刑事案件
3,刊文
3,刊发
3,切莫
3,分说
3,分水岭
3,分校
3,分开
3,出钱
3,出笼
3,出版界
3,出战
3,出庭
3,出境旅游
3,出人意料
3,减缓
3,准军事
3,决定性
3,冯光青
3,军团
3,军令状
3,军事医学
3,再创
3,内需
3,内政部
3,内容包括
3,兼任
3,具有一
3,具名
3,具体化
3,其人
3,兴地
3,关重
3,关系法
3,关方
3,关于雾
3,关于西藏
3,关于菲
3,关于其
3,关中
3,共治
3,共产主义
3,公开信
3,公关
3,八廓街
3,全都
3,全球问题
3,全港
3,全权
3,全场
3,全人类
3,入学率
3,入侵
3,党风廉政
3,党组织
3,党组
3,党的建设
3,党政机关
3,先锋队
3,先辈
3,先祖
3,僵化
3,僧人
3,储存
3,偷换
3,停火
3,停摆
3,停办
3,做起
3,做客
3,偏低
3,倾力
3,倡导者
3,倒塌
3,俱乐部
3,修缮
3,信服
3,信奉
3,信件
3,保证质量
3,保安
3,俘虏
3,俄新社
3,俄大
3,俄国
3,促进者
3,促进会
3,侯丽军
3,侨眷
3,侦破
3,使节
3,佯装
3,佛法
3,余处
3,余下
3,何让
3,何要
3,何方
3,体认
3,佐夫
3,低下
3,位居
3,位在
3,伤痛
3,伤疤
3,传媒
3,会议员
3,会计学
3,会主
3,众怒
3,伏笔
3,任职
3,任何关
3,仲裁员
3,仪轨
3,仪仗队
3,以高
3,以诚相待
3,以法
3,代表大
3,代表处
3,代表作
3,代码
3,代理人
3,他用
3,介于
3,今次
3,今昔
3,人面
3,人民检察院
3,人民政协
3,人因
3,亵渎
3,亲友
3,亲信
3,产权
3,产业链
3,产业发展
3,产业化
3,亦可
3,交集
3,交错
3,交织
3,交朋友
3,亟须
3,亚行
3,亚太经济
3,五通
3,五星红旗
3,五世
3,互补性
3,互动关系
3,云南省
3,于网购
3,于法
3,于民
3,于思
3,于地
3,于十四
3,于中菲
3,于两
3,二阶俊博
3,二次世界大战
3,二哥
3,二人转
3,事物
3,书名
3,乡镇
3,之多
3,之光
3,义利观
3,久拖不决
3,久安
3,举手
3,举办地
3,主角
3,主线
3,主政
3,主席台
3,主和
3,主办单位
3,主人
3,为名
3,丰满
3,中资
3,中肯
3,中科院
3,中石化
3,中波
3,中文网
3,中心镇
3,中山
3,中小学生
3,中央委员会
3,中多
3,中塔
3,中国通
3,中国海上搜救中心
3,中国文化中心
3,中国国际战略学会
3,中国国际广播电台
3,中国史
3,中国军事科学学会
3,中国中央军委
3,中台
3,中医药
3,中包
3,中关
3,中共江苏省委
3,中低
3,中中
3,个部
3,个头
3,个别人
3,严起来
3,严谨
3,两极
3,两强
3,两制
3,东西方
3,东段
3,东半球
3,丙酮
3,世界政治
3,世代相传
3,专美
3,专为
3,不服
3,不折不扣
3,不屈
3,不容置疑
3,不和
3,不含糊
3,不休
3,不争
3,下级
3,下流
3,下同
3,下决心
3,下任
3,上路
3,上网
3,上电
3,上班族
3,上海市委
3,上海复旦大学
3,上校
3,上市
3,三十年
3,三代
3,三亚
3,三个一
3,万物
3,万台
3,一边倒
3,一等
3,一程
3,一目了然
3,一柱擎天
3,一朝一夕
3,一月
3,一口气
3,一军
2,齐鲁晚报
2,齐孚
2,鼓手
2,鼓励类
2,默许
2,默认
2,黑龙江省
2,黑河
2,黎良明
2,黄花岗
2,黄标车
2,黄晴
2,黄帝陵
2,黄帝
2,黄介正
2,黄之锋
2,麻生
2,鸠山由纪夫
2,鲨鱼
2,鲜活
2,鲜有
2,鲜为人知
2,鲁金斯
2,鲁莽
2,魔掌
2,高等
2,高潮
2,高洪副
2,高校招生
2,高明
2,高峥
2,高孔廉
2,高喊
2,高些
2,高万海
2,高一
2,骑车
2,验收
2,骆沙鸣
2,驾驶舱
2,驾驭
2,驶离
2,驶向
2,驱除
2,马闯
2,马里兰大学
2,马车
2,马桶
2,马政府
2,马戎
2,马呈
2,马兰
2,马六甲海峡
2,香烟
2,香港版
2,香港中文大学
2,首领
2,首映
2,首任
2,饼干
2,飞行器
2,飞往
2,风趣
2,风灾
2,风暴
2,风景
2,风俗习惯
2,风云
2,题目
2,题材
2,颓势
2,频传
2,领跑
2,领导力
2,领取
2,预言
2,预算案
2,预示
2,预留
2,预报
2,颂扬
2,顾瑞珍
2,顺序
2,项目进展
2,顶风
2,页数
2,音像制品
2,韩美防
2,韩秉锐
2,韩波
2,韩正等
2,韩国广播公司
2,韩启德
2,韩人
2,韧劲
2,韦德里纳
2,鞠鹏
2,革命化
2,面目
2,面源污染
2,非理性
2,非常任
2,非公有制
2,青海省
2,青木
2,青年工作
2,青壮年
2,霸主
2,震荡
2,震惊
2,雷光
2,零部件
2,雪山
2,雕像
2,集权
2,难进
2,难解
2,难看
2,难堪
2,难办
2,隔膜
2,隐蔽
2,随迁
2,随行
2,陷于
2,除以
2,院里
2,院外
2,陡增
2,降到
2,陌生感
2,陌生
2,陈菊
2,陈江
2,陈武
2,陈桂明
2,陈春霖
2,陈明
2,陈其迈
2,陈云
2,陆资
2,陆慷就
2,陆及
2,阿里地区
2,阿瓦德
2,阿政府
2,阿拉木图
2,阿拉伯海
2,阿和
2,阿博特
2,阻隔
2,阻遏
2,阻拦
2,阶段性
2,阴阳
2,防涝
2,防御型
2,队伍建设
2,阎学通
2,阉割
2,闽南
2,闻问
2,间隔
2,间道
2,间谍
2,闭锁
2,闭幕会
2,门户网站
2,长沙
2,长春市
2,长文
2,长度
2,长子
2,锻炼
2,错过
2,错判
2,错乱
2,销售商
2,铺开
2,铺平
2,铺就
2,铁门
2,钱彤
2,钦州
2,钦定
2,钦佩
2,钟伟
2,金钱
2,金融学
2,金波
2,金沙萨
2,金沙
2,金正日
2,金斯顿
2,金奖
2,金大中
2,金圣镕
2,量刑
2,野蛮
2,重量级
2,重要会议
2,重担
2,重度
2,重工业
2,重头戏
2,里长
2,里来
2,里帕拉
2,里安
2,里夫
2,采集
2,醒目
2,醒悟
2,酝酿
2,酒会
2,郭震远
2,郭勇
2,部将
2,部位
2,郝亚琳
2,郑振清
2,郑成功
2,郑又平
2,郑义
2,郁慕
2,邱越
2,邪说
2,邪教
2,邪恶
2,邦交国
2,邦交
2,避风
2,避开
2,遮羞布
2,遭遇到
2,遥控
2,遗物
2,遗属
2,遗像
2,遗体
2,道路运输
2,道别
2,遍地
2,逼迫
2,通讯员
2,通讯
2,通缉犯
2,通商
2,途经
2,递进
2,逐条
2,选择题
2,逆境
2,逃兵
2,适航
2,送给
2,送来
2,退居
2,追踪
2,追赶
2,迷糊
2,迷惑性
2,述职
2,迟珺
2,连战昨
2,连张飞
2,违逆
2,违者
2,违纪案
2,远比
2,远景
2,远在
2,进攻性
2,进军
2,进修
2,进中
2,近况
2,近代史
2,运转
2,运动员
2,运动会
2,迎新
2,迎宾馆
2,过重
2,过激
2,过氧化
2,过时
2,过剩
2,过从
2,迁离
2,达沃斯
2,达日县
2,达斯
2,达兰萨拉
2,边境线
2,辱骂
2,输给
2,辐射
2,轻武器
2,轴心
2,软肋
2,软化
2,轮廓
2,转用
2,转世灵童
2,身亡
2,蹂躏
2,踏实
2,路透
2,路该如
2,路西
2,路才能
2,跨区
2,跟风
2,跟踪
2,跟不上
2,趋向
2,趋同
2,越菲
2,越深
2,越境
2,超时
2,超乎
2,起获
2,起色
2,起自
2,起步
2,起动
2,赵振铣
2,赵德喜
2,赵建华
2,赵少康
2,赵启正
2,走向世界
2,走入
2,赫胥黎
2,赤裸
2,赣南
2,赠款
2,赞誉
2,赚钱
2,资本运营
2,资历
2,贾伊
2,贻害
2,贺辞
2,贸易区
2,购买者
2,贬低
2,贫富分化
2,货运
2,货色
2,败笔
2,责成
2,责任人
2,财物
2,财源
2,财政司
2,财务
2,贝纳
2,贝尔
2,豪情
2,豪华
2,谦虚
2,谢长廷
2,谢耶夫
2,谎话
2,谈话会
2,谈结果
2,谈得上
2,谈后已
2,谈中
2,谈不上
2,谄媚
2,调职
2,调度
2,调子
2,课目
2,请愿
2,请勿
2,诵经
2,说道
2,说起
2,说话
2,说来
2,说好
2,说到底
2,诱导
2,误读
2,误算
2,误会
2,语句
2,诟病
2,诞生
2,译文
2,词汇
2,诋毁
2,诊疗
2,诊治
2,诉诸武力
2,诈骗案
2,评述
2,评说
2,评论家
2,评析
2,证词
2,访谈
2,访法
2,设计工
2,设区
2,论者
2,许还
2,许犹可
2,许世铨
2,议会制
2,议会上院
2,让利
2,让出
2,订阅
2,订购
2,订立
2,警队
2,警钟
2,警报
2,警戒线
2,警局
2,警官
2,警司
2,言语
2,言论自由
2,言和
2,言中
2,解放者
2,解密
2,解冻
2,觉悟
2,视网
2,视线
2,视同
2,规避
2,规范化
2,规定者
2,观望
2,观感
2,观察者
2,观光客
2,覆盖率
2,要领
2,要角
2,要职
2,要旨
2,要因
2,要义
2,西进
2,西藏自治区政府
2,西藏网
2,西藏博物馆
2,西班牙
2,西沙
2,西太平洋地区
2,裹胁
2,裸地
2,裂痕
2,被告人
2,被俘
2,袒露
2,衰退
2,表演者
2,表征
2,补课
2,衣服
2,街区
2,衔接
2,行者
2,行政部门
2,行政监察
2,行当
2,行会
2,行业协会
2,虹桥
2,虚拟空间
2,虚弱
2,虚实
2,藏胞
2,藏戏
2,薪水
2,薛小乐
2,蔡玮
2,蔡正元
2,蔡本人
2,蔡德樑
2,蒙骗
2,蒋超良
2,蒋潮
2,蒋家
2,葡萄牙
2,著书
2,落败
2,落空
2,萨马拉
2,萨科齐
2,营运
2,营救
2,菲美
2,获利
2,莫忘
2,莫心存
2,莫做
2,莎菲
2,荷西
2,药补
2,药价
2,荣辱与共
2,荒谬
2,草根
2,茶油
2,茶叶蛋
2,范平
2,英模
2,英媒称
2,苏静
2,苏虹
2,苏珊
2,苏杰生
2,苏加诺
2,苏军
2,苏东
2,花钱
2,芝麻
2,芝加哥大学
2,节骨眼儿
2,艾福梅
2,艾文
2,艾丹
2,艰辛
2,艇长
2,船票
2,航空兵
2,致词
2,致电
2,致歉
2,致敬
2,致密
2,致命
2,自相矛盾
2,自由民主党
2,自由民主
2,自毁
2,自残
2,自救
2,自戕
2,自感
2,自强
2,自居
2,自尊
2,自安
2,自在
2,腾飞
2,腰鼓
2,脱钩
2,脱节
2,脉动
2,能参
2,胡若愚
2,胡凌炜
2,胜算
2,背着
2,肩头
2,股票
2,聚合力
2,聚会
2,联邦政府
2,联署
2,联控
2,联军
2,职能部门
2,职业教育
2,职业技能
2,聂拉木
2,耶路撒冷
2,耳目一新
2,耗费
2,耍两面派
2,考试院
2,考生
2,考古
2,老美
2,老方
2,老挝
2,老家
2,老大
2,翻盘
2,翻案
2,翻天覆地
2,翠微
2,群团组织
2,美高
2,美达
2,美行
2,美特
2,美国第七舰队
2,美国国会参议院
2,美军太平洋总部
2,美其名曰
2,美俄
2,美京
2,美丽岛
2,羁绊
2,署长
2,罪孽
2,罢休
2,罗斯福
2,罗夫斯基
2,罗塞芙
2,网路
2,网络技术
2,网络化
2,缺口
2,缺人
2,编造
2,缓慢
2,综述
2,综艺节目
2,维拉
2,维基
2,维吉
2,继承者
2,继任者
2,继任
2,统治者
2,统一党
2,绝迹
2,结伴
2,经营者
2,经纬
2,经济网
2,经济研究
2,经济技术
2,经济所
2,经济工作
2,经济合作组织
2,经济合作与发展组织
2,经济人
2,经审
2,经商
2,绊脚石
2,终极
2,终年
2,终审权
2,织成
2,织
2,细致
2,组长
2,纳伯格
2,纪要
2,纪欣
2,纪念碑
2,纪律检查
2,纪录
2,红豆
2,红旗
2,纠缠
2,繁忙
2,繁华
2,累累
2,紫金山
2,紧随
2,紧缩
2,紧接
2,紧扣
2,索马里
2,索菲安
2,紊乱
2,精髓
2,精通
2,精于
2,粉尘
2,米安
2,篮子
2,管由谁
2,管用
2,管理模式
2,管理工作
2,管理学
2,管清友
2,管治
2,管怎么
2,管得好
2,管彼此
2,管她
2,算盘
2,算得上
2,简要
2,简氏
2,签证手续
2,筹措
2,答应
2,笼子
2,第十五
2,第二炮兵
2,第九十
2,第三者
2,第三届
2,第一版
2,第一世界
2,笑容
2,笑
2,端正
2,端倪
2,站稳
2,竖起
2,立群
2,立国
2,窗口
2,窄窄
2,突进
2,突尼斯
2,突变
2,穿过
2,空着
2,空气质量
2,空始觉
2,稳固
2,稳住
2,税务
2,稍早
2,程经过
2,程中来
2,移师
2,移交
2,称做
2,称作
2,积分
2,秩序井然
2,秦刚
2,种族主义
2,种养
2,秋里
2,秋季
2,秋冬之交
2,私立
2,离场
2,福田康夫
2,福海
2,福岛香
2,福塔莱萨
2,禁令
2,祸根
2,祸害
2,票选
2,票源
2,神明
2,祝两
2,祖德
2,祖先
2,社长
2,社会服务
2,社会工作
2,礼节性
2,礼佛
2,示好
2,磨练
2,碰面
2,碧水
2,硝烟
2,硕士生
2,硕士
2,破败
2,破浪
2,破坏者
2,研拟
2,矿产
2,短板
2,知心
2,瞧不起
2,瞠目
2,督查
2,着急
2,着力点
2,眼界
2,眼中钉
2,真面目
2,真言
2,真心
2,真人秀
2,看成
2,看不到
2,省水
2,省去
2,省区市
2,省区
2,省会
2,相隔
2,相识
2,相约
2,相符
2,相知
2,相比之下
2,相撞
2,相助
2,直辖市
2,直观
2,直抵
2,盱衡
2,盛举
2,盘算
2,盘整
2,监察院
2,盐城
2,盈动
2,盈利
2,皮谈
2,皮书出
2,皮书
2,百人
2,白色
2,白热化
2,登辉
2,症候群
2,病逝
2,疾苦
2,疏离
2,留空
2,留意
2,留恋
2,界线
2,畅谈
2,电脑
2,电站
2,电子设备
2,电子商城
2,电厂
2,电信业务
2,申科
2,甲级
2,由英国
2,田野
2,用语
2,用水
2,用心良苦
2,生长
2,生锈
2,生物医药
2,生物
2,生态保护
2,甘蔗
2,甘思
2,瓜达尔
2,瑞安
2,理论家
2,理查森
2,理智
2,理当
2,班邦
2,班旗
2,珠三角
2,环海
2,玩游戏
2,王逸舟
2,王牌
2,王欣从
2,王晓波
2,王文隆
2,王敏刚
2,王承登
2,王恩博
2,王少普
2,王家瑞
2,王中平
2,王东明
2,献花
2,猜忌
2,狭隘
2,独食
2,独霸
2,独立报
2,独立国家
2,独立党
2,独家报道
2,狐狸
2,狂飙
2,狂欢
2,犯罪分子
2,牺牲者
2,特莱特
2,特聘
2,特殊性
2,特有
2,特例
2,牵涉
2,牲畜
2,物力
2,牧场
2,爱德华
2,爱国主义
2,爆炸点
2,爆料
2,燕山
2,燃料
2,煽动性
2,照相
2,照搬
2,照应
2,焦圣安
2,焚烧
2,热闹
2,热门话题
2,热销
2,热潮
2,热心
2,热土
2,烟雨红尘
2,烈度
2,烈士墓
2,炼铁厂
2,点滴
2,点头
2,炸药
2,炮制者
2,灿烂
2,灭火
2,灭亡
2,火车头
2,火电厂
2,火爆
2,灌顶
2,激增
2,澳门特别行政区政府
2,澳门基本法
2,澄澈
2,潮时
2,潜藏
2,潜伏
2,潘珊菊
2,滥觞
2,滚动
2,滋养
2,湿地
2,湾湾
2,湖南
2,游锡堃
2,游子
2,游商
2,港澳办
2,温馨
2,温州
2,温和派
2,渡海
2,渐进式
2,渐行渐远
2,清缴
2,清廉
2,清代
2,深邃
2,深谈
2,深蓝
2,深知
2,深挖
2,淡定
2,消费者权益
2,消灭
2,涂装
2,浸没
2,海陆空
2,海运
2,海洋科技
2,海沧
2,海拔
2,海报
2,海岛
2,海外版
2,海事局
2,浮标
2,浮动
2,浪漫
2,浩淼
2,浩劫
2,浦项
2,测绘
2,流年
2,流失
2,流向
2,流入地
2,流亡者
2,派对
2,派别
2,活动中心
2,洪耀福
2,洪办
2,洛川
2,泰伦
2,泯灭
2,波罗
2,波士顿
2,泛政治化
2,法通
2,法统
2,法律问题
2,法律文书
2,法律援助
2,法律化
2,法学院
2,法学会
2,法华
2,法会
2,泄密
2,沿岸国
2,沾沾自喜
2,治疗
2,治家
2,油田
2,油水
2,河桥
2,河北省
2,沪港
2,没法
2,沙特政府
2,沉迷
2,沉沦
2,沉寂
2,沈昌焕
2,沃克尔
2,汽柴油
2,汲汲
2,汪闽燕
2,汪精卫
2,汪毅夫
2,汤绍成
2,汤绍
2,汤姆
2,污水
2,江西省
2,江泽民
2,汉字
2,汉奸
2,汉化
2,汇整
2,汇成
2,求学
2,永新
2,永不
2,水龙头
2,水灾
2,水源地
2,水到渠成
2,水利署
2,水准
2,水体
2,水价
2,水产品
2,氮氧化物
2,氨氮
2,气球
2,民管
2,民望
2,民族宗教
2,民族医药
2,民建
2,民党
2,民主监督
2,民主共和国
2,民主人士
2,毛治国
2,毗连
2,毕生
2,比对
2,比喻
2,比利时
2,比人
2,每日电讯报
2,每届
2,母亲
2,毁灭性
2,毁损
2,段落
2,段宜康
2,殖民地
2,殖民主义
2,残杀
2,死地
2,死刑
2,歪理
2,歧见
2,武警
2,步向
2,正说
2,正规化
2,正盛
2,正派
2,正一
2,歌颂
2,歌舞
2,歌声
2,歉意
2,欧洲理事会
2,欧尔班
2,欢迎辞
2,欢喜
2,次数
2,檄文
2,横须贺
2,模样
2,樟木
2,概要
2,楚地
2,植物园
2,植物
2,森严
2,检疫
2,检查法
2,梦幻
2,梓翔
2,梅新育
2,梅嫩德斯
2,梅加瓦蒂
2,档案
2,桑顿
2,桑树
2,桌子
2,桃园县
2,桂涛
2,栽跟头
2,格鲁派
2,格桑
2,格尔登
2,根苗
2,核能力
2,核准权
2,样子
2,校庆
2,校友会
2,标注
2,标志物
2,标志性
2,柳井俊
2,柯建铭
2,查缴
2,查破
2,查清
2,查核
2,查明
2,查尔斯
2,柔性
2,架势
2,枪支
2,林鹏
2,林锦昌
2,林姓
2,林培瑞
2,林善传
2,松紧
2,杰夫
2,杨琼
2,杨懿
2,杨开煌
2,杨伟中
2,杨伟
2,条目
2,杜正
2,杜文龙
2,杜塞尔多夫
2,村里
2,村民
2,村庄
2,李金早
2,李红
2,李白
2,李氏
2,李景浩
2,李敖
2,李扁课
2,李扁
2,李彦国
2,李刚
2,李俊峰
2,权要
2,权益保障
2,杂谈
2,杂志社
2,杀戮
2,机率
2,机械设备
2,机心
2,朴凤柱
2,本能
2,本科
2,本社
2,未卜
2,木栅
2,期中
2,朝鲜政府
2,朝阳
2,朝向
2,望台
2,朗德
2,服务区
2,服务中心
2,有高
2,有约
2,有种
2,有期徒刑
2,有所不同
2,有意思
2,有志一同
2,有希
2,有偿
2,月一次
2,最高法院
2,最新消息
2,最大公约数
2,替代性
2,曾俊华
2,更快
2,曲解
2,暑假
2,景观
2,普林塞萨港
2,普及率
2,晚餐
2,晚会
2,晋辅
2,晋三屡
2,是非题
2,春生
2,春天
2,星期一
2,星光
2,易额
2,易懂
2,易事
2,昏迷
2,明郑
2,明知
2,明眼人
2,明目
2,明哲
2,昌都地区
2,昌都
2,昆明
2,时髦
2,时评
2,时来
2,时势
2,旭阳
2,早晨
2,早年
2,早上
2,日语
2,日本民主党
2,日本旅游
2,日本广播协会
2,日本帝国
2,日本公司
2,日月潭
2,日式
2,日安
2,日大
2,日华
2,日出
2,既然如此
2,无虞
2,无能
2,无知
2,无水
2,无核化
2,无果
2,无损
2,无情
2,无形
2,无名
2,无党派
2,无一
2,旅程
2,旅游机构
2,旅游休闲
2,旅游业
2,旅日
2,旅居
2,施工队
2,施工图
2,方都应
2,方能
2,方法论
2,方应
2,方子
2,方十五
2,方之一
2,方为
2,新鲜
2,新论
2,新纪元
2,新生代
2,新时代
2,新报
2,新技术
2,新德
2,新天地
2,新台
2,新发
2,新加坡国立大学
2,新军事
2,新元
2,斯阔耶
2,斯里兰卡政府
2,斯大林格勒
2,断言
2,料中
2,文物局
2,文教
2,文惠
2,文官
2,文学艺术
2,文学
2,文告
2,文化教育界
2,文化体育
2,整顿
2,敲响
2,数起
2,数学
2,数字化
2,数以万计
2,教育厅
2,教派
2,教导
2,教室
2,救命
2,敏锐
2,敌方
2,敌意
2,效用
2,故技
2,故乡
2,政治学系
2,政府机构
2,政府军
2,攻心战
2,改革者
2,改选
2,改成
2,收兵
2,支票
2,撤诉
2,撒手
2,撒切尔
2,撑腰
2,摊点
2,摄制
2,援手
2,揭牌
2,提请
2,提名奖
2,推移
2,推测
2,控制力
2,接续
2,接棒
2,接受国
2,排球
2,掀开
2,捷径
2,换来
2,换挡
2,换岗
2,损坏
2,捐物
2,捐助方
2,捆绑
2,挺进
2,挥出
2,挤出
2,按理说
2,拿香
2,拼搏
2,拭目以待
2,拨款
2,拜见
2,招致
2,招徕
2,拖下去
2,拍照
2,拉马
2,拉木
2,拉托
2,拆毁
2,抽样
2,抵触
2,抵御
2,抱歉
2,抱团
2,报销
2,报请
2,报刊亭
2,报以
2,护照
2,护国
2,抢险
2,抚恤
2,折射
2,抗震
2,抗日战争纪念馆
2,抗敌
2,投资管理
2,投资公司
2,投诉
2,投机者
2,投弹
2,抓获
2,抓捕
2,把柄
2,把握机遇
2,技术贸易
2,技术改造
2,技术创新
2,承建
2,承办
2,找寻
2,扼杀
2,批评者
2,批复
2,批发市场
2,扰乱
2,扭扭捏捏
2,扫雷
2,扩大会
2,执行者
2,执法队
2,执勤
2,执业
2,托斯
2,打包
2,打伤
2,打一
2,扎曼
2,扎伊
2,才智
2,所求
2,所有制
2,所想
2,所向
2,房间
2,房子
2,户籍
2,截图
2,战车
2,战败国
2,战略家
2,战斗舰
2,战将
2,战友
2,戒严
2,我党
2,成都市
2,成近
2,成蝶
2,成群
2,成活
2,成才
2,成事不足
2,成中马
2,戏份
2,懒得
2,懊悔
2,慰安
2,感悟
2,感召力
2,感冒
2,愚公
2,意见者
2,意犹未尽
2,意料
2,愉快
2,愈演愈烈
2,想通
2,惯性
2,惨重
2,惊喜
2,情境
2,悲观
2,悲惨
2,悲情
2,悬案
2,患难
2,恶果
2,恐吓
2,总队
2,总能
2,总理府
2,总数
2,总参作战部
2,总务
2,怨恨
2,性障碍
2,性能
2,急难
2,急迫
2,思量
2,怒火
2,怂恿
2,怀柔
2,怀揣
2,怀念
2,忿怒
2,念头
2,快车道
2,志成
2,志愿者
2,志愿服务
2,志同道合
2,志军
2,忍心
2,必胜
2,必然性
2,必不可少
2,心虚
2,心田
2,心生
2,心底
2,德黑兰
2,德育
2,德拉
2,德国人
2,得益
2,得意忘形
2,得愈
2,得主
2,徒然
2,征地
2,彼岸
2,彩虹
2,彩绘
2,形形色色
2,形塑
2,形同
2,录像
2,当权
2,当政者
2,当前政治
2,当做
2,当事人
2,归结
2,归属感
2,归入
2,强震
2,强派
2,强人
2,强于
2,弱势
2,弥补
2,弥漫
2,张福森
2,张目
2,张牌
2,张旭
2,张建墅
2,张平
2,张家口
2,张婧昊
2,弟弟
2,弘义
2,引起轰动
2,引资
2,引来
2,引人
2,弄错
2,异己
2,异动
2,开门
2,开采
2,开赴
2,开脱
2,开篇
2,开端
2,开玩笑
2,开拓者
2,开打
2,开幕词
2,开好
2,开口
2,开发战略
2,开发性
2,开办
2,开创性
2,开出
2,开一
2,建起
2,建设管理
2,延续性
2,延展
2,廓清
2,度过
2,庞兴雷
2,底气
2,应走
2,应让
2,应用型
2,应更
2,应大
2,应多做
2,应充分
2,应充
2,应倍加
2,应以任
2,应予
2,应下
2,库布
2,序言
2,庇护
2,广播电台
2,广州市
2,广告宣传
2,广义
2,并联
2,并用
2,并派
2,并有
2,年龄
2,年青
2,年金
2,年第
2,年收入
2,年增
2,平潭
2,平板
2,平实
2,平复
2,平壤
2,平地
2,干部培训
2,干涸
2,干什么
2,常高
2,常设
2,常讲
2,常抓不懈
2,常州
2,常会
2,常万
2,帮凶
2,带队
2,带入
2,带上
2,帕特鲁舍夫
2,帕拉
2,希腊政府
2,希格斯
2,布鲁金斯
2,布拉戈维申斯克
2,市府
2,巴马
2,巴印
2,已获得
2,差不
2,巨轮
2,巨变
2,左翼
2,工厂
2,工作队
2,工作计划
2,工业园
2,巢湖
2,巡视组
2,巡洋舰
2,崩溃
2,崇高
2,岳飞都
2,岩礁
2,岩田
2,岛链
2,山歌
2,山头
2,山区
2,履职
2,屏蔽
2,居尔
2,居家
2,尼奥
2,尼克松
2,尺度
2,尺寸
2,尹楚平
2,尹卓
2,尸体
2,就业问题
2,尤权
2,尚卡尔
2,尚书
2,少不了
2,小镇
2,小野
2,小辣椒
2,小资产阶级
2,小说
2,小觑
2,小组会
2,小岛
2,小动作
2,小企业
2,小亮
2,将相
2,将将
2,将军
2,射程
2,封锁
2,封号
2,寿命
2,寻衅
2,对应
2,对外交流
2,对垒
2,寸步
2,察觉
2,富于
2,密电
2,密支那
2,密度
2,寂寞
2,宽带
2,宽体
2,容量
2,容纳
2,容如下
2,容下
2,家长
2,家政
2,家天下
2,家乡
2,宴会厅
2,宣誓
2,宣政
2,宣传教育
2,宣传战
2,客座教授
2,审议官
2,审计
2,实话
2,实施细则
2,实施方案
2,实施情况
2,实惠
2,实地调查
2,实名
2,实业界
2,实业家
2,宝鸡市
2,宜兰县
2,定论
2,定见
2,定心
2,定州市
2,定居
2,定力
2,定作
2,定位器
2,官网
2,官方网站
2,官僚
2,宗教局
2,宏观调控
2,完整性
2,宋美龄
2,宋晓军
2,安静
2,安身立命
2,安晓萌
2,安心
2,安塞
2,安全防护
2,安全部
2,安全管理
2,安全法
2,安东诺夫
2,孬种
2,学费
2,学民
2,学术研讨
2,学术界
2,学好
2,学堂
2,学员
2,学分
2,学人
2,季风
2,孟昭丽
2,孙娟
2,存身
2,存在感
2,子孙后代
2,媒体发布
2,媒介
2,娱乐
2,威风锣鼓
2,威望
2,威慑力
2,威尔逊
2,姜洋
2,姚志平
2,妻子
2,妄言
2,如火如荼
2,好消息
2,好听
2,好不好
2,奶制品
2,奴隶制度
2,奴隶制
2,奴化
2,女工
2,奥林匹克
2,奥尼尔
2,奠基人
2,奖惩
2,奖学金
2,奏效
2,夺走
2,头城镇
2,失明
2,失控
2,失利
2,失之
2,央行
2,太极
2,太平洋战争
2,天通
2,天达
2,天网
2,天空
2,天真
2,天皇
2,天王
2,天灾
2,天时
2,天圆
2,天下人
2,大阪
2,大过
2,大视野
2,大笔
2,大笑
2,大洲
2,大洋洲
2,大法
2,大水
2,大案要案
2,大手
2,大战
2,大意
2,大幕
2,大师
2,大好
2,大城市
2,大咖
2,大员
2,大合唱
2,大及
2,大厦
2,大决战
2,大兴区
2,大专
2,夜晚
2,多首
2,多用途
2,多工
2,多尼
2,多台
2,多下
2,夙愿
2,外露
2,外货
2,外设
2,外表
2,外缘
2,外籍
2,外生
2,外滩
2,外汇局
2,外汇
2,外宾
2,外地
2,外务大臣
2,外力
2,外交部亚洲司
2,外交学院
2,外交大臣
2,夏长
2,夏洛
2,夏季
2,夏令营
2,复燃
2,复活
2,复原
2,备案制
2,备品
2,声浪
2,声望
2,壮胆
2,壮族
2,士兵
2,增值
2,填写
2,塞尔维亚
2,塔尔
2,塔夫
2,塔塔
2,塔利
2,塔中
2,基础网
2,基础性
2,基本形
2,基层建设
2,基层工作
2,基因
2,域名
2,城市发展
2,城乡建设
2,埋单
2,垮台
2,垄断
2,坚冰
2,坐标
2,坏事
2,坎坷
2,均等化
2,场面
2,场地
2,地震局
2,地质
2,地步
2,地方性法规
2,地带
2,地地道道
2,地名
2,地产
2,在野
2,在家
2,在外
2,在乎
2,土方
2,土地开发
2,图腾
2,图像
2,图书馆
2,国际电影节
2,国际物流
2,国际格局
2,国际收支
2,国际会议中心
2,国防报
2,国防军
2,国贸
2,国统
2,国籍
2,国界
2,国民党中常委
2,国教
2,国家银行
2,国家档案馆
2,国家机构
2,国家旅游局
2,国家政策
2,国家承认
2,国家开发银行
2,国家信访局
2,国威
2,国大党
2,国务院妇儿工委
2,国务院办公厅
2,国务
2,国债
2,国侨
2,国体
2,围堰
2,团伙
2,回廊
2,回头
2,回击
2,回信
2,四川省政协
2,四国
2,嚣张
2,噶厦
2,噶伦
2,器材
2,嘲讽
2,嘉义
2,喜悦
2,喊出
2,善民
2,喀喇昆仑
2,商船
2,商用
2,商务部长
2,商务旅游
2,唱和
2,售卖
2,唐湘龙
2,唐人街
2,哈里
2,哈迪
2,咨询机构
2,和音
2,和睦
2,和平区
2,周良
2,周而捷
2,周知
2,周海江
2,周末
2,周期性
2,周四
2,周六
2,告终
2,告知
2,告白
2,吹风会
2,吸烟
2,吴荣元
2,吴祖荣
2,启蒙
2,听证
2,听觉
2,听众
2,含有
2,含义
2,否决权
2,吕謦炜
2,吕晓红
2,吕小炜
2,后遗症
2,后退
2,后藤
2,后盾
2,后来者
2,后悔
2,后于
2,名片
2,名校
2,名将
2,名城
2,名嘴
2,同达
2,同江
2,同来
2,同和
2,同名
2,同台
2,同僚
2,同体
2,吉隆县
2,吉布提
2,吉姆
2,合法权
2,合办
2,合作方
2,合作所
2,合伙
2,吃饭
2,吃紧
2,吃不起
2,司法鉴定
2,司法部长
2,司法权
2,司法改革
2,号称
2,叶夫
2,右倾化
2,台账
2,台词
2,台湾亲民党
2,台港澳
2,台日
2,台商协会
2,台军
2,可通
2,可贵
2,可观
2,可疑
2,可期
2,可操作性
2,可怜的
2,可怕
2,可取
2,叫做
2,句点
2,古谢夫
2,古老
2,古普塔
2,古改新
2,变质
2,变更
2,变幻
2,变天
2,受助
2,受制
2,受不了
2,取巧
2,发音
2,发起方
2,发起人
2,发言者
2,发表言论
2,发案
2,发展状况
2,发展历史
2,发动机
2,发函
2,发作
2,反渗透
2,反共
2,双引擎
2,友善
2,及高
2,及可
2,参观团
2,参战
2,原定
2,原子弹
2,厚实
2,厌倦
2,压缩
2,压垮
2,历尽
2,历史人文
2,却说
2,即使如此
2,危险性
2,危害性
2,印度政府
2,印度报业托拉斯
2,印度卢比
2,印度共和国
2,卡洛
2,卡拉奇
2,卡丁
2,占优
2,博览会
2,博科
2,南非国防军
2,南都
2,南极洲
2,南极
2,南亚地区
2,单项
2,单边主义
2,华阳
2,华视
2,华裔
2,华沙
2,华彩
2,华商
2,华人社团
2,华丽
2,午餐
2,升空
2,升格
2,升华
2,千里
2,十多
2,十国
2,医药卫生
2,医疗服务
2,医疗器材
2,医改
2,区划
2,北非地区
2,北非
2,北美
2,北纬
2,北方
2,北威州
2,北大
2,北京饭店
2,化学需氧量
2,化学
2,化作
2,包雪琳
2,包道格
2,包裹
2,包机
2,勾画
2,勒南
2,勉强
2,勇敢
2,势将
2,劳资
2,劳动者
2,动物保护
2,动物
2,加达尼
2,加油
2,加斯
2,加总
2,加德满都
2,加开
2,加害者
2,加坡
2,加冕
2,功过
2,功效
2,功德
2,功夫茶
2,功夫
2,功勋
2,办妥
2,劝和
2,力主
2,副司令
2,副主委
2,剥离
2,剥削
2,前面
2,前置
2,前因
2,刻板
2,刻有
2,制造者
2,制定者
2,制图
2,到位
2,刮目
2,别尔
2,利马
2,利雅得
2,利比里亚
2,利比亚
2,利时
2,利息
2,利害
2,利及
2,利做
2,初稿
2,初三
2,创造性
2,创纪录
2,创新者
2,创新成果
2,创新性
2,创意设计
2,创始人
2,创下
2,刘青
2,刘素云
2,刘少奇
2,刘乐
2,列克
2,划出
2,刑期
2,刊载
2,切合
2,分赃
2,分行
2,分级
2,分红
2,分支
2,分寸
2,分在
2,分发
2,分公司
2,分保
2,分享到
2,出马
2,出生
2,出征
2,出境
2,出国
2,出口额
2,出口退税
2,出口到
2,出力
2,出击
2,出价
2,出乎
2,冷波
2,冷暖
2,冷处理
2,决不会
2,冲绳
2,冰冷
2,冬藏
2,冠群
2,冠盖
2,农田水利
2,农田
2,农房
2,农业发展
2,军装
2,军委
2,军售
2,军乐队
2,写照
2,写下
2,再不
2,内政部长
2,内心
2,内伤
2,冀望
2,兽医
2,养成
2,养分
2,兴盛
2,兴奋剂
2,兴奋
2,兴国
2,兴办
2,兴业
2,关键性
2,关远芳
2,关还
2,关系者
2,关税区
2,关省
2,关方尽
2,关塔那摩
2,关国
2,关于亚
2,关丹
2,共青团
2,共进
2,共荣
2,共性
2,共度
2,共同语言
2,共产党人
2,六成
2,六十二号
2,公约数
2,公物
2,公民权利
2,公教
2,公平性
2,公家
2,公害
2,公安部门
2,公安人员
2,公器
2,公使衔
2,公仆
2,八田
2,全额
2,全网
2,全线
2,全科
2,全时
2,全岛
2,全家福
2,全国性
2,全国工商联
2,全国代表大会
2,全会
2,入驻
2,入门
2,入海
2,入学
2,入口
2,党部
2,党史
2,免税
2,免受
2,克钦邦
2,克里斯蒂
2,克里斯
2,克扣
2,光鲜
2,光芒
2,光缆
2,光环
2,光伏
2,光一
2,先行官
2,先决条件
2,充值卡
2,元丰
2,僧尼
2,僧众
2,催化
2,停顿
2,停建
2,做秀
2,做人
2,做事
2,偏离
2,偏激
2,偏执
2,假日
2,债权人
2,倪浩
2,倒数
2,倒向
2,倍增
2,俳句
2,修订版
2,修正法
2,信报
2,信心百倍
2,信徒
2,保驾
2,保障性
2,保防
2,保身之
2,保费
2,保有
2,保护区
2,保护主义
2,保安厅
2,保卫战
2,俄联邦安全会议
2,俄罗斯远东地区
2,俄政府
2,促销
2,促进发展
2,便于
2,侵蚀
2,侵略性
2,侯宇
2,侨领
2,侨社
2,侨生
2,依赖度
2,依归
2,供销合作总社
2,供气
2,例外
2,使命感
2,佳话
2,佩洛
2,作案
2,作成
2,佛祖
2,佛光
2,佛事
2,余震
2,余若薇
2,余家
2,余叔韶
2,余光中
2,余万份
2,何雪卿
2,何走得
2,何谓
2,何舍
2,何时才
2,何向
2,何况
2,体检
2,住处
2,低谷
2,低潮
2,低俗
2,伸手
2,伦理
2,传导
2,伟业
2,会馆
2,会风
2,会议中心
2,会签
2,会派
2,会会
2,优越性
2,优抚对象
2,优待
2,众人
2,休假
2,休会
2,伐木
2,伎俩
2,伊通社
2,伊斯坦布尔
2,伊斯兰教
2,伊拉克政府
2,企业主
2,任防长
2,任党
2,任健文
2,任何通
2,价值论
2,仪器
2,以西
2,以利
2,令人钦佩
2,代表大会
2,代号
2,付诸
2,从未有过
2,从小
2,从北
2,今非昔比
2,今世
2,人阿
2,人间
2,人联
2,人用
2,人生观
2,人格
2,人手
2,人意
2,人墙
2,人命
2,人力
2,人伦
2,人中
2,亲耳
2,亲笔信
2,京华
2,产经
2,产地
2,产业结构
2,产业指导
2,亦然
2,交通网
2,交还
2,交火
2,交易所
2,交待
2,交响曲
2,交上
2,亚洲协会
2,亚欧大陆
2,亚历山大
2,亚丁港
2,五月
2,五十年代
2,互联网站
2,互帮互助
2,互动交流
2,云集
2,云林
2,云云
2,于课纲
2,于柯文
2,于斯
2,于心
2,于如何
2,于她
2,于哪个
2,于伊核
2,于人
2,于中缅
2,于一
2,二阶
2,二轮
2,二氧化硫
2,二字
2,二天
2,二合一
2,二世
2,事例
2,争抢
2,争执
2,争吵
2,乳癌
2,乳制品
2,书屋
2,书刊
2,书写
2,习安
2,习奥
2,习俗
2,乘法
2,乘机
2,乔纳森
2,乔治
2,乐章
2,乐园
2,之源
2,之情
2,之士
2,之事
2,义乌
2,久经考验
2,举头
2,举国
2,主调
2,主导性
2,主动权
2,主力军
2,主义者
2,主业
2,为准
2,为人民服务
2,丹尼斯
2,丹尼尔
2,丹增
2,临界点
2,临沧市
2,临沂
2,串连
2,丰厚
2,中观
2,中西
2,中装
2,中美洲
2,中级班
2,中第
2,中研院
2,中澳
2,中海
2,中森
2,中曾
2,中意
2,中广
2,中山堂
2,中小学
2,中小型
2,中小
2,中央办公厅
2,中坚
2,中国语
2,中国证监会
2,中国统促会
2,中国站
2,中国外汇交易中心
2,中国国际问题研究所
2,中国全国政协
2,中国中央政府
2,中华日报
2,中元
2,中低收入
2,中亚地区
2,个子
2,丧生
2,严峻性
2,两面派
2,两面
2,两端
2,丢弃
2,东辉
2,东端
2,东森
2,东南亚地区
2,东京都
2,业内
2,业主
2,丘斯
2,丘尔金
2,世界旅游组织
2,世界史
2,世新
2,世局
2,专案
2,专家论
2,专家组
2,专业知识
2,专业人才
2,丑闻
2,丑恶
2,不靠
2,不错
2,不足以
2,不言而喻
2,不解
2,不自量力
2,不置可否
2,不结盟
2,不稳定性
2,不无
2,不振
2,不均
2,不合理
2,不可或缺
2,不可不
2,不保
2,不住
2,不仅如此
2,不乏
2,下达
2,下等
2,下有
2,下文
2,下推
2,上面
2,上达
2,上调
2,上诉
2,上街
2,上线
2,上相
2,上涨
2,上海交通大学
2,上旬
2,上影
2,上当
2,上实
2,上天
2,上周末
2,上京
2,上一代
2,三边
2,三路
2,三角
2,三线
2,三步走
2,三周
2,三十多
2,万起
2,万票
2,万张
2,万岁
2,万多件
2,万份
2,万两
2,万一
2,七年
2,七十年
2,丁仁芳
2,一百年
2,一本
2,一声
2,一场空
2,一地
2,一圆
2,一叶
2,一关
