561,总统
579,主席
527,访问
537,新华社
336,友好
345,会见
397,举行
441,关系
402,人民
701,中国
501,国家
259,会谈
532,问题
219,苏联
160,南非
205,外长
111,穆巴拉克
392,发展
154,代表团
260,会议
131,朝鲜
231,和平
231,双方
328,进行
149,以色列
205,总理
123,万里
79,巴特
198,统一
121,埃及
118,阿拉伯
114,蒙古
164,德国
163,领导人
140,部长
146,欢迎
122,巴西
97,合作关系
97,抵达
101,巴勒斯坦
104,伊拉克
96,委员长
238,合作
224,北京
65,曼德拉
70,扎耶德
120,邀请
264,记者
137,结束
66,宴会
80,大使
96,联合国
169,解决
130,发表
77,拉美
241,经济
192,政府
75,墨西哥
148,日本
153,政治
101,友谊
210,美国
133,代表
79,柬埔寨
76,条约
72,中东
84,伊朗
110,宣布
74,西德
77,李鹏
92,外交
70,江泽民
123,之间
101,讨论
109,下午
80,夫人
142,国际
121,强调
78,一行
66,议会
131,报道
97,谈判
110,委员会
92,讲话
114,努力
124,共同
48,人民共和国
69,机场
57,共和国
64,来访
98,巴基斯坦
90,欧洲
51,集会
141,加强
79,会晤
55,客人
107,世界
92,正式
90,原则
46,主席团
61,南朝鲜
128,要求
49,民德
68,局势
62,为期
120,继续
49,戈尔巴乔夫
100,习近平
55,也门
82,上午
35,阿拉法特
82,反对
62,谈到
104,指出
39,乌拉圭
60,首脑
94,决定
45,国际形势
66,交换
75,贸易
61,首都
63,访华
45,蒋洁敏
34,南非政府
98,稳定
69,恢复
59,北约
66,立场
36,突尼斯
41,布什
47,隔离
100,实现
72,叙利亚
49,人民大会堂
59,副主席
48,平壤
38,记者招待会
58,越南
48,议长
42,双边关系
58,种族
36,海部
52,联邦
73,联合
109,社会
53,副总理
60,事务
57,前往
67,斗争
41,国际问题
102,重要
52,当局
61,民主
98,方面
61,进程
53,呼吁
50,部副
35,外交部长
71,国务院
40,波兰
30,贝克
39,波恩
53,秘书长
41,团长
54,谈话
38,阿拉伯国家
90,组织
61,签署
40,庆祝
79,基础
67,形势
58,印度
38,谴责
94,政策
30,中蒙
36,内政
57,独立
45,宪法
40,犹太人
43,率领
29,专机
39,民主德国
45,非洲
78,领域
31,首脑会
32,东欧
53,发言人
29,克什米尔
49,中国政府
32,奥地利
79,地区
31,移居
28,阿尔巴尼亚
50,将于
37,首相
36,阿联酋
61,协议
58,声明
70,促进
32,墨西哥城
51,委员
71,去年
55,最近
71,作用
61,变化
50,团结
30,阿根廷
42,重申
70,意见
49,对话
41,国民
47,尊重
28,阁下
34,欧共体
31,智利
83,今年
59,得到
44,主张
66,发生
45,同意
62,领导
49,社会主义
27,立陶宛
34,高兴
67,群众
27,工党
54,官员
63,第一
55,了解
39,仪式
33,政党
45,一致
59,这是
76,情况
29,罢工
31,大选
41,感谢
27,佩雷斯
36,领土
51,召开
44,愿意
36,东盟
37,成就
92,工作
51,最高
40,离开
45,达成
48,实行
48,主任
33,对不起
25,联邦德国
32,气氛
29,建交
57,文化
38,协定
50,民族
26,出访
30,北方
41,对外
19,埃夫
39,外交部
36,莫斯科
25,驻华
50,人士
43,地位
64,制度
29,巴拿马
30,占领
34,中华人民共和国
40,联盟
51,利益
23,贵宾
29,汗
31,第三世界
23,德奎
40,贡献
23,开罗
36,全国人大常委会
57,不断
22,利亚尔
26,简讯
50,计划
62,全国
46,事件
31,中国共产党
45,重视
21,宾主
38,法国
52,介绍
35,选举
27,外事
25,缓和
49,重大
19,老朋友
43,香港
36,大会
26,交谈
34,石油
35,工人
21,屠杀
22,社会党
36,副总
26,宴请
54,推动
40,意义
18,达才
22,之行
22,总统府
26,柏林
34,工会
35,相信
47,发挥
32,国务委员
46,维护
31,看法
47,书记
31,祖国
53,成为
36,军事
21,被占领土
28,土耳其
46,保持
34,中巴
17,雷政富
32,有着
50,安全
32,紧张
21,尼日利亚
22,西哈努克
33,关心
23,巴中
19,中南海
32,拒绝
31,当选
29,援助
48,坚持
16,设宴
41,扩大
26,愿望
20,新政府
43,年来
43,消息
17,随同
19,送行
24,今晚
36,亚洲
37,涉嫌
27,双边
31,冲突
26,巴格达
24,华盛顿
22,巴勒斯坦人
27,他指
30,第一次
17,焦裕禄
31,主权
30,日至
28,增进
30,元首
36,交流
16,厄瓜多尔
46,存在
27,央视
36,困难
14,福德
18,废除
18,土库曼斯坦
26,边界
30,高级
61,建设
42,历史
28,移民
16,萨利赫
26,成员国
29,感到
28,西方
16,镇压
16,犹太
25,问候
20,民主主义
37,过去
30,决议
15,苏维埃
47,提供
28,组成
34,上述
25,参观
35,面临
26,满意
20,伊斯兰堡
28,使馆
38,行动
22,黎巴嫩
34,违纪
23,抗议
15,巴西利亚
21,磋商
34,力量
24,国资委
27,外国
25,前来
31,道路
31,事业
20,任命
25,障碍
12,斐济
24,东京
25,热情
22,中日
18,综述
43,时间
13,两伊
23,峰会
23,巴黎
16,维奇
26,日晚
30,态度
45,主要
39,中央
30,总书记
13,抵京
23,游行
17,南亚
22,回国
30,自由
38,机构
18,葡萄牙
24,交往
17,圣彼得堡
20,赞赏
23,中共中央
18,赞扬
23,分歧
31,成员
35,措施
12,国统
14,部长会议
16,斯洛伐克
14,纪念碑
17,乌兰巴托
12,国际劳动节
14,友协
23,正义
37,调查
12,纳哈
33,内容
16,正常化
17,执政党
23,晚上
17,内阁
21,中午
23,外部
12,钟玉
18,议员
14,五国
26,官方
18,印巴
15,中土
29,准备
18,电台
26,小组
24,公正
14,拉丁美洲
20,开幕
35,包括
31,英国
18,政权
39,人员
16,塔斯社
25,军队
30,良好
25,担任
19,马里
15,互访
20,武器
22,各界
11,德黑兰
21,会长
23,停止
15,里约热内卢
21,一审
25,权利
14,维也纳
32,精神
23,企图
12,地拉那
19,公报
19,经济合作
27,对此
37,影响
15,阿萨德
15,耶路撒冷
31,条件
14,还债
17,加深
13,秘鲁
19,往来
23,前景
19,阿富汗
27,人们
23,威胁
13,花圈
21,寻求
16,联络
21,改革开放
14,加强合作
12,拉脱维亚
21,舆论
24,透露
19,共产党
13,匈牙利
24,职务
15,日中
16,难民
15,华沙
12,亲王
30,处理
28,台湾
22,秩序
24,科技
13,拉夫
20,著名
14,接见
17,阿里
18,指责
18,人质
14,在座
13,头条
17,报纸
12,种族主义
10,轻判
26,办法
25,目的
13,代表大会
25,帮助
16,过渡
21,签订
21,公务员
15,来华
10,朝鲜劳动党
10,阿中
14,坦桑尼亚
23,保证
23,矛盾
17,捷克
20,飞机
23,表明
12,西欧
11,王素毅
13,就职
10,科技合作
15,起义
22,密切
28,执行
20,理解
12,平等互利
18,转达
10,洪森
9,田学仁
20,大国
13,解散
19,市长
22,时期
26,具有
10,拉关系
32,需要
16,开幕式
10,人民党
17,南斯拉夫
15,严禁
23,安排
13,大马士革
11,地区性
13,穆罕默德
23,通报
25,传统
12,密特朗
18,执政
23,阶段
10,艾哈迈德
11,致词
13,隆重
12,黑人
12,枪杀
19,受贿
18,接触
11,渡边
10,中央委员会
18,平等
18,国务卿
16,祝愿
12,民主党
25,有效
13,华侨
17,回顾
18,武装
19,争取
30,出现
12,阿勒
13,保加利亚
20,民间
11,国际会议
9,苏顺虎
11,技术合作
10,墨西哥政府
9,平进
10,张曙光
11,并同
16,示威
12,国旗
16,势力
27,目标
14,中日关系
25,战略
22,联系
13,讨论会
23,给予
24,最大
19,财产
10,杨子
15,国会
23,造成
15,削减
12,新任
24,直接
15,到达
13,入侵
11,国务
12,撒切尔
11,行径
12,明说
11,裁军
9,常任
16,外交政策
17,巩固
13,空军
23,选择
22,成功
10,六国
11,布拉格
26,我国
26,地方
13,海湾
13,秘书
13,政局
19,面的
20,局长
15,合并
16,有利
20,货币
17,伙伴
14,主义
28,开展
17,繁荣
24,法律
11,国都
11,受审
9,大会党
10,使节
16,一体化
22,看到
13,迫使
8,国书
10,德通社
17,放弃
16,途径
15,战争
10,保守党
18,释放
139,杨尚昆
10,胡志明
19,成果
12,同下
16,回答
9,阿齐兹
9,外相
13,约旦
21,学习
12,肯尼亚
12,安哥拉
14,和解
8,真理报
15,司令
15,发言
21,专家
17,院长
12,斯坦
11,辛格
10,联邦政府
9,电报
10,民和
27,规定
12,法西斯
9,国际政治
9,动乱
10,参观访问
12,南部
12,停火
11,印度尼西亚
22,获得
17,以前
18,正常
12,拉萨
10,州长
13,富有
16,坚定
9,国强
12,铁道部
8,赵勇
12,频道
10,中东地区
13,方针
13,着重
9,全国妇联
18,巨大
8,拉合尔
19,确定
9,罗干
9,国歌
16,东西
12,世界各国
8,阿拉伯联合酋长国
21,压力
14,将对
18,证明
14,否认
18,符合
10,裁减
7,气田
24,增加
13,任期
10,通讯社
15,分裂
8,开普敦
15,公款
17,不要
15,革命
10,参议院
18,改变
14,不明
13,助理
15,承认
11,命令
19,考虑
9,诚挚
13,致力于
12,有益
10,内蒙古自治区
13,敦促
7,现代集团
9,斯克
19,工业
10,第２
9,中强
21,监督
18,网站
13,定于
16,挑战
10,李鹏说
11,高官
17,很大
8,外交大臣
12,第八
17,同志
19,第二
16,希腊
10,中立
9,深表
8,卡尔
11,南北
14,有期徒刑
11,国王
10,愉快
9,政治家
11,上将
8,姚依林
7,民党
7,欧洲议会
13,应邀
7,哈立德
8,工商界
11,李登辉
9,雅各布
16,朋友
9,获释
19,集团
13,省长
9,秦基伟
12,史上
15,公民
21,技术
12,互利
18,能够
12,递交
13,兄弟
11,为首
9,芬兰
15,广场
7,社会民主党
8,拜会
8,前首相
10,兴地
8,阿尔及利亚
20,进入
16,机会
16,李克强
11,国人
8,萨那
17,维持
8,自决权
12,意大利
12,南方
18,高度
12,朝鲜半岛
15,常委
14,国防部长
13,下去
18,带来
16,尼泊尔
13,完整
8,示威者
16,经验
9,苏美
17,负责
17,产生
7,不结盟
9,约旦河西岸
10,争端
14,年代
7,铁道部运输局
17,先生
10,日到
10,邻国
12,及其他
11,伦敦
13,古巴
16,文章
10,宣言
7,理事国
7,中联部
9,孤立
11,克服
11,广阔
14,破坏
12,纪念
9,大使馆
6,阿尔及尔
13,奥巴马
9,加德满都
13,危险
11,总裁
9,尼加拉瓜
16,协调
11,士兵
9,文化交流
11,制订
13,胜利
8,赫德
9,会主
10,其他国家
8,利亚
8,特使
19,中心
7,南非人
7,相距
15,权力
13,进步
11,摆脱
11,人民日报
8,在野党
10,联合会
7,丁关根
7,欧洲共同体
15,青年
11,运动
12,委副书记
8,议席
10,步骤
9,金边
8,阿卜杜拉
7,阿拉
6,联合国开发计划署
10,见面
13,进展
14,状态
10,公诉
9,快讯
7,李达球
8,谅解
8,中美洲
7,双边合作
11,旨在
6,评议会
16,人权
11,指控
10,烈士
11,博士
6,革命党
6,自决
6,梅多夫
6,德穆哈
9,天然气
8,核武器
12,未能
10,招待会
13,在内
10,不安
7,阿拉伯人
13,批准
8,高德占
7,亚丁
13,承诺
8,财政部长
9,候选人
10,现任
16,实际
14,市民
7,哥伦比亚
10,动荡
8,贝尔格莱德
13,多人
12,县委
13,协商
15,小时
14,采访
12,劳动
7,山口
9,鲜花
13,有利于
12,普京
8,塞浦路斯
7,中国青年
10,与会
13,开放
8,辩论
6,中华全国总工会
8,兼任
6,中国人大
10,利比亚
8,号召
11,并将
6,紫光阁
8,事态
6,计票
6,拉克
6,别尔
12,深刻
8,萨尔瓦多
8,加沙
18,实施
14,来源
6,钓鱼台国宾馆
6,民意代表
6,制宪
7,诞辰
10,免职
7,十国集团
9,阵线
7,布鲁塞尔
15,广州
6,巴西政府
6,容许
6,几内亚
12,兴趣
11,美军
15,深入
14,越来越
12,已有
7,丹麦
15,任务
8,持久
8,白宫
9,孟加拉国
6,仪仗队
9,西班牙
14,增强
11,受伤
7,联合国安理会
8,汉城
13,大陆
9,迈出
11,有助于
8,受贿案
6,债务国
12,来到
10,失败
6,勒令
7,吉布提
12,死亡
13,拥有
8,要闻
7,中阿
9,第二次世界大战
10,印象
7,常驻
7,尊敬
13,债务
8,游击队
8,赠送
6,朱启祯
8,授予
9,对外开放
9,开辟
10,泰国
8,国际法
14,导致
11,错误
11,开庭
10,演讲
7,暴行
15,加快
5,胜利油田
7,白人
6,全权
21,公司
9,中山
9,阐述
15,研究
14,因素
10,人物
9,全国政协
8,国合
8,中美关系
12,地方政府
6,新闻界
6,官邸
9,新德里
10,考验
13,索马里
7,盖茨
12,心
11,部队
6,爱尔兰
15,中方
19,推进
10,陷入
6,表哥
10,罪行
11,是由
9,人大常委会
8,亲密
9,纽约
8,违背
9,国民党
5,德国政府
6,长根
9,顾问
8,司法部
6,节礼
6,联合公报
9,内蒙古
8,谋求
7,总参谋长
10,反应
6,爱沙尼亚
18,部门
17,干部
7,乔石
10,遭到
8,选出
9,印尼
10,第七
5,舷梯
5,深信
10,伟大
10,草案
10,中国人
11,观点
12,方向
12,合理
10,回到
6,月饼
8,商定
9,公务
6,转交
15,调整
11,分子
13,结构
8,前途
5,署长
8,曾任
13,范围
8,英雄
6,就任
14,过程
6,图案
12,农业
5,礼炮
7,领袖
8,华人
11,多年
9,国土
10,研究中心
9,干预
7,同情
9,恶化
14,上海
8,相似
11,必要
5,摩洛哥
5,尔斯基
12,司法
8,澳门
10,期待
13,人口
16,万元
10,现代化
6,选票
11,视频
7,历史性
7,三国
6,津巴布韦
6,反对党
10,损害
6,呼和浩特
8,建设性
7,保卫
16,责任
5,司法部长
6,述评
6,容忍度
12,检查
5,民主联盟
5,德和
6,过境
7,派遣
5,德兰
5,同机
5,参观团
5,南亚地区
14,能力
11,判决
6,观察员
15,水平
10,多名
6,李鹏在
11,多个
8,司长
8,共和
7,已故
9,团体
8,通讯
10,适应
6,早年
12,第三
9,批评
7,中央纪委监察部
9,路线
10,现有
5,天皇
7,日本政府
14,持续
13,土地
11,创造
6,驻军
14,环境
14,行为
7,归属
6,尼亚
6,美国国会
8,推迟
7,博览会
9,家属
9,高层
8,理事会
5,布拉
5,众议员
10,沟通
8,中指
7,人民网
6,杰出
6,朝鲜人民军
6,哈林
7,赃款
6,加勒比
9,加拿大
7,第十届
8,平民
11,违反
6,立法院
8,闭幕
7,分开
9,全体
9,董事长
7,深厚
13,居民
11,思想
8,辞职
9,改进
6,新闻联播
5,宋平
10,事情
8,敌对
10,先后
7,全会
6,贸易额
6,探亲
4,多米尼加
9,判处
5,敌视
9,中纪委
5,派系
7,法令
5,共同点
10,民众
7,恐怖主义
6,非正式
8,长远
9,警车
8,警察
6,发展经济
9,局面
5,观察家
5,四国
6,主队
5,习仲勋
12,比较
10,事实
6,统战部
9,解释
7,社会稳定
6,议院
6,照会
8,月初
5,李贵鲜
7,对抗
6,社会福利
5,铁道
8,奋斗
10,渠道
5,不雅
4,多党制
4,人事变动
6,古城
8,信任
6,人民代表大会
5,堵车
10,年底
6,挪威
7,地带
6,二审
9,暴力
5,科威特
8,关切
6,大人
7,萨达姆
6,赞成
4,对外经贸
8,授权
11,系列
8,忠诚
5,河内
10,非法
5,第一站
8,年中
8,云南
8,全国人大
10,文件
6,立新
11,反腐
7,受贿罪
7,将军
6,海湾地区
7,留在
7,南宁
4,柯林斯
5,国家计委
7,总工会
5,播报
10,面对
8,办事
7,一事
6,穆斯林
5,扫清
9,复杂
6,对华
8,大规模
6,检阅
4,世世代代
5,菲茨
5,苏两国
5,沃特
7,广播
8,点击
6,握手
12,生活
4,诉诸武力
5,政坛
7,民意
10,反映
11,负责人
5,秘书处
5,利害
10,认真
11,保护
5,大业
4,爱德华多
5,李瑞环
7,阻碍
4,赛义德
7,声称
11,公开
5,僵局
6,喀布尔
6,有助
7,前进
4,席尔瓦
5,阿卜杜勒
6,宣判
6,游园
6,织
11,腐败
6,邓小平
10,现象
10,无法
6,公主
6,新中国
6,来往
11,违法
8,充满
5,阐明
5,罗伯特
5,党派
6,王岐山
12,报告
6,国防部
5,邻邦
11,学生
4,北京日报
8,审议
4,塞内加尔
4,兄长
5,国政
9,评价
7,交给
6,与会者
4,宴会厅
8,获悉
10,一名
6,观看
6,缅甸
9,时代
7,常委会
7,所长
7,回忆
5,西安市
14,项目
7,复兴
4,非洲人
4,埃及人
8,副主任
9,承担
4,联播
9,认识
4,非洲地区
5,五月
8,做法
5,美国国务院
4,变幻
7,物质
6,老实
6,防务
6,永久
7,日内瓦
7,中央纪委
6,全文
5,后发
6,劳工
7,党政
5,中止
6,国库
4,内蒙古自治区党委
7,相同
6,珍惜
5,王丙乾
6,撤军
11,机关
4,飞抵
5,监察部
8,调研
6,商讨
4,国能
8,允许
6,检方
6,无效
7,夫妇
8,实际上
7,舞台
6,外来
7,控
5,国大
5,获胜
4,格罗斯
5,中越
7,是非
7,签证
7,新闻发布会
6,前夕
10,财政
14,城市
8,身份
7,不想
6,国家教委
5,名誉
7,调解
6,信赖
6,军备
8,经历
5,盛大
4,草签
7,开除
6,美国政府
11,贷款
4,尼泊尔政府
6,投票
9,行政
4,两河流域
7,遵守
4,法西斯主义
4,圣地亚哥
5,作法
6,不行
5,开端
6,上缴
10,开发
7,步伐
8,公众
6,周恩来
4,哈梅内伊
61,布托
4,龙海
4,近邻
8,体制
9,经济发展
8,合法
4,大和
9,健康
6,国庆
4,战胜国
11,公布
4,简短
5,动武
8,现实
6,新西兰
11,方式
6,市政
4,郝柏村
4,黄华
5,紧迫
5,资本主义
6,封信
4,睦邻
4,中华人民共和国政府
4,领导机构
5,国议会
9,领导干部
4,钦佩
7,妇女
6,题为
9,关键
10,达到
8,实践
4,交流经验
6,改为
9,生产
7,攻击
6,基督教
6,三方
7,第四
4,解冻
4,埃及政府
7,一道
5,会堂
7,物价
4,中顾委
6,海关
6,全世界
7,确认
5,毛泽东
6,大厦
6,签字
4,南美
4,候补委员
5,贝鲁特
4,巴基斯坦政府
5,岛屿
6,没收
6,核查
7,唯一
8,供应
5,辞去
9,表现
5,中国人民解放军
4,随行
6,财物
6,其中包括
6,大厅
5,节日
4,经济贸易
9,资产
4,雷斯
6,走上
6,美好
5,陈述
6,决不
8,位于
6,中华
5,共同发展
8,大学
4,驻外
4,北欧
4,准许
5,封锁
6,社论
7,成效
6,公职
7,发出
4,致敬
6,世界经济
4,雅典
5,合影
7,党中央
5,太平洋
5,华裔
4,千家
9,减少
5,新发
3,都柏林
3,劳埃德
5,象征
4,庆祝活动
7,委托
7,对方
9,深化
5,中央政治局
5,典范
4,卡斯特罗
8,方案
5,三军
8,旅游
6,辽宁
5,林业
5,折合
4,风云
4,分界线
7,重庆
6,发达
10,机制
7,山西
4,罗德曼
5,外债
5,东西方
4,承受力
5,称赞
9,发布
6,频繁
5,日来
6,重要性
4,中联
5,中断
4,外交官
6,转让
6,开通
5,牢固
6,准则
4,最高法院
5,全球性
3,合作部
3,埃文斯
3,协议会
7,论坛
6,航空
4,过世
5,斯基
7,肯定
4,使领馆
4,第３
4,议事日程
4,悠久
4,响起
5,景区
3,民有
3,基线
3,厄瓜多尔政府
4,天同
5,政治局
5,遗骨
4,太平洋地区
4,塞夫
7,满足
9,明确
6,激烈
5,基本原则
6,中一
7,月底
4,包围
4,露面
5,议定书
5,办公楼
7,祝贺
4,处境
5,博物馆
5,县长
5,争论
4,踏上
3,乔夫
7,职业
4,纪要
7,办公室
6,出发
5,深远
4,游览
5,口号
3,静坐
3,阿什哈巴德
6,自主
7,限制
4,斯里兰卡
7,普遍
5,约有
5,人选
8,职工
5,商谈
5,亚太
4,清廉
4,演说
6,倡议
5,礼品
7,注意
6,研究所
3,硕鼠
3,成山
4,丽江
4,阻挠
8,工程
5,以南
5,美的
3,拉赫曼
3,拉伊
8,全球
5,教堂
8,警方
5,伊斯兰
5,别墅
4,议程
4,有数
5,坚实
7,体现
4,坚信
6,补充
6,首席
4,敬畏
4,自民党
4,民兵
6,名义
7,举报
5,爆炸
4,中航
6,强大
5,阿尔
6,焦点
5,风波
7,党组
4,议论
3,魏茨泽克
3,迎候
3,劳动党
3,自由党
3,累累
3,波罗的海
6,幸福
5,期望
4,来信
3,哥斯达
5,谋取
6,可能性
4,安倍晋三
6,义务
4,留念
4,停顿
4,遥远
5,中共中央政治局
4,侨胞
6,令人
5,法案
3,穆特
3,欧洲地区
6,广西
4,华侨华人
7,优势
3,巴拉克
5,崇高
4,详见
5,人和
5,混乱
3,尼日
4,复工
4,声援
5,云南省
5,全民
4,竞选
7,一家
4,加有
5,监察
5,办事处
5,指示
4,中央组织部
6,现状
7,所谓
3,越轨
3,留任
4,置于
3,电子元件
4,清真寺
5,电视台
3,马两国
3,原平
4,国际关系
3,光州
3,坚冰
3,国徽
6,八大
7,处于
5,遵循
4,恪守
4,内容包括
3,访法
3,警卫队
5,事宜
11,投资
3,为过
4,顽固
5,表态
12,企业
5,振兴
5,熟悉
3,于亮剑
5,对待
7,涉及
5,借鉴
6,女儿
8,月份
5,发动
4,妥协
8,网络
4,横幅
5,开枪
4,马达加斯加
5,上班
5,探讨
4,西亚
3,夏斌
5,享有
5,打算
5,途经
5,乐队
3,于两国
5,应有
7,共识
5,西部
6,协会
3,霸权主义
3,戒严
4,政治经济
4,无视
3,情谊
5,关闭
3,行会
5,撤销
6,防止
4,党务
5,增多
5,赞同
5,党籍
4,中将
4,钓鱼岛
3,选举权
3,独立国家
3,八廓街
3,傀儡
3,第１１届
3,对外友协
4,摩加迪沙
4,过关
5,中旬
3,党际
3,马尔
9,显示
5,促使
6,农民
3,行政院
3,算计
3,坦率
4,瑞典
4,施政
3,车皮
5,吉林
5,见到
4,社团
5,亲属
6,俄罗斯
4,野蛮
4,岁月
3,断交
3,同向
3,剧变
3,乌干达
4,条文
4,主义者
5,协作
3,逗留
3,劳动部
3,财团
3,赞比亚
4,私用
5,企业家
6,新兴
3,罗曼
3,法兰克福
3,妄图
3,喀麦隆
12,市场
3,断绝
3,大吃大喝
3,屈服
4,便于
4,遗留
4,百人
4,庭审
5,减轻
4,互助
3,答道
4,迟浩田
3,马利克
3,政体
4,经常性
4,涌入
4,拖延
4,地理
4,颁奖
4,余热
6,信心
5,决心
3,书记处
3,英杰
5,公园
4,金砖
4,写信
3,舆论界
5,体育
6,损失
3,阿布扎比
4,台北
4,评论员
6,状况
44,金日成
3,越界
3,勋章
4,出动
6,能源
3,吉林市
8,教育
6,日方
5,标志
3,滥发
7,综合
4,道歉
4,苏军
3,茨基
4,草原
5,恐怖
5,适当
6,危机
4,荣誉
4,牧民
3,项目合作
3,发言权
3,执委会
3,拉尼
3,的黎波里
3,掌权
3,东京都
4,生于
5,国际组织
4,共产主义
5,寻找
4,途中
4,进一
4,姿态
5,法制
5,出于
3,今秋
5,共赢
3,说来
7,纪律
8,基金
5,理由
5,平衡
5,不利
3,环保厅
4,具体化
5,落马
5,言论
3,建设方
3,斯德哥尔摩
4,相遇
3,死伤
3,面孔
3,不和
4,无关
5,大局
4,战斗
4,中亚
3,薄熙来
4,出任
4,开会
6,形式
7,明显
4,统治
5,便利
6,举办
5,职能
5,十年
3,后于
6,公告
4,出席会议
5,广州市
5,扩张
6,贯彻
4,访问团
3,小国
3,无核区
5,最多
4,纲领
5,走向
5,返回
5,人类
3,泰勒
4,管道
3,雅加达
4,数千
3,王群
3,献身
3,共处
3,易卜拉欣
3,斯特
3,人权问题
4,主人
4,中国外交部
4,剥夺
3,好感
3,墓碑
5,山东
3,考察团
4,礼金
4,占有
4,任何一
5,客观
3,法纪
6,人民币
5,自觉
3,荣昌
6,公安
3,邦交
3,现场直播
5,袭击
3,强加
4,高铁
4,顶风
4,停留
4,中都
3,我们相信
5,运输
4,军人
4,同年
3,改组
5,展开
4,困
3,老一辈
4,实物
3,政界
6,程序
3,法国政府
3,密特
3,奥恩
4,杂志
5,毕业
3,让步
5,日报
3,惨遭
3,幌子
6,确保
4,并处
4,纳扎尔巴耶夫
3,张德江
4,一面
3,四方
3,轮流
4,为民
3,镇江
6,近日
3,怂恿
4,终身
4,大门
4,竞赛
3,沿岸
3,剥削
3,于两
5,争议
4,苏丹
4,意向
4,伤亡
4,真相
40,洛尔
5,半年
5,证据
3,修正案
4,迫切
4,中表
5,警告
3,下令
5,相当
5,正是
3,常规武器
3,万猜
5,作风
5,市委
4,国情
3,来京
5,学者
4,日通
4,打伤
4,侯赛因
3,上周末
4,大小
4,人心
4,日发布
4,亮相
4,青海
3,本社
4,带有
3,阴谋
5,检察院
3,东南亚地区
4,上表
3,富强
4,开拓
4,安倍
5,审查
3,简要
4,外地
4,美丽
4,提问
3,有幸
3,驻扎
3,血腥
4,老挝
4,称号
4,数额
3,任何时
3,结识
4,着眼
3,公认
4,监督管理
3,标语
3,将就
4,为人
3,南斯
3,欠债
3,格力
3,拉美地区
4,向前
3,政绩
4,代价
5,回应
4,国民经济
3,成一个
4,毒品
3,洛杉矶
3,残酷
4,国有资产
3,搬进
4,流亡
3,雷日科夫
4,心里
3,预定
4,明了
3,宣誓
4,昆明
6,媒体
4,有权
5,特色
3,备忘录
3,桑布
38,拉尔
38,德克勒克
3,广西壮族自治区
4,一把手
6,规模
3,科学技术
3,对内
3,北美
4,既有
3,清晨
6,法院
4,之际
2,程等
2,水晶球
2,南浦
3,筹措
3,危及
6,深圳
3,罗马
4,敏感
3,迄今为止
3,上届
3,曼谷
4,后果
3,身穿
4,东亚
3,换取
5,务实
3,肤色
4,发起
3,人头
4,绝不
3,空缺
3,韦尔纳
3,停战
4,城管
9,增长
5,海外
3,蒙古国
4,开设
4,处长
5,主动
6,原因
4,高管
4,所属
3,高呼
3,堪称
3,预报
3,应由
5,集体
3,延安
6,分析
3,相近
3,行不通
7,银行
5,前提
4,劳动者
3,健身
4,请求
3,题词
3,一派
5,设立
4,行长
2,鉴别力
2,桃江县
2,播发
2,匿名信
2,光化
5,广东
3,钥匙
3,威廉
4,提起
3,马那瓜
3,筹组
3,哈瓦那
3,安定
4,同事
4,商务
4,达赖喇嘛
2,排成
2,德中
2,丁文
3,通向
4,连接
4,倾向
3,前去
3,献花
4,妥善
3,社会团体
3,互为
36,科尔
3,单方面
3,上访
4,在一起
3,激化
3,届满
4,百姓
3,印章
4,国防
4,电视
4,声音
7,落实
2,伊利
3,难民营
4,市政府
3,打着
2,石油业
2,巴布
2,小农
2,团结报
5,用于
3,大臣
5,速度
4,潜力
3,出院
3,先锋
3,莱斯
5,工资
2,敏锐性
3,毁灭性
4,罗马尼亚
4,面向
4,河南
5,女士
3,忘记
3,对策
5,工作人员
4,时刻
3,解体
3,林业部
3,米尔
4,对付
3,燃料
5,宣传
3,无权
2,单全收
3,荷兰
3,定居
4,表达
5,鼓励
5,合同
2,里夫
2,朝鲜政府
2,改选
2,同体
2,合作所
2,人阿
3,沙特
3,互补
3,风浪
4,失去
4,网民
4,地点
2,陈希同
2,益阳市
2,甘愿
2,和数
2,克罗地亚
5,有所
3,于我们
2,革命委员会
2,访华团
2,民族自决权
2,巴基斯坦人
2,天道
2,埃镑
2,哈克
2,农业部长
3,斯拉夫
3,共产党人
4,老百姓
2,积怨
2,春夏
3,工会组织
3,咖啡
3,取缔
7,信息
3,阵地
2,乘船
3,刘志军
3,敬意
4,起诉
3,上旬
3,到会
3,扩建
4,等待
3,上空
3,一侧
6,西藏
2,巴基
3,马尼拉
5,申请
3,岛国
3,宪政
2,迈特
2,致意
2,反战
2,友好往来
5,突出
4,势头
2,陈立
2,对联
2,前时
2,列队
2,临行
3,基石
2,华金
4,性质
4,新加坡
4,数字
3,捍卫
4,家人
4,丰富
4,退出
4,方便
4,大学生
4,心理
5,质量
3,广播电台
2,社情
4,是从
4,提前
4,差距
4,实力
3,党性
2,敬献
2,基督
2,国宴
2,危地马拉
2,何塞
2,东道国
4,披露
4,一轮
3,不惜
3,时间表
2,得票
2,西班牙政府
2,哈德
3,酝酿
3,宣告
3,一国
4,派出所
3,提议
2,多党
2,党法
2,苏莱曼
2,相会
2,次大陆
2,干事长
4,自治区
4,形象
3,牺牲
3,花钱
3,登上
3,国际合作
3,视察
4,进口
3,参谋
3,突击
3,支柱
4,显著
4,学院
3,高技术
3,借口
3,粗暴
2,程序法
2,用意
2,照抄
2,北京市检察院
2,中纪委监察部
2,一建
3,入境
3,宝贵
2,起自
2,绿树成荫
2,朝中社
2,塞尔维亚
2,亚特
4,电影
4,公安局
3,灾难
5,资源
2,死难者
2,健步
3,诸如
3,不顾
2,花瓣
2,阿政府
2,阿姆河
2,民主人士
2,巴林
2,多夫
2,努尔
3,超级大国
3,忠实
3,可以使
4,提醒
2,联合国大会
3,立于
3,禁令
3,面貌
4,杭州
3,在任
3,拨款
4,生命
3,展览
32,萨利纳斯
32,吴学谦
32,卢泰愚
2,次长
4,自然
3,部将
4,主管
3,关税
4,办案
5,告诉
3,惊人
4,武力
2,工程局
2,原平市
2,应负
2,主谋
3,答复
3,自信
3,工作情况
2,英国外交部
2,独立宣言
2,拉卡
2,决不会
2,举国
2,下任
2,旅居
4,规矩
3,矿业
4,湖南
2,安全部队
2,均势
2,人参
2,萨斯
3,北部
4,避免
4,应对
4,文明
3,场合
2,洪都拉斯
2,拉曼
2,技术交流
2,哈利法
2,卡塔
2,坐到
3,防御
4,年初
6,发现
2,共事
2,里约
2,合作者
2,债权国
2,萨德
3,东区
2,金正日
2,联邦制
2,无党派
2,哈桑
4,处置
4,哈萨克斯坦
2,建林
2,大政
3,英语
6,单位
4,教授
4,不够
4,治安
3,分离
2,讲诚信
2,亢奋
4,基地
4,国有
3,鲜血
2,堪培拉
4,澳大利亚
2,飘扬
2,行政机构
3,有待
2,非军事
2,维拉
2,王储
2,李志
3,常规
2,干杯
2,会址
4,妻子
2,铺平
2,小范
2,时局
2,受命
2,凤凰山
2,盛顿
2,特尔
2,工业部
3,摆在
4,特点
3,战略性
2,污蔑
3,至关重要
3,机械
3,下旬
2,舞弊
3,遗憾
2,和同
3,暴露
2,苏大
2,军警
3,颁布
3,简化
4,日前
2,缔结
2,猖狂
3,关押
2,于使
4,世纪
2,格尔
2,运往
2,优越性
3,响应
3,男童
3,相处
4,值得
2,走下
2,恳谈会
2,信访工作
3,核能
3,被迫
3,余万元
3,一代
4,方法
3,休息
3,首要
3,人事
4,构成
2,右岸
2,阿曼
2,阿克苏
2,西姆拉
2,罗德里格斯
2,赖以
2,自驾
2,戒尺
2,八达岭
2,主旨
4,引发
3,着手
3,战线
3,信访
4,北京市
3,济南
2,根深蒂固
2,全国工商联
3,时报
4,专题
3,限度
3,脱离
3,研制
4,说明
2,首访
2,阿尼
2,存亡
4,只能
2,科技发展
2,德国人
2,土坯房
4,立案
2,朝野
3,壮大
3,巡航导弹
3,少将
2,日立
2,欢送
3,政务
2,视网
3,评选
3,俄方
2,捷克斯洛伐克
2,恭维
2,巴拉圭
2,下院
3,物资
2,法律面
2,反垄断
2,专区
3,津贴
3,感受到
2,利克
2,会会
3,参谋长
2,邮电
2,组织部长
2,十里
3,生效
2,苦不堪言
2,下榻
3,停职
2,运河区
2,苏德
2,王生良
2,杨跃华
2,朗达军
2,抛撒
2,奥尔特加
2,克里姆林宫
2,以色列政府
2,亚尼
2,东岸
2,在朝
4,阅读
2,借此机会
2,从维
3,变革
2,馆员
2,新党
2,午睡
2,自由主义
2,宁静
2,地毯
2,勾画
2,中央委员
2,阿根
2,获胜者
2,布鲁
2,能参
2,流亡者
2,派别
2,墓地
3,想法
3,开创
3,职位
3,立足
3,港口
3,武装部队
3,和谈
2,派对
3,浓厚
2,轮船
2,富商
3,留学生
2,见诸
2,摇摆
2,中文国际
2,立法委员
3,诞生
2,拉姆
3,责任制
3,区别
3,趋于
2,内务
3,步入
3,在建
2,首府
2,电子眼
3,超出
2,铜矿
2,邓飞
2,愤慨
2,小姑娘
2,天开
3,谣言
4,手段
3,学术
2,平和
2,于同
2,三世
3,余人
3,书面
3,早晨
3,外贸
2,理会
2,普拉
2,敬请
2,困在
3,学会
3,使命
3,身份证
4,两岸
2,安全部
2,澳大利亚政府
2,约翰内斯堡
3,确立
6,资金
5,下降
3,显得
3,大大
3,同一
2,长处
3,无辜
3,政府军
2,第４
2,康地
2,大跃进
2,统计数字
2,立国
2,抵触
3,万名
3,层次
2,缔约国
2,关上
2,先决条件
3,美方
2,左翼
2,版块
2,野心
2,取信
2,旅日
2,布宜诺斯艾利斯
3,音乐会
3,合作项目
3,不久
4,较大
2,教派
2,自强
2,压倒
3,每一个
2,贝格曼
2,波尔
3,研究会
3,知名
3,放宽
2,惠灵顿
3,面前
2,陷于
2,曾于
3,会员
2,蜜月
2,秦刚
2,巴格
2,吉尔吉斯斯坦
3,困境
2,停机
3,长时
2,近郊
2,走下去
2,笼罩
2,周到
2,贡布
2,瓦尔德纳
2,拉希德
2,张锦芳
2,尼西亚
2,参加者
3,照顾
2,民盟
2,外人
2,内罗毕
2,亲近
3,认罪
3,议题
2,列宁
2,久地
2,团团
2,合资企业
2,中德
4,意识
4,民警
2,安理会常任理事国
4,程度
3,注意到
2,评委会
2,埃塞俄比亚
2,国际机场
3,互动
3,娱乐
2,诗人
2,祖马
3,合作伙伴
4,打击
2,大昭寺
2,经得起
2,力图
3,指挥部
3,人大
4,价值
2,星期日
2,报业
2,纯属
2,皮革
2,韩桑林
2,解阵
2,盖亚盖
2,格拉
2,朝鲜中央通讯社
2,差猜
2,篇章
2,离任
2,游玩
2,陈伟才
2,照搬
2,本年度
2,强弱
2,公开信
4,执法
2,中华人民
2,迪拜
2,深情
2,花束
3,党委书记
2,总长
2,今早
2,交锋
3,回家
2,尖锐
2,解雇
2,含糊
2,日下
2,接纳
2,州政府
3,禁止
2,徐守盛
3,文艺
2,教育部长
2,激荡
2,官僚主义
2,党政领导
2,保护主义
4,附近
3,名字
3,意愿
3,中共
3,解读
2,印度报业托拉斯
2,掌握在
2,始建
2,付诸
2,不可逆转
2,玩游戏
2,达卡
2,莫罗
2,沈飞
2,德波
2,巴尼
2,委内瑞拉
2,奎尔
2,敲诈
3,中华民族
2,确信
2,对峙
3,听取
3,致死
2,国安
2,外文
2,使者
2,铲除
2,伊斯坦布尔
3,自治
3,豪华
2,最重
2,政府机关
2,总值
3,担忧
3,福利
2,活水
4,律师
2,万岁
2,晚宴
3,巴方
3,乐观
2,连任
3,声誉
2,地利
2,过错
3,女性
3,赞
2,等候
2,希腊政府
2,争做
3,协助
3,不符
2,国宝
4,支付
3,说是
2,海运
2,民航局
3,同步
2,交通部长
2,一首
2,贩毒
2,午休
2,加坡
2,印度斯坦
3,打开
3,商会
2,克里
2,里程碑
3,约束
3,曝光
2,无果
2,德克
2,传入
2,傍晚
2,司法行政
3,身体
5,价格
2,极端分子
3,适用
2,同盟
2,主编
3,轨道
3,环境保护
2,马列主义
2,大战
4,空间
2,辞退
2,留下来
2,比克
2,机关报
2,垮台
5,住房
2,议和
2,团委
2,语文
2,互补性
2,陈俊生
3,丈夫
2,桂林
2,广播电视
2,任免
2,遗迹
3,卫生
2,微妙
2,增补
4,整体
3,总经理
2,渔业
2,市中心
2,光辉
3,宗教
2,国家科委
3,体制改革
2,空运
2,院方
2,升旗
2,信守
2,年成
3,达赖
4,规划
2,素有
2,愤怒
2,可喜
3,负担
3,有力
2,兴建
2,之声
2,登山者
2,赫尔辛基
3,犯罪嫌疑人
3,失业
3,主题
2,反击
3,命运
2,美金
2,於其一
2,鲜艳
2,李铁映
2,围堵
2,典礼
3,遭遇
2,榜样
3,情绪
2,本领
2,曾多次
2,充当
2,预料
2,友好城市
2,购销
3,活力
2,掌声
3,手续
2,日程
2,抬头
2,天价
2,教育中心
2,许诺
4,标准
2,头脑
4,家庭
3,类似
2,领事
2,在即
2,早报
2,沉浸
2,全国代表大会
2,驻地
2,蒙古族
2,例会
2,进取
2,官方网站
2,爱好
2,日美
2,大方向
3,记录
2,就业机会
3,舞蹈
2,时隔
3,担心
2,遇难者
2,消灭
2,根本性
2,礼貌
2,德尔
2,切合
2,分权
2,昆明市
2,赞美
2,枪手
3,特殊
5,相关
2,转折点
2,联社
2,必不可少
2,尚有
2,各项活动
2,分出
3,材料
2,村子
2,出新
2,舆情
2,列举
2,巴沙尔
2,年增
3,优先
2,怀有
2,说到底
2,曲折
2,建有
2,大家庭
2,强硬
2,提倡
2,旅馆
2,接访
2,外企
2,诺夫
2,任总
2,正视
2,和平区
2,令人瞩目
2,克拉克
3,不变
2,有所不同
2,免予
3,情报
2,古代
2,被捕
2,理事
2,极好
2,经贸合作
2,组织机构
2,帝国
3,党风廉政
2,以利
2,道义
3,经理
2,装有
2,看作
2,历任
2,人教
3,建成
2,的卡
2,尸体
2,宏伟
2,坦诚
2,深夜
2,海峡两岸
2,中英
2,数万
2,带头人
2,机舱
2,皇宫
2,色彩
2,日出
2,怀着
2,年生
2,政府机构
3,位置
2,触动
2,写下
3,统筹
2,以期
2,之久
2,签定
2,幼教
2,政治性
2,第１
2,社会经济
2,大片
2,议事
2,追赃
3,中美
2,钱款
2,指导思想
2,开火
2,交火
2,书本
2,钻石
2,常好
2,少见
2,长廊
4,系统
2,既定
2,可望
2,前任
2,吞并
2,平方
2,答应
3,下来
3,迅速
3,优秀
2,记过
2,强迫
2,公仆
2,长城
2,西南
2,发展前景
2,预见
2,诚意
2,深深
2,意味
3,表演
2,老同志
2,撤离
2,蓝图
2,新材料
2,反法西斯战争
2,教材
2,有法律
3,效率
4,消费
2,震惊
2,投产
2,情景
2,加一
2,专栏
3,培训
3,纳入
2,修养
2,身为
2,无意
2,公安部门
2,出版社
2,领海
2,文化中心
2,建房
2,火箭
2,延迟
2,合资
2,民航
2,所有制
2,军委
2,三地
2,理智
2,出面
2,小标题
2,之多
2,宝马
3,对象
2,比尔
2,懂得
4,金融
2,意在
3,汽车
3,资料
2,遗体
22,纳米比亚
2,轰炸机
2,饮料
2,灿烂
2,美女
2,杀害
2,造谣
3,短期
2,县政府
3,建筑
2,俱乐部
2,趋向
2,纽带
2,作家
2,向南
2,装置
2,历时
2,颠覆
2,难免
2,多方面
2,被告人
2,终止
2,恐慌
2,得了
2,归还
2,动用
2,剧烈
2,歌舞团
2,分院
2,青海省
2,促成
3,升级
2,百名
3,电话
2,上台
2,党章
2,被盗
2,次日
2,三轮
2,为政
2,晚会
3,探索
2,之称
2,天才
3,设施
2,乘车
2,风光
2,什叶派
2,尊严
3,预算
2,谈谈
2,发动机
3,处分
2,生产力
2,实名
2,自我批评
2,会场
2,海域
2,创始人
3,启动
2,发扬
21,英联邦
21,欧安会
2,建国
2,取决于
2,英勇
2,分析家
2,汽油
2,捐赠
2,节约
2,致电
2,同行
2,逝世
2,增长点
2,队长
2,能达
2,输出
2,历程
2,常常
2,第九
2,中包
2,家园
2,中秋
3,补贴
2,知情
2,激动
2,人称
2,骚乱
2,交战
2,计委
2,中国人民银行
2,嫖娼
2,销毁
2,起步
2,入学
2,我要
2,谢罪
2,篮球
2,意图
3,指导
2,温州
2,商户
2,战胜
2,清醒
2,所在地
2,马上
2,筹备
2,恐惧
3,交通
2,港澳
2,反响
2,艰巨
2,挂钩
2,多样化
3,基础设施
2,招商引资
2,拟定
2,实质性
2,短短
2,缩减
2,权限
3,公共
2,饭店
2,矿产
2,宁夏
3,近期
2,第十一届
2,上诉
3,反腐败
3,查处
2,不予
2,缩短
2,鲁迅
2,不合理
2,艰难
2,替代
3,趋势
2,效力
2,为由
2,进驻
2,中外
2,大楼
2,董事
2,稳定性
2,服装
2,信仰
2,抢劫
2,时任
2,所说
2,定为
3,面积
2,经济文化
2,丧生
2,遭受
2,收缴
2,视野
2,暂停
2,奖金
2,语言
2,周刊
2,一波
2,资助
2,故宫
2,制度化
2,去世
2,内战
2,瑞士
2,周末
2,近年
2,对立
2,不合
2,起点
3,人数
2,重庆市
2,哭
3,经营
2,纪念活动
2,东南亚
2,延长
2,典型案例
2,下面
2,倡导
2,驱逐
2,民族文化
2,上去
2,主办
2,审判
2,战友
2,湖北省
2,调动
2,检察长
2,办公厅
2,苏州
2,经济形势
2,工业化
2,组成部分
2,频率
2,大幅度
3,上升
2,爆发
2,宗旨
2,教训
2,多元化
2,人有
2,首位
2,演员
2,开支
2,上面
2,夏季
3,结合
2,减弱
2,加工
2,文艺演出
2,古老
2,研讨会
2,截止
3,商品
2,公车
2,反省
2,报名
2,剩下
2,初中
2,未经
2,文字
19,巴勒斯坦国
2,放松
2,恶意
2,工作会
2,条款
2,集团公司
2,疾病
2,英国政府
2,垄断
3,立法
2,爱国主义
2,年时
2,新华
2,农产品
2,也就是
2,占据
2,梦想
2,下发
2,重复
2,生产总值
2,现出
2,深感
2,耕地
2,加紧
2,警惕
2,大城市
2,危险性
2,任职
3,体系
2,年第
2,省市
2,饮酒
2,实验
2,全县
3,模式
2,到来
2,角色
2,偿还
2,听到
2,反复
2,安徽
2,东部
2,交警
2,赢得
2,红色
2,长官
2,足够
2,见证
2,重要讲话
2,马来西亚
2,同胞
2,组建
2,江西
2,进攻
2,新政
2,共同体
2,加剧
2,清晰
2,司法机关
2,市场经济
2,习惯
2,组合
2,试图
2,严峻
2,级别
2,社会保障
3,互联网
2,会同
2,创建
2,怀疑
2,平米
2,询问
2,万余
2,借款
2,所得
2,海洋
2,国家安全
2,价值观
2,差异
2,积累
2,走出
2,办公
2,宏观经济
2,潜在
2,分类
2,年至
2,不良
2,获取
2,全党
2,三大
2,座谈会
2,暴跌
2,热点
2,抚养费
2,以往
2,理想
2,迎来
2,说法
2,缓解
2,距离
3,行业
17,巴解组织
17,巴基斯坦人民党
17,刘华秋
2,海军
2,城区
2,虚假
2,贿赂
2,道德
2,场所
2,采购
3,产业
2,难题
2,江苏
2,四川
2,信号
2,观察
2,日军
2,教学
2,财政部
2,治疗
2,光明
2,成都
2,上来
2,失踪
2,分配
2,设置
2,高速
2,多种
2,总额
2,角度
2,信贷
2,格局
2,智慧
2,机遇
2,子女
16,韦斯
16,钱其琛
16,谢瓦尔德纳泽
16,宇野
16,南非非洲人国民大会
2,缺乏
2,期限
2,从事
2,上一
2,视为
2,认定
2,构建
2,利润
2,初步
2,居住
2,了解到
3,就业
2,存款
2,医生
2,有望
2,计算
2,作品
2,养老金
2,理念
3,服务
2,决策
2,老人
2,觉得
2,年度
2,新型
15,根舍
15,也门共和国
2,发放
2,廉政
2,金额
2,科学
2,做到
2,权益
2,回升
2,民生
2,震荡
2,数量
2,相比
2,城镇
2,支出
2,教师
14,阿盟
14,沙克
14,桑迪
2,为主
2,保险
2,总体
2,有限公司
2,党员
2,党委
2,降低
2,资本
2,购买
13,苏中
13,离京
13,沈家松
13,李先念
13,布干维尔
13,巴巴多斯
2,犯罪
2,农村
2,业务
2,孩子
2,住宅
12,齐怀远
12,贵国
12,许博渊
12,蒙得维的亚
12,政治犯
12,德梅齐埃
12,姬鹏飞
12,吕学俭
12,卡列
12,努斯拉特
2,超过
2,产品
2,案件
11,韦拉亚
11,陪同团
11,蒙古人民革命党
11,组阁
11,拉宾
10,阿拉伯首脑会议
10,费尔南多
10,毛里塔尼亚
10,周慈朴
10,亚尔
9,雷泽克
9,邹家华
9,西索科
9,苏尔坦
9,美智
9,纳尔逊
9,第３次
9,梅克尔
9,桑贾尼
9,查尼
9,查尔
9,曹志
9,普伦
9,拉马丹
9,巴勒
9,安第斯集团
8,韩叙
8,阿拉伯国家联盟
8,话别
8,索拉纳
8,杨尚
8,朱良
8,朱云龙
8,拉伯
8,巴拿马城
7,金泳三
7,胡斯尼
7,特拉维夫
7,沙米尔
7,朴成哲
7,政务院
7,所罗门
7,彭冲
7,巴勒斯坦解放组织
7,哈韦尔
7,古井
7,印支
7,勒斯坦
7,临时代办
6,魏格尔
6,马利列
6,金永南
6,紧急状态法
6,王任重
6,特命
6,民民
6,比兰德拉
6,梅内姆
6,朱启桢
6,朱克川
6,施密特
6,德雷珀
6,德米
6,弗拉
6,库尼
6,巴拉格尔
6,尼茨基
6,墨西
6,卡鲁比
6,卡瓦
6,南斯拉夫联邦
6,利库德集团
6,全德
6,五一国际劳动节
6,中日友协
6,中国工会
6,丁原洪
5,鹿野
5,马尔科维奇
5,雅鲁泽
5,陈慕华
5,阿布贾
5,连称
5,路条
5,贝宁
5,詹世亮
5,西柏林
5,艾尔文
5,翁振葆
5,罗安达
5,答词
5,留言板
5,田曾佩
5,田仁彻
5,王震
5,王汉斌
5,温家宝
5,海部俊树
5,李金华
5,朱昌骏
5,曾宪林
5,斯特拉斯堡
5,托里霍斯
5,彭萨勒
5,巴新政府
5,巴德尔
5,巴基斯
5,尔巴
5,安第斯
5,安托尔
5,奎塔
5,太郎
5,多米尼加共和国
5,基斯坦
5,国务部长
5,卡拉曼利斯
5,午宴
5,加纳
5,刘珺
5,凯利斯
5,内务部
5,倪志福
4,鲜人
4,高奏
4,陶宛
4,阿联酋政府
4,阿拉伯埃及共和国
4,阿基雷
4,阿利
4,金钟泌
4,里斯本
4,邓颖超
4,迭戈
4,迪昂
4,赫尔斯
4,诺罗
4,议会党团
4,薛鸿
4,蒋正才
4,萨科
4,英联
4,苏哈托
4,苏共中央
4,纳吉
4,第２次
4,穆萨
4,祝酒辞
4,盛情款待
4,盛情
4,白鹤林
4,瓦塔娜
4,玉龙雪山
4,澳门工会
4,海湾合作委员会
4,汤德乔
4,杨主
4,杜尚泽
4,朝鲜劳动党中央
4,拉各斯
4,扎伊尔
4,成武县
4,德政府
4,德意志联邦共和国
4,建筑机械
4,幼发拉底河
4,布赖特
4,巴拉维
4,巴布亚新几内亚
4,宵禁
4,塔亚
4,基本点
4,基斯
4,圣何塞
4,国务院参事
4,哈盖
4,哈杰
4,哈博罗内
4,吴乐珺
4,君主立宪制
4,吉拉尼
4,古杰
4,古巴共产党
4,厄斯金
4,卡杜米
4,卡利
4,博塔
4,博什
4,区旗
4,努乔马
4,凯南
4,作陪
4,佛朗哥
4,众议长
4,伊朗议会
4,任建新
4,以占区
4,中央选举委员会
3,龙南
3,黎加新
3,马文瑞
3,马佐
3,顾林
3,项关于
3,革命军
3,雅尔
3,阿拉伯联盟
3,锦绣山
3,锡安
3,钱伟长
3,钟树楠
3,郑周永
3,邓严湃
3,轻工业部
