454,函数
546,病毒
452,内存
670,软件
569,计算机
616,用户
788,系统
310,服务器
434,电脑
292,主板
518,程序
313,显示器
291,性能
281,微软
511,网络
207,硬盘
260,笔记本
487,技术
375,文件
302,测试
255,代码
351,功能
490,信息
194,芯片
306,设备
542,数据
385,产品
209,语言
139,应用程序
210,数据库
189,版本
268,方法
251,应用
202,连接
133,带宽
179,频率
166,分辨率
183,机器
452,进行
137,变量
205,安装
179,模型
405,公司
284,开发
349,发信
194,类型
195,返回
493,问题
141,模块
132,特性
217,对象
226,速度
210,说明
257,过程
233,光华
260,处理
177,错误
148,定义
235,选择
203,设计
101,互联网络
125,电源
207,运行
90,语句
90,调用
120,厂商
225,日月光
225,华站
270,提供
268,需要
96,参数
120,硬件
257,出现
82,端口
209,标准
250,价格
105,传输
177,来源
105,容量
234,日月
159,注意
102,输入
124,主流
161,启动
213,实现
137,上一
163,检查
77,配件
206,发现
98,黑客
129,设置
233,情况
95,选购
194,安全
172,信区
167,模式
109,联网
153,协议
196,时间
145,文章
138,阅读
206,主要
198,服务
153,资源
161,比较
63,编码
125,状态
80,存储
83,鼠标
143,结构
100,游戏
170,方式
69,主机
63,兼容
59,软件开发
103,扫描
114,计算
80,键盘
82,感染
60,评述
105,案例
82,发送
80,信件
68,电子邮件
141,讨论区
56,编程
58,出错
118,用于
128,能够
110,正常
125,访问
61,总线
131,具有
159,成为
59,半导体
52,灌水
215,市场
117,人们
147,国际
151,单位
70,垂直
132,执行
126,精华区
86,面向
61,处理器
116,考虑
97,策略
135,环境
205,发展
78,指针
40,音箱
132,包括
111,产生
95,恢复
40,初始化
110,系列
194,工作
64,界面
69,编写
109,购买
151,重要
39,关键字
115,直接
43,打印机
52,存储器
105,最高
48,构架
116,世界
107,造成
51,菜单
54,选项
56,微机
107,之间
116,能力
138,方面
107,内容
105,规范
83,允许
138,要求
80,工具
98,导致
86,不要
126,显示
107,互联网
56,邮件
54,命令
102,最大
35,文档
69,创建
56,三星
83,面的
61,集成
55,传送
61,下面
61,上网
75,容易
147,美国
67,不错
79,必要
42,曙光
46,编译
46,构造
106,第一
95,分析
91,空间
79,竞争
39,兼容性
77,效率
67,称为
68,方便
49,我爱
56,扩展
104,解决
97,进入
85,质量
86,生产
32,浏览器
33,封装
90,保护
49,站点
40,并行
69,是由
34,接人
89,得到
33,死机
36,校验
60,相同
85,范围
71,释放
43,防火墙
52,删除
30,美格
38,英特尔
65,传播
71,普通
66,判断
98,发生
90,消息
52,内置
47,屏幕
67,相应
30,惠普
100,增加
38,外设
58,通信
77,核心
43,规格
54,目录
61,概念
40,长度
32,手写
46,可以使
34,断言
102,人员
48,抽象
84,研究
40,扩充
70,升级
63,理论
53,多媒体
74,无法
56,转载
92,水平
98,影响
43,平面
40,图形
84,介绍
56,打开
79,原因
37,程序员
70,客户
66,多个
62,满足
79,维护
39,光盘
41,命名
73,成功
80,达到
64,只能
58,电子
70,现象
63,朋友
58,高速
75,实际
37,因特网
59,互联
68,网站
64,保证
51,动态
47,转换
75,计划
46,识别
47,用来
31,攻击者
78,这是
46,图像
42,输出
57,以前
57,破坏
53,数字
48,分为
61,品牌
52,攻击
31,专卖店
41,通用
75,日本
81,不断
68,带来
33,格式
61,符合
46,关闭
31,盖茨
24,飞利浦
31,显示屏
82,关系
55,复杂
46,商家
52,类似
79,存在
67,看到
55,防止
44,文字
28,内核
41,解决方案
33,大作
38,指令
56,周期
133,中国
37,常见
43,循环
45,增量
49,提到
28,飞翔
55,限制
43,包含
34,型号
43,同一
73,行为
32,算法
50,继承
35,中文
27,程序设计
95,国家
46,本文
41,上面
22,机顶盒
35,网页
28,高性能
35,虚拟
61,变化
29,发作
29,默认
28,笔记
33,电路
42,请求
62,减少
31,含义
37,电压
55,改变
60,全球
59,专家
53,很大
33,流行
76,规定
48,避免
40,重复
36,例子
63,条件
22,正确性
35,步骤
38,便宜
47,实际上
67,需求
28,开发者
48,特点
22,拷贝
45,东西
40,窗口
21,东芝
32,诺基亚
52,一家
38,对应
26,结构化
44,推荐
57,了解
59,业务
29,调试
30,电池
32,物理
44,特殊
22,器件
48,宣布
52,越来越
42,改进
23,运算
65,领域
38,都可
27,复杂性
58,决定
26,生成
24,音频
55,代表
29,部件
53,办法
63,我国
41,共享
32,端的
87,企业
50,专业
56,有效
21,计费
34,稳定性
39,标志
43,相当
48,快速
31,管理员
34,大小
49,声明
32,崩溃
31,可用
23,组件
37,提示
20,备份
58,基础
29,台电
43,一致
27,外观
26,高手
22,台式机
36,清晰
28,索尼
46,统计
60,稳定
34,节点
53,获得
24,速率
40,高端
36,名字
58,地方
28,名牌
63,组织
54,上海
49,经营
27,分布式
57,目标
36,外部
43,资料
24,告警
27,数值
39,多种
23,读写
32,全局
26,开机
38,放在
34,检测
33,特定
19,米线
29,架构
41,优化
37,规则
41,事情
64,相关
48,统一
46,负责
45,目的
38,年代
26,隐藏
54,中心
48,任务
44,上述
47,工程
44,阶段
32,失败
23,顺序
47,第二
42,电话
42,拥有
39,还要
36,定位
16,复用
31,逻辑
25,性价比
41,科技
36,观察
18,变种
37,相信
28,单元
40,科学
39,故障
27,分支
44,降低
20,标记
41,合理
26,中断
33,跟踪
37,早期
41,形式
33,著名
19,玩家
22,语音
34,唯一
43,关键
20,玩游戏
20,中继
41,确定
17,扫描仪
30,验证
33,确认
33,组成
33,老板
36,进程
25,厂家
34,记录
36,小组
27,属性
33,笔者
40,引导
29,每一个
25,登录
40,成员
22,地球
22,机群
32,强大
30,参考
33,高级
18,列表
28,区别
32,交换
48,报告
28,名称
35,独立
28,指定
25,丢失
19,盒子
27,读者
40,消费者
37,意义
38,正式
41,传统
20,复位
39,事件
21,有用
23,画面
29,完整
39,学习
15,奸商
25,认证
25,差别
40,媒体
16,映射
17,像素
32,上市
41,发布
26,划分
22,入侵
45,作用
19,链路
26,常用
23,模拟
34,编辑
30,移动
44,报道
38,成本
36,准备
20,入门
16,视图
34,最近
34,不到
27,里面
29,有着
30,分配
32,迅速
34,手段
15,网络管理
20,技巧
31,肯定
31,位置
22,标识
24,研制
43,产业
24,改为
15,威盛
28,查询
25,文本
29,冲突
40,平台
35,帮助
18,整数
30,广场
17,星期三
32,效果
33,优势
21,国产
28,令人
19,页面
15,越界
31,办公室
33,发表
22,能达
26,电视
31,新型
28,信号
22,复制
25,调节
34,涉及
29,从事
29,正是
22,并发
27,特征
26,办公
24,结论
20,不支持
33,商业
19,联想
27,所在
25,生存
28,知识
38,超过
26,驱动
35,因素
27,很快
20,原理
27,成熟
15,屏蔽
12,字符
32,指标
16,汉字
20,挑选
19,优点
13,网络设备
13,倒换
14,液晶
21,终端
22,最初
19,三菱
32,手机
36,家庭
19,日立
34,表现
32,程度
32,公安
46,部门
19,管理系统
19,取一
13,防病毒
13,菜鸟
22,网格
14,电脑网络
22,带有
26,人类
19,加一
29,构成
29,大型
22,可以通过
30,时代
25,传递
17,木马
19,低端
23,后果
18,损坏
24,是非
18,低速
26,理解
13,脚本
12,成熟度
46,项目
34,台湾
16,使用者
30,面对
29,巨大
16,目前市
15,语法
18,原始
21,通讯
14,缩写
24,说是
18,实例
19,重启
19,散热
17,三楼
22,每一
23,声音
18,后台
20,机身
14,度量
13,购机
21,加载
19,节省
25,感觉
27,值得
25,事务
24,垃圾
23,大规模
40,继续
19,空白
35,机关
28,数量
15,极限
15,昂贵
20,实用
26,讨论
17,选取
23,反应
22,组合
25,适应
21,细节
21,层次
21,也就是
35,行业
16,静态
20,开关
31,结合
12,华硕
45,投资
23,以为
19,评审
19,多重
14,桌面
13,改写
21,漏洞
29,公共
30,良好
22,监控
28,所谓
35,机制
24,角度
11,补丁
16,换成
25,先进
25,多人
22,获取
21,适合
31,体系
25,覆盖
20,熟悉
11,杂牌
19,专利
21,估计
27,预算
16,原文
26,机会
12,好点
24,现有
20,本质
20,显得
21,级别
29,过去
11,图标
18,密码
31,明显
20,本地
20,有没有
10,数码相机
16,钻石
32,完善
21,思考
18,表面
17,溺水
17,安全性
18,常规
17,诸如
18,匹配
31,销售
15,综述
15,书写
22,最多
15,派生
20,报价
17,所用
15,可靠性
14,缓冲
22,查找
23,自然
23,优先
21,智能
18,麻烦
15,合法性
13,日志
19,对手
16,启示
31,保持
16,个数
25,费用
20,试图
15,元素
16,应用软件
21,喜欢
13,个人电脑
14,有线
18,许可证
30,发挥
19,一行
25,非法
19,激励
17,更快
22,发出
19,份额
25,相比
21,等待
19,合适
14,按钮
12,超时
10,路由器
18,生物
14,重现
19,看出
12,域名
17,苹果
15,英文
13,切换
22,主管
14,售后服务
17,无需
12,入网
16,下列
30,历史
25,违反
16,假设
28,努力
18,设定
23,下来
18,爱国者
29,明确
23,世纪
19,足够
15,万台
19,依赖
18,明了
12,堆栈
12,原装
24,大学
26,第三
21,信息化
23,实践
24,经验
16,机型
14,小于
20,第四
11,破坏性
16,工艺
25,申请
17,线路
12,解码
15,工作站
28,战略
12,可读性
24,原则
18,也就是说
18,构件
16,资讯
19,电子商务
11,面板
20,是从
11,买好
13,无线
17,选用
20,事实上
16,实验室
16,缺陷
13,读取
12,自带
22,地位
24,结束
22,视频
16,杂志
15,装置
20,解释
18,前面
27,措施
15,高质量
16,响应
16,专用
12,负荷
16,大楼
18,编制
22,成果
12,奔腾
15,至此
9,结点
19,感到
19,丰富
19,退出
15,口号
22,位于
18,分类
18,点击
10,因特
22,自由
9,发烧友
16,更换
17,在线
28,去年
12,捆绑
10,调制解调器
15,最小
13,路由
12,速度快
10,木质
19,有限
12,替换
24,犯罪
10,总代理
21,损失
10,网线
15,业界
11,局域网
23,趋势
14,可视化
15,全新
27,调整
9,音效
17,清楚
16,恶意
15,号码
26,法律
22,思想
16,进度
17,所得
11,报导
9,队列
12,真品
19,已有
21,认识
12,阻塞
13,保利
21,不足
12,绑定
14,缺点
20,开放
13,二楼
8,研究内容
10,师兄
15,噪声
16,发起
12,浏览
40,经济
15,相反
9,专卖
21,亚洲
16,长时
15,账号
17,注册
22,突出
16,不知
18,拒绝
15,关联
13,不必要
10,连线
12,数学
21,方案
20,做到
12,出色
17,监视
10,汇编
21,为主
18,通道
14,任何一
11,大虾
8,低压
25,生活
16,可在
32,社会
9,甲骨文
9,排版
12,耳机
11,一致性
14,可靠
10,画质
10,居士
16,罚款
19,现实
18,警告
12,机时
16,中一
12,想起
12,史密斯
11,能比
14,竟是
13,浪潮
13,价位
12,字样
14,实时
12,瘫痪
21,重视
15,过多
18,欺骗
15,大大
11,网络技术
9,计算机网络
12,集合
16,许可
13,巨头
13,辐射
18,审查
9,风扇
12,色彩
18,典型
14,花费
12,关机
15,干扰
14,记得
8,水货
15,最佳
8,冠群
16,寻找
22,整体
10,防水
9,冲击波
10,上到
20,交流
13,加密
15,频繁
10,尺寸
14,分布
19,危机
15,红色
16,收购
13,热门
14,低价
13,销毁
14,管理工作
12,总会
12,于其
16,免费
9,行期
19,最低
12,体积
9,子系统
16,总结
12,相差
20,联合
13,主意
17,利润
24,指出
12,互助
9,功耗
14,风格
15,在一起
10,附带
15,最为
18,普遍
15,强制
11,官司
8,格式化
15,禁止
17,在内
12,色情
11,写成
15,潜力
20,小时
9,传染
14,垄断
23,领导
10,电缆
8,底座
24,公布
13,报纸
13,简化
8,软件技术
18,背景
19,困难
14,不久
11,柜台
15,接触
10,启用
19,有所
14,面前
15,不符
12,高科技
12,个部
18,表明
10,维纳斯
14,中华人民共和国
11,忘记
29,今年
23,机构
10,成一个
12,新一代
12,称之为
13,忽视
13,缺少
11,数目
9,改动
13,全世界
16,预测
14,第五
29,合作
9,沪上
9,有线电视
12,含有
9,易于
8,以太
9,警卫
10,网络服务
20,规模
7,网管
8,按需
18,较大
8,零配件
23,重点
22,共同
14,提交
11,能导
17,前提
12,相似
12,瓶颈
11,经销商
17,评价
12,配有
14,等一
13,想到
10,上进
124,显卡
10,数字化
10,行政法规
8,够用
12,修复
9,市面
13,备案
16,理念
20,重大
14,第十
12,玻璃
10,越好
8,关掉
13,品种
10,泛滥
9,书店
13,领先
18,近期
11,次数
14,具备
14,通话
19,告诉
17,证明
12,研究生
12,毕竟
16,觉得
17,小区
8,反垄断
20,年来
15,前景
7,基因组
8,恶作剧
9,起始
15,兴趣
9,基站
9,检索
8,苹果公司
9,零件
18,国务院
13,透明
12,最快
16,事实
9,公认
14,采购
25,加强
16,道路
13,怀疑
9,上安
13,是不是
15,愿意
8,项目组
19,违法
8,可用性
9,失效
8,中创
10,附件
15,经历
11,热潮
11,填写
12,不正
14,停止
17,联系
13,不想
10,痕迹
12,普及
14,进步
8,研究人员
13,并将
13,积累
12,想象
11,三条
9,摄像机
11,锁定
8,总能
9,对内
10,新品
11,秘密
11,网络安全
9,裁决
16,方向
10,初始
21,创新
7,漫游
9,下一代
9,开放式
12,边界
11,差不
11,压缩
6,空间设计
10,齐全
12,现出
10,小心
12,警惕
10,神秘
8,手柄
14,框架
13,理由
13,由此
12,实验
11,新技术
13,有助于
13,适用
12,高速公路
15,达成
7,监视器
7,外包装
12,处在
9,三代
13,回到
13,广告
7,监听
16,处于
14,思路
10,蓝色
20,风险
9,冰箱
16,认真
8,投影仪
10,简便
7,评测
10,分开
9,有无
15,渠道
8,售货机
9,要好
6,产品系列
10,首选
10,辅助
8,低廉
13,紧张
8,功能齐全
17,人口
10,符号
10,有效性
12,高效
10,弱点
11,庞大
9,重量
9,持久
18,序列
9,头部
11,其中包括
11,不仅仅
12,差异
6,数据恢复
12,流程
12,回来
13,放弃
10,档次
7,用者
11,想法
28,记者
7,有误
10,当作
13,担心
12,转向
9,碎片
9,入口
10,只需
8,单词
12,固定
12,不良
8,侵入
10,常常
11,未经
9,报刊
6,面面俱到
13,做法
6,整机
7,统计学
13,关心
9,许会
8,重载
10,占有
16,给予
15,对此
9,用心
18,促进
12,工厂
12,平衡
11,敏感
10,变为
10,并购
6,立式
13,初步
7,按键
11,年第
19,实施
15,价值
9,星期四
7,火球
9,分担
10,意思
10,算是
10,用途
8,表格
16,英国
9,公用
10,并处
9,便于
6,全系列
6,用户名
9,延迟
9,应为
13,处罚
8,位数
11,家族
101,内存条
12,危险
12,可能性
10,一代
11,奋斗
9,透过
8,称作
9,差价
7,手头
12,负担
16,规划
6,分线
6,歪歪
9,温度
9,学科
7,组装
6,驻留
9,二代
11,授权
10,蔓延
8,研究开发
9,发展方向
11,看法
11,激烈
18,教育
10,不具
7,价格比
10,路径
8,家用
13,优秀
8,可疑
9,有如
8,问世
8,变换
7,做工
8,必不可少
13,密切
6,新系
9,种类
8,假货
9,降价
10,摆脱
9,少年
6,联调
6,美国联邦调查局
13,心
7,间谍
7,星期五
11,表达
11,适当
8,一般来说
8,控制权
12,缺乏
9,降到
7,介质
10,科研
8,灵活性
8,境界
7,行进
12,威胁
8,看作
23,增长
11,研究所
8,孤独
9,售价
7,平常
9,节约
8,空闲
6,优先级
7,集成电路
14,健康
9,漂亮
10,联邦
10,打算
9,中包
13,反对
7,模板
8,耗尽
10,应有
12,股票
5,管理软件
5,知识库
94,软件工程
9,宽带
7,下图
8,留意
9,供电
8,单个
20,政府
12,观点
12,承诺
7,软件公司
20,北京
12,不够
13,探索
9,美国政府
9,完美
10,及其他
10,缓慢
8,自动化
8,颜色
6,喜好
10,转化
10,角色
11,承认
7,各种各样
15,利益
6,发展计划
6,被叫
7,常高
9,权限
12,特色
11,别为
11,实力
12,有利于
5,失真
7,新业务
8,要点
8,储存
7,程式
10,商务
6,计算中心
9,替代
7,开销
7,宽度
8,只不过
7,中加
6,装机
9,精力
7,星期二
7,年代中期
12,欧洲
7,制造者
7,省去
11,公平
6,沙龙
6,断定
8,地理
12,时期
7,主页
13,指导
8,中国科学院
9,明白
7,下级
10,引进
10,对付
10,聚焦
7,叫做
9,到达
13,确保
9,前进
7,西门
6,非典
9,变更
6,微星
9,消失
8,拿来
14,公开
6,已知
8,有违
9,管理制度
12,年底
8,终止
8,灾难
8,写入
6,高超
10,理想
8,精确
8,忽略
8,查阅
9,诞生
8,排队
9,研讨会
8,边缘
9,伪造
8,分析家
6,带电
7,文件名
9,大于
5,春雨
9,初期
7,独立性
9,细化
9,爱好者
6,无误
8,代理商
9,远远
11,运用
6,注意事项
7,数据处理
21,建设
8,时有
6,待续
9,话题
10,隐患
5,无路
8,取决于
8,节能
8,防御
5,用处
5,应用开发
8,保修
7,有所不同
8,不易
8,功率
13,高度
5,连上
10,走向
6,第十二
9,作业
11,合法
8,新产品
15,调查
8,记忆
7,转自
10,防范
7,发烧
9,品质
7,大为
5,独占
6,费时
13,扩大
9,抄袭
12,反映
5,线性
7,魅力
10,客观
11,透露
5,上边
8,我要
5,字母
9,准则
6,性能价格比
8,区分
6,三维
6,诱人
6,引诱
7,特有
6,第十一
7,科研机构
8,不停
11,欢迎
8,简称
8,人体
9,不明
6,完整性
9,公安部
12,力量
12,比例
10,进展
11,体现
13,学校
6,纳斯达克
6,个例
10,对方
6,乐乐
15,推动
8,盲目
8,源于
7,比尔
8,供应商
7,资源管理
6,多台
8,限度
6,尊敬
8,模糊
12,面积
14,下降
5,杰克逊
9,时刻
6,直观
8,混乱
8,制订
5,收发
11,创造
6,增减
9,明年
7,无意
9,维修
8,阻碍
15,地区
8,监察
8,声称
5,电视网
8,没收
8,不见
12,支付
9,网民
9,途径
5,网络资源
7,经营性
6,技术支持
8,衡量
7,装入
7,寂寞
78,插件
8,不小
7,有害
9,寻求
8,快乐
6,制造商
7,第二十
7,不通
9,回答
5,佼佼者
6,时能
7,可怕
7,弹性
6,电机
6,商用
6,写出
5,遗漏
6,大战
12,人士
9,距离
6,局限
6,可采
5,应用系统
7,说起
7,充电
8,致力于
10,转移
6,优于
8,心里
7,牺牲
5,结尾
5,省钱
5,取舍
8,概率
6,隐含
7,操纵
10,决策
11,实行
5,搞清楚
6,省城
6,中关
5,最大值
11,意识
8,又是
5,手感
7,可通
5,网络时代
7,少有
8,原有
7,隐私
7,天才
7,智能化
7,保密
9,冲击
6,误区
5,灰尘
5,出入口
6,老大
6,偶然
11,办理
7,率高
7,永久
5,超值
5,帐号
5,亮度
6,相机
6,合成
10,引发
10,培训
5,日文
7,样子
6,分销
7,目光
6,记住
9,图片
5,透明性
11,增强
9,袭击
7,名词
7,常会
7,追踪
6,信息网
8,法人
15,全国
5,选配
8,到来
5,泄密
74,计算机病毒
8,听到
7,足以
5,起源
11,近日
11,面临
5,游戏机
6,可知
7,同行
8,开启
8,注意到
7,好坏
7,对抗
6,个子
8,娱乐
9,效应
8,赢得
8,想要
8,重要性
10,能源
6,置于
7,经典
7,包容
4,小芳
6,喜爱
8,信任
4,难为
4,应尽可
4,展示厅
7,包装
7,越多
5,辨认
10,开发商
5,费力
5,生产技术
11,交易
5,相依
6,巧妙
4,苍凉
4,内含
7,中都
7,跨越
7,增大
6,电流
7,同年
5,许就
5,雅虎
8,规律
8,满意
7,试用
72,驱动程序
72,机箱
8,后续
6,门户网站
5,分层
5,分辨
7,说明书
5,难找
5,鉴别
5,席卷
7,至关重要
12,月份
4,用率
4,合算
4,价格便宜
6,银河
5,底层
4,误用
13,会议
6,生产线
14,责任
8,配备
6,概括
7,不公
7,扩散
7,宣称
7,有意
7,上诉
7,期望
7,放心
9,年初
8,体验
6,高一
6,于一个
11,商品
8,遵守
9,沟通
6,机房
4,话音
5,高效率
5,做为
4,源码
4,数据线
4,乘积
5,第二十一
4,黄晴
8,热点
8,同步
8,降幅
8,反馈
7,先将
12,文化
5,胜任
5,辨别
69,示例
69,声卡
4,赘述
4,移动电话
4,版税
4,傻瓜
6,基本功
9,布局
5,不周
8,第七
7,好处
11,综合
7,标准化
4,超图
4,新泽西州
4,多语种
10,总体
8,中国人
5,工业界
6,索取
7,上去
4,订户
13,银行
6,精彩
5,商都
7,浪费
6,太平洋
5,插座
68,注释
7,聚集
6,些小
8,便利
9,分析师
9,权利
7,第六
8,三年
5,里都
5,关注点
5,字体
7,组成部分
4,毁掉
5,省下
4,麒麟
4,紫光
8,充满
10,召开
7,过滤
5,包袱
4,背面
4,单机
7,弥补
6,许是
5,应用领域
5,近乎
5,地步
7,超出
5,传入
7,危险性
8,差距
6,完了
8,主题
7,学会
5,软件业
5,无可
6,基因
6,在意
8,运作
4,统称
7,相当于
10,委员会
7,论文
7,合并
9,状况
6,分成
4,蓝屏
4,克鲁
4,乱码
5,流水线
5,练习
4,请看
8,手续
6,行列
5,各行各业
7,谈到
6,俱乐部
4,概要
5,游戏规则
5,多层
8,进口
7,指控
5,服务公司
6,高技术
11,黄金
9,健全
8,显著
8,损害
8,上来
6,星期
65,字节
65,光驱
4,柳暗花明
4,中设
5,附录
5,设计者
6,卫星
7,战争
4,裂痕
4,大批量
6,坐标
6,雪
4,死掉
4,废话
7,反复
7,伴随
6,看似
7,眼看
6,谈谈
8,提醒
4,辨识
6,隔离
6,无关
8,生命
6,二层
64,性能参数
6,完毕
5,串联
5,好象
5,可调
6,合规
5,闯入
8,实体
4,留心
4,环保标准
4,参阅
7,尝试
11,双方
7,股价
4,静心
7,不适
5,太远
6,调度
4,必读
4,如图
5,通讯社
5,恰当
4,安全漏洞
4,判别
8,联盟
8,应对
6,引擎
8,评估
6,顾客
5,低成本
4,产业界
6,工程师
7,控
7,询问
5,雏形
6,等于
4,鸡肋
4,双面
7,减轻
7,动作
4,谦虚
4,米开朗基罗
4,大统
4,举出
5,年代初
6,限于
8,季度
4,合乎
7,团体
6,还原
4,钟情
62,芯片组
62,净室
6,好好
5,限定
5,无用
4,耗材
4,上端
6,前所未有
7,圈子
5,有名
8,官方
4,窃听
5,越来
6,卖出
8,挑战
5,同名
5,流畅
4,嵌入式
5,指纹
8,欧元
4,年秋
4,错觉
4,触摸
6,泄露
5,消灭
5,机密
6,青睐
8,公众
6,留在
5,看成
5,下限
6,携带
5,掩盖
6,着重
7,失去
5,打入
10,加快
6,涉及到
4,多路
6,人工
4,装好
5,浦东
7,高层
7,绿色
6,缩短
6,条规
7,过来
5,新手
12,制度
4,数来
5,门户
5,奢侈
6,广阔
7,竞争力
5,电气
5,应将
5,市场占有率
4,星期一
4,升级换代
4,惯用
6,着手
6,广播
9,支撑
7,难度
7,补充
5,四楼
6,所说
4,人工智能
5,求是
4,申请书
6,总裁
5,白宫
7,意外
7,十年
4,常快
7,焦点
4,第十七
5,国家标准
5,固化
6,起点
5,迅猛
5,招牌
59,超频
6,慢慢
9,民族
7,革命
6,不幸
4,决胜
4,中文版
6,美丽
5,成分
5,干什么
5,优异
4,适应性
4,可先
7,胜利
5,火炬
7,有力
4,网络通信
4,第十四
4,北区
6,试验
4,显示系统
4,使用方便
5,天涯
5,始于
4,鸿沟
4,风潮
4,寒冬
8,事业
4,生产过程
4,网络应用
6,个体
6,遵循
5,大发
4,要强
4,时显
6,大幅度
5,中将
5,一楼
4,除法
7,前期
6,教训
4,个口
4,新意
4,外形
4,识破
5,硅谷
6,独特
5,容器
5,于我们
4,乐曲
5,首例
4,狂热
6,有权
5,于它
4,瀑布
4,提供有
7,学院
4,指点
5,大厂
6,检验
7,大会
6,定于
4,果实
5,闪烁
5,便有
5,爱情
12,资金
5,可行
7,将于
9,集团
5,真实性
4,存贮
3,达克
3,规约
3,直角
3,点点
3,时变
3,接入点
3,产品化
3,于它们
10,持续
5,停机
5,大卫
4,炫耀
5,常有
5,妨碍
4,温柔
5,致命
5,幸运
5,回头
6,干净
8,宣传
4,快捷键
7,半年
4,头疼
4,顾忌
6,绝不
4,卖点
4,联接
4,数字电视
4,少时
6,销量
4,其成
6,对比
5,细分
6,不在
4,色温
5,惟一
7,同意
6,实质
4,模块化
4,星星
6,以下简称
7,注重
5,于此
6,成形
6,时机
4,保证书
4,上帝
6,上级
6,落后
5,大一
4,未知
4,又称
5,提议
5,切都
5,能进
5,战场
8,打击
5,寿命
4,制冷
6,开通
3,自动识别
3,耦合
3,相成
3,冗余
3,皇朝
3,一推
7,论坛
4,纯属
4,开一
5,奇怪
4,汹涌
6,走进
4,技术指标
5,个性化
4,可同
4,定量
4,中强
7,作品
5,漫长
8,交通
6,总数
4,国际标准
4,可将
8,基础设施
3,电话会议
4,大名鼎鼎
7,澳大利亚
4,价钱
7,分子
4,并同
8,登记
4,先于
5,基本原则
4,克林顿
4,作坊
5,上新
5,有时候
5,总计
4,罗伯特
4,以求
5,智力
5,生产率
4,盘算
5,处以
4,划伤
5,用电
3,老本行
3,智能型
4,把手
6,能量
4,况下
5,前行
4,资费
4,更新换代
4,影像
6,下去
7,多年
5,登陆
5,争论
4,通信网络
5,统治
9,监督
5,侵袭
3,马虎
5,前三
4,电话号码
5,大面积
6,销售额
5,辉煌
8,主体
4,正版
5,均衡
4,可惜
5,无限
3,索引
6,制约
3,巫山
4,环球网
6,恐怖
5,流量
4,标示
4,简要
5,设有
5,第九
4,天堂
5,根源
4,产品线
6,地点
4,恢复性
4,相约
4,芬兰
6,出于
7,主动
5,分离
5,手法
3,工程管理
3,送出去
6,第三方
7,态度
6,年轻
3,描述性
3,口舌
3,举世
4,危害性
5,精英
7,账户
6,伟大
7,对接
8,上升
4,感触
4,议和
5,全线
4,预定
4,第十五
8,深入
5,记下
4,过载
5,不行
3,商品化
5,离不开
4,前端
4,况且
5,来访
5,动画
5,机械
7,大陆
7,上午
4,抢占
4,一月
4,受骗
5,第八
4,天网
6,董事长
3,偏移
3,传讯
3,常情
5,答案
6,法规
4,优劣
5,美国国防部
5,疯狂
3,电脑软件
4,试试
4,简介
3,导出
3,叫作
4,看电影
4,准确性
3,计时
3,留空
3,撰稿人
3,手动
4,昔日
6,性质
3,自动生成
6,资格
4,抽样
5,致使
6,法官
5,炸弹
4,用法
4,隔壁
4,老牌
6,研究中心
6,感谢
4,口碑
4,泄漏
4,九十年代
5,自称
4,影子
4,轻便
9,金融
5,定为
5,不当
4,设想
5,样本
5,一波
5,表述
3,外壳
4,国际贸易
3,点数
3,标有
6,思维
9,坚持
3,骨干网
3,贝恩
3,第二十四
3,参照本
6,法庭
3,澳门地区
3,无害
4,运筹
5,不法
6,展开
5,音乐
4,相近
4,核对
4,名气
5,隐蔽
5,大厦
4,简洁
4,叙述
4,亵渎
4,大方向
4,专线
4,科学家
4,作法
5,人力
8,压力
4,大容量
4,相连
5,纽约
8,举行
6,背后
3,文件夹
6,电影
4,之首
3,专有
4,不凡
3,黄鹤
3,存储设备
3,缘故
3,工程学
4,不留
3,健康生活
4,破裂
4,一书
8,学生
4,时出
4,一关
6,大众
5,工业化
6,委托
5,请问
4,错过
3,讲求
3,冷门
4,切断
4,路人
3,扬声器
5,爆发
5,指责
4,还好
4,中立
4,签定
4,开来
3,高级技术
3,理中
4,传来
4,受过
4,极性
5,中午
5,相邻
4,邮箱
3,行销
3,专利权
5,对待
6,构建
3,简述
3,函件
4,上文
3,软性
3,路来
3,落伍
3,综观
3,字典
3,上三
4,较量
4,被捕
3,元件
4,陷阱
5,翻译
4,不说
4,快捷
4,峰值
3,达尔文
3,网络股
3,给定
3,测试仪
3,普林斯顿大学
3,展示会
4,意想不到
3,智能控制
5,出版物
4,长久
4,紧接
4,窃取
4,用作
47,电脑市场
3,杰作
4,对策
4,管理者
4,牌子
3,相符合
3,一技
5,梦想
4,百元
4,市场行情
6,发行
4,前款
6,协会
4,竞争性
4,华尔街
3,后加
5,一次性
7,平均
5,博士
4,编号
3,真伪
5,知名
4,指南
6,成长
6,教授
3,诧异
3,疯牛
3,有假
4,写道
3,于两个
5,得知
4,互补
5,给出
3,统管
4,最强
5,警察
3,持久性
3,守则
3,光顾
4,涂改
5,所属
4,可行性
5,新版
7,先生
4,三家
3,相联
3,台前幕后
3,迷惑
3,两端
3,默契
3,骨灰
3,乐趣
4,常好
4,事物
4,能来
7,一名
4,新安
7,人数
7,工业
4,经销
4,菊花
4,录音
4,年头
4,可望
4,煽动
5,间隔
5,否认
3,谷歌
6,享受
4,应付
4,定性
3,微电子
3,藐视
5,发言
4,要说
3,韭菜
3,狡猾
3,断电
5,组建
6,军事
3,制作软件
3,会话
4,失误
5,短信
4,时光
4,创立
4,强迫
3,高速度
3,经意
5,政府部门
4,徐家汇
4,出自
3,项目管理
4,看重
4,意味
3,摄像
5,倾向
4,织
5,习惯
4,反驳
3,文摘
4,专栏
4,应答
7,警方
3,个信
4,小小
8,消费
3,应设
3,分部
4,离去
4,罪犯
5,障碍
4,出版社
4,发来
3,莫名其妙
3,电源线
3,旁观者
3,忙于
4,如一
5,领取
4,前沿
4,到新
6,海外
4,夸大
4,灵感
3,所指
4,空前
5,新闻发布会
3,教程
4,分区
5,约定
4,音响
3,无限制
3,投稿
3,好说
4,厉害
4,构筑
4,紧凑
4,精度
4,误解
4,来回
4,同类
5,产量
3,第十八
3,进化
3,被占
3,存活
4,十元
3,信息产业部
3,盗用
4,理论研究
4,酝酿
3,笑话
8,意见
5,潜在
3,颗粒
3,观察家
3,数据表
3,先来
4,货运
4,度过
3,自由度
3,美国司法部
3,刀刃
4,财力
3,类信息
6,矛盾
5,三大
4,稿件
4,加权
5,亏损
4,大关
4,多方面
3,欺骗性
4,制成
4,报复
4,手工
4,得了
3,非主流
5,多元
4,物力
4,一文
3,第十九
5,星期天
3,说来
3,数据中心
7,行动
43,网卡
3,小点
3,主营
4,当成
6,低于
6,德国
3,回首
3,国际标准化组织
4,上用
5,草案
3,长方形
4,全文
6,采访
4,运转
4,关税
5,首席
3,项目开发
3,俗话说
6,设施
4,工作日
3,溢出
3,设计思想
3,自检
3,饼干
3,常多
3,江山
3,新工艺
3,搜索引擎
6,工作人员
4,何在
4,新生
5,第一次
3,比喻
3,新闻报道
3,译者
3,放电
3,低到
4,场合
4,兴起
3,演进
4,迈出
3,纠错
3,混淆
3,脑袋
4,约有
4,新闻记者
3,问号
3,范例
5,开工
3,无聊
4,激动
4,争夺
4,毁坏
3,电子邮箱
4,人称
5,公正
3,博学
5,披露
5,刑事
4,尤为
5,主导
4,困扰
5,一轮
3,第二十五
4,隐蔽性
3,大脚
4,须要
4,贯穿
5,教学
4,不佳
3,于任何
4,参照
4,研制出
5,群体
3,吊销
4,意图
4,交叉
3,而定
3,无情
3,底蕴
4,常大
4,不算
41,交换机
3,有罪
5,证实
3,详述
5,装备
4,清醒
4,涉足
3,跳出
3,倾向性
5,层面
3,世界市场
6,协调
3,能带
3,有史以来
3,并列
4,版权
3,箱子
5,监测
3,负载
3,有特色
4,遗憾
3,接收者
3,可说是
3,太少
3,外表
5,企图
6,经济发展
5,条例
3,玩法
3,一时期
8,开展
5,争取
5,推广
5,业绩
4,不合理
5,机遇
4,纠正
3,本意
5,材料
4,被迫
3,章节
5,吸引
4,休息
3,国际会议
3,张贴
3,改成
6,巴基斯坦
4,邻居
4,略有
4,害怕
4,吸引力
4,反思
40,蠕虫
3,走读
3,用语
3,宽裕
3,始建
5,证据
6,附近
3,没用
4,站上
3,助于
5,学者
3,虎皮
4,欧美
4,周刊
3,集中到
3,视觉
3,中多
3,逼真
5,情报
6,资本
3,购进
3,设法
4,细小
3,旗舰
3,片面
4,眼睛
4,工作任务
3,当心
3,标明
3,人网
3,业者
4,海关
5,上方
3,防盗
3,多余
3,于通过
3,一般人
5,有望
4,等级
3,建一
4,展望
5,批准
4,和解
3,装配
3,可达到
39,缓存
39,套接字
3,面子
3,霸主
3,于各个
5,调控
5,追究
3,中实
3,院士
3,里程碑
3,采纳
3,变形
5,身份
5,担任
4,整顿
3,引人注目
4,电信
4,外资
4,天下
4,人民日报
4,为人
3,星期六
3,例外
3,倍数
3,善良
6,出台
3,主编
4,代价
4,人有
3,生产商
3,笑容
3,现存
3,得当
3,噪音
4,决不
3,家电产品
3,开玩笑
3,无线电
3,提供商
3,拆分
3,原型
4,蛋白质
3,惊喜
4,发展战略
3,技术标准
4,精品
3,适宜
5,印度
3,上当
4,缩小
4,责令
3,过电
3,备忘录
3,减小
3,试想
3,为数不多
3,带给
3,北路
3,北美
3,产物
3,在编
3,磨损
7,上涨
3,光纤
7,预期
5,带动
4,看好
3,只用
3,不善
4,探讨
4,回报
3,纪念日
3,有趣
3,评论家
7,基金
2,饱和度
2,锂离子
2,置有
2,管还
2,松下
2,接转
2,四川北路
3,网络系统
3,地狱
3,长短
6,强调
4,占据
4,滥用
3,熟练
3,后门
3,利器
4,心态
3,神奇
3,连年
3,发生率
5,纳入
3,领军
4,不清
3,繁琐
3,硬性
4,印象
37,显象管
5,围绕
3,不无
3,细心
3,利于
5,集体
4,投资人
6,主席
3,怪物
3,命中率
3,上任
4,促使
5,判决
3,赢家
3,传到
6,孩子
3,新世纪
3,迎合
3,尽力
3,杂志社
3,巨型
4,名叫
4,见到
5,供应
4,外界
3,独有
2,诚心
2,计数
2,联想集团
2,而得名
2,管其它
2,常做
2,如实地
3,留给
2,管我们
2,格都
2,数据资料
2,拼装
2,技术部
2,应用服务
3,根本性
5,短期
3,开心
4,获利
4,上海市
3,膨胀
3,都来
3,专业人员
3,过热
3,设计师
4,权威
4,总部
3,骚扰
3,邮寄
3,天空
4,情形
3,内容包括
3,主力军
3,一门
2,软件使用
2,猛虎
2,掉价
2,作怪
3,发明
4,回顾
3,总和
3,列举
3,于自己
3,字迹
3,日起施行
3,不菲
4,排名
4,舞台
3,请教
3,极好
3,归纳
3,展为
3,威力
4,战士
3,心疼
3,做成
3,提倡
4,鉴定
3,路透社
4,有序
4,国家安全
2,面市
2,建邦
2,低价格
3,服务商
2,迟或早
2,进出境
2,新概念
2,悠悠
2,就是了
2,下机
4,祖国
3,外包
3,在手
3,不懈
3,数码
4,陷入
3,演绎
2,查查
2,本行
2,办事员
4,深度
4,活跃
3,被控
3,的卡
4,走出
5,公告
4,管理办法
6,收入
4,极端
3,第二十二
3,商店
5,安排
4,要素
3,最基本
3,飞跃
3,严防
2,问清
2,设计软件
2,理上
2,杀掉
2,最底层
2,弹跳
2,常棒
2,师弟
2,促销活动
2,中华网
2,想得到
2,凭据
2,上市融资
35,控制器
2,标称
4,自主
4,咨询
3,指望
3,容纳
5,合同
2,思量
2,串连
3,壁垒
3,过重
3,研究机构
3,好消息
4,故事
3,侧重
4,经济学家
3,选定
3,于一些
3,防火
3,淫秽
3,进出
3,来都
3,抛弃
4,约束
2,群山
2,全名
2,传遍
2,适中
2,纳米
2,南京路
2,五月份
3,刊物
2,中生
3,批次
4,遭到
4,不利
5,总统
2,报人
2,听音乐
2,五百年
2,中派
3,人多
3,诱惑
5,香港
3,瑞典
3,公益性
4,老百姓
3,标榜
2,还价
2,恶毒
2,产品包装
5,行政
3,法则
3,岁月
3,咖啡
3,管辖
3,于各种
3,感叹
2,自供
2,开价
5,社区
3,生命力
3,工作量
4,训练
4,起诉
5,有限公司
4,观念
3,预见
3,日本政府
2,形式化
2,寄生性
2,包含有
2,免费赠送
2,身躯
2,被包
2,木箱
2,斯坦福大学
2,摊主
2,打定
2,叫声
4,补偿
4,青少年
4,扩张
3,随便
3,较差
3,沦为
3,投产
3,精心
4,外国
4,分散
4,势头
3,大屏幕
4,总经理
2,方块
2,中运
3,媒介
3,余地
2,价廉
3,认清
2,端可以
2,商之一
4,列入
3,合资
3,生日
3,精髓
3,淡化
3,兼并
3,中关村
4,新加坡
3,致力
3,清华
3,如实
3,专注
3,专为
3,折合
3,产品质量
3,一世纪
4,大学生
2,项都
2,第三章
2,每周一
2,料及
2,市场研究
2,位处
2,专攻
2,不齐
3,推销
2,阿甘
2,搅乱
4,主张
3,广告牌
4,期待
3,大都
3,激增
3,治安管理
3,估算
3,不惜
2,短路
2,封条
33,软驱
33,话单
33,梅利莎
3,代号
2,访问者
2,以及技术
3,颇为
3,感慨
3,频道
4,局面
2,网络公司
2,省略
2,徐汇区
2,信源
4,形象
3,气象
3,违背
3,走过
3,看不到
3,螺旋
3,先用
2,捞钱
3,效能
3,上将
3,更具
3,化为
3,代表性
3,与会者
4,下调
3,新鲜
2,赠品
2,豪杰
3,抗衡
3,进一
2,性价比高
2,侵扰
2,扫毒
3,出发点
2,赌注
2,正方形
2,应做
2,信报
2,不可不
3,白云
3,彩色
3,同于
2,外务省
3,受害
4,副总
2,第二章
2,破坏力
2,愚蠢
2,小便宜
2,先出
2,专版
3,严禁
2,电信服务
3,眼前
3,世界各国
3,网址
3,远离
3,在任
5,股市
4,刺激
2,不开心
3,迷信
32,注册表
2,经济分析
2,物理系
2,极小
2,技术市场
2,不甘落后
3,无锡
3,查出
3,为首
3,对大
3,恐怖主义
3,并能
4,期限
4,诉讼
2,版权保护
2,尘埃
2,产品以
3,充足
4,视为
4,秩序
2,猎物
2,游荡
2,来可
2,使用方法
3,同等
4,经费
2,精于
2,序言
2,健壮
3,网点
3,异议
2,源网
4,发言人
3,自有
3,前途
3,出路
3,四代
2,夏普
2,集成化
2,来由
2,下注
3,深远
3,大类
3,华盛顿
3,领会
3,创始人
3,入驻
3,个性
2,追寻
2,搭档
2,寝室
2,配电
2,打断
3,决定性
3,无效
5,法院
5,负责人
2,管它
2,法可能
2,宝称
2,新功能
2,坐不住
2,乐土
3,夏天
5,投资者
3,管道
3,勇气
3,举动
3,上报
3,子来
2,预感
2,费城
2,网络经济
2,创造者
2,何时才
3,占领
2,鲁莽
2,沉溺
3,新颖
3,临近
2,译为
3,有益
3,在外
2,认准
3,诊断
3,商标
4,预防
2,于高
31,电脑病毒
2,详尽
2,拟出
2,就绪
6,万元
2,瑞德
2,合进
2,全称
3,美的
2,流逝
2,手记
2,宇宙
2,中选
3,走到
2,陡增
3,场景
2,责难
3,坚实
2,背光
2,精巧
2,合编
2,配制
2,大四
2,同上
4,月底
3,前人
2,网路
2,粘贴
2,凯文
2,偕老
3,滋生
3,马上
3,恐惧
4,网友
3,艰巨
3,方针
2,罢休
3,盗版
2,印有
2,凶器
4,审批
2,博大精深
2,匆忙
2,光临
2,价格低廉
3,勇敢
2,比高
2,咨询顾问
3,暴露
2,向那
2,于每一
2,国际部
2,破译
3,说话
4,日前
3,正规
2,计算机网
2,计算机系
2,初中级
2,共享性
2,何时候
4,成绩
2,绝佳
2,管理系
2,埋伏
4,先后
3,阐述
2,赛跑
2,交朋友
2,瀛海
4,服务业
4,年度
3,竞赛
2,隔开
2,鱼肉
2,特洛伊
2,淡泊
2,天气预报
2,周禄宝
2,无尽
3,克服
30,编译器
30,信道
2,飞过
2,已获得
2,发展状况
2,成名
2,动议
2,保释
2,作大
4,事故
2,高效能
2,读出
2,宏基
2,多年以来
2,上位
3,中表
2,打动
2,卡通
2,老一代
3,题为
3,直辖市
2,现代人
2,特稿
3,国情
3,内在
3,脱离
3,正面
3,截获
2,绕过
2,现形
2,接任
2,炮制
2,算盘
3,真理
2,薄膜
2,蕴涵
2,无心
2,当家
4,信心
2,附有
2,爬到
2,恶魔
3,另有
2,香港特别行政区
2,登记表
2,瓶子
2,爽
2,法律文件
2,求解
2,定上
2,批评家
3,不合
2,尼康
2,用尽
3,交付
2,共同点
4,汽车
2,间距
2,总产量
2,发展历史
3,开拓
2,安全标准
3,好用
2,本原
2,寡头
2,信息业
2,二月份
2,入口处
3,盗窃
3,港台
3,核查
2,盛顿
2,特尔
2,工业部
2,腰包
3,延长
3,指示
2,应发
2,威尔
2,取决
3,服务平台
3,涵盖
4,设立
2,时间短
2,具有一
2,统一性
2,看懂
3,摘要
3,北大
2,联成
2,动力学
2,银子
2,让给
2,升到
2,人马
3,动向
3,万个
3,伪装
2,沉寂
2,带入
3,赚钱
3,登载
3,顾问
2,开时
2,光头
29,汉王
29,序列号
3,国际化
2,面世
2,有道
2,微小
2,宁静
2,周前
2,梅利
2,弧线
2,巴厘
4,员工
2,存档
2,信息量
2,交界处
3,服务中心
3,简直
2,遥感
2,发言权
2,疯子
2,电脑网
2,泰戈尔
2,于只
2,疏忽
2,由美国
2,悬殊
2,往日
3,携手
4,承担
3,工作组
2,钢板
3,侵权
3,运动
2,阿拉
2,橡树
2,笑傲
2,只怕
3,报警
3,下属
2,能见
2,离谱
2,省心
2,山庄
2,太久
3,例行
3,为期
2,得逞
2,心动
3,主力
2,棱镜
3,造型
3,可谓
3,步入
2,金桥
2,之用
3,观望
2,北美洲
2,愤慨
2,弱小
3,谣言
2,行到
2,吓坏
3,学术
4,下午
3,骨干
3,购物
3,规范化
3,薄弱
3,档案
2,研究领域
2,常少
5,案件
2,版面
2,坐下
3,药物
2,付钱
3,既有
3,泡沫
2,背包
2,定一
2,价格低
5,政治
2,管理科学
2,电脑室
2,人机
2,七十年
2,法来
2,半期
2,遥控器
2,铁皮
2,演化
2,往常
2,回馈
2,到任
2,共存
2,值钱
2,不在乎
2,情书
2,先决条件
2,损耗
2,和实
3,交给
2,马尔
3,旨在
2,苛刻
2,破损
2,时间段
2,拭目以待
2,人用
2,野心
2,在乎
3,在家
2,装箱
2,插卡
2,何黄彪
2,诱使
28,外置
2,驱使
2,要因
2,易懂
2,自适
2,向量
3,任职
2,首推
2,管理工具
2,乘法
3,顶
2,闭塞
2,远比
2,挤出
2,午夜
2,对等
3,崛起
3,开设
2,讨厌
2,时髦
2,搭载
2,前所
3,复兴
2,电冰箱
3,周一
3,生意
3,增多
2,招致
2,应如何
2,使用费
2,骗人
2,自认
2,肩膀
2,着装
2,风云
2,面纱
2,翅膀
2,挥出
2,就任
2,国立
2,听听
2,不保
3,营业
2,联入
2,遵从
2,电量
2,外衣
4,人民币
2,百分比
2,易使
2,东方红
2,艳丽
2,立体声
2,联通
2,咨询公司
2,事务管理
2,莫名
2,资源共享
2,诗人
2,开头
2,实属
2,买进
3,分歧
2,教唆
2,上层
3,将对
3,病人
3,每日
2,麻省理工学院
2,诀窍
2,联邦调查局
2,寄送
2,客户群
2,大件
2,发愁
2,几个问题
2,贴纸
2,套装
2,鸟儿
3,成就
3,导航
2,水神
3,订单
3,协作
3,业内
2,警报
2,篇幅
2,效仿
2,指明
2,力图
2,适于
2,迟钝
2,寄生
2,制作过程
2,克星
2,老化
2,永不
2,想通
2,开张
2,去处
2,朝向
2,其量
3,赶到
3,人物
2,诞辰
2,敏锐
2,头痛
2,夏日
2,网络中心
2,备有
3,结构性
3,当局
2,数据采集
2,功能性
2,媲美
2,霸气
2,生产效率
2,扶梯
2,小店
2,多远
2,出名
2,公开信
3,严峻
2,发货
27,插架
27,取值
2,中华人民
2,里来
2,破灭
2,抨击
2,次序
3,会同
2,刊发
2,所有者
3,认可
2,魔鬼
2,过长
2,尖锐
2,受益者
4,共识
2,赢利
2,补救
2,顶尖
3,海洋
3,国防
2,外方
2,原因分析
4,涨幅
3,二手
2,说服力
2,应根据
2,熟人
2,特等奖
2,工序
2,一族
2,摆放
2,江湖
2,大好
4,强化
2,猛烈
2,猛增
2,起家
2,十家
2,重量轻
2,美国防部
2,外型
2,体积小
2,科普
2,微弱
2,可恶
2,直销
2,四家
2,最低价
2,自成
3,出发
2,中时
2,言语
2,废弃
2,知了
2,当面
3,契机
3,审核
3,罪行
2,技术开发
2,错位
2,动静
4,律师
2,不法分子
2,务所
3,年至
2,报废
2,复活
2,众人
2,自动扶梯
2,狭小
2,应通过
2,地利
2,七十年代
2,疑点
2,欺负
2,特殊性
2,反面
2,资历
2,报经
2,总算
2,密不可分
2,元老
2,第四章
2,操作者
2,挥发性
3,以往
26,软件系统
26,特丽
26,拨号
26,技嘉
2,能耗
2,永久性
2,痛快
2,拉力
2,设计工
2,接线
2,搜寻
2,不例外
2,复审
2,代名词
2,牵扯
2,偷窃
2,普通人
2,极致
2,腰鼓
2,肯尼迪
2,画笔
3,说法
3,不及
2,蔓延到
2,陈旧
2,触角
2,暴行
2,电子化
2,归功
2,吃亏
3,人次
3,未能
2,象是
2,打字
2,注意力
2,方方面面
3,现金
4,监管
2,甚少
2,中通
3,石油
2,词汇
2,网络建设
2,盖章
2,新老
3,协同
2,机理
2,抖动
2,度越
2,多事
2,人员组成
3,日常
2,视线
2,敲响
2,一口气
2,生产厂家
3,名义
2,惯性
2,身价
2,跨度
2,放假
2,搜狐
3,分裂
3,一道
2,一环
2,黑子
2,特制
3,营造
3,抓获
2,数以万计
2,聪明
2,约翰
2,欲望
2,吻合
2,法轮功
2,台湾省
2,照常
2,新机
2,地支
2,何才能
2,会诊
2,辩护
2,震撼
2,遍布
2,记者招待会
2,法宝
2,权衡
2,瘟神
2,科学技术
2,基础建设
2,号称
3,多家
3,场所
3,集群
2,附则
2,里安
2,北面
2,清晨
2,最低点
2,灾难性
2,标注
2,塑料
2,粗糙
2,称得上
2,江海
2,代开
2,学好
3,难题
3,义务
2,选择权
2,跌落
2,致远
2,想出
2,何方
2,产品销售
2,产品开发
2,托马斯
2,危及
2,法理
3,离开
2,知名度
2,南亚
3,飞机
25,奇偶
2,说说
2,摸索
2,排序
2,功效
2,出货
2,上得
2,高清
2,过期
2,兴建
3,总量
3,提前
2,驻华
2,迄今为止
2,加州
2,受不了
2,为辅
3,歌曲
2,风范
2,傲慢
2,假定
2,连带
3,命运
2,转借
3,到位
2,连通
2,毛利率
2,欣慰
2,折射
2,不俗
2,带回
3,劳动
2,过年
2,纽约时报
2,传真
2,充当
2,预料
2,幽灵
2,背着
2,必备
2,下有
2,毗邻
2,抬头
2,光明日报
2,避开
2,突破性
3,自治区
2,头脑
2,触犯
2,高品质
2,私有
2,人性化
2,传染性
2,大方
2,能手
2,应由
2,小张
2,万一
2,总则
2,重叠
2,坠入
2,卡在
2,底价
2,低级
2,不景气
2,花样
3,幅度
2,获益
2,多于
2,遍及
2,应充分
2,一般性
2,千年
2,触发
2,求救
2,执行官
2,商业化
2,元器件
2,售后
2,可操作性
2,出入
2,调入
2,大戏
2,企业管理
2,小道消息
2,奇妙
3,深刻
3,武汉
2,新闻媒体
2,可根
2,制衡
2,专家组
3,之路
2,失控
3,格局
3,签订
2,仇恨
2,相加
2,局限性
3,南京
2,光学
2,一条街
2,过时
2,浮出
2,出新
2,金钱
2,约合
2,可取
2,哼
2,清凉
24,显存
24,操作符
2,运营商
2,旋转
2,电子产品
2,常小
2,偏离
3,法国
2,形容
2,遗传
2,包头
2,判定
2,监禁
2,事业部
2,递增
2,时日
2,高贵
2,攀登
3,不变
2,最差
2,打着
2,自豪
2,中科院
3,职责
2,算了
2,摄像头
2,多点
2,立新
3,父亲
2,翻番
2,微型
3,财富
3,清单
4,精神
2,扰乱
2,载入
3,经理
3,团结
2,毛泽东
2,装有
2,动机
3,配套
3,财产
2,学术界
3,军队
2,从没
2,变异
5,政策
2,没错
3,培养
2,想想
2,外在
2,逐级
2,盈余
5,推进
2,黑色
2,款式
2,政府机构
2,荷兰
2,落网
2,看点
2,打赢
2,在后
2,向往
3,治安
3,贡献
2,紧随
2,更深
2,全都
2,以期
2,紊乱
2,主次
2,心目中
2,余种
3,讲话
2,多出
2,周期性
3,对话
2,装载
2,毁损
2,目的地
2,年的发展
2,一刻
2,住所
2,形形色色
2,方正
2,小企业
2,密度
23,缓冲区
23,浮点
23,时钟
23,插槽
2,着急
2,相比之下
2,先前
2,交由
2,学年
2,分明
2,重构
2,至上
2,美国联邦
2,少见
2,荒谬
2,角落
2,火火
2,防护
2,群星
2,线条
3,呈现
2,惯例
2,冒险
2,平方
2,激光
2,最大化
2,并存
2,片段
3,线索
2,居高不下
2,军团
2,侦测
2,标签
2,精致
2,亦可
2,内向
2,眼光
2,横向
2,实惠
2,长城
2,意为
2,几率
2,传达
2,深深
2,开发工作
2,填补
2,上空
2,张扬
3,转变
3,中毒
2,电磁
2,构想
2,一重
2,台新
2,震惊
2,地段
2,征得
2,保加利亚
2,青春
2,人中
2,失望
2,限价
2,信誉
2,撰写
2,余家
2,好玩
3,金额
2,一日
2,开门
2,可达
2,虫子
2,小李
2,顶级
2,迈向
2,舒服
2,外面
2,右侧
2,购买者
2,进军
2,经常性
2,服从
2,为生
2,七月
3,动力
2,高三
2,理智
2,操作性
2,选中
2,有别
2,低估
2,调查报告
2,称赞
2,毫无疑问
2,年会
2,力求
2,不远
2,舒适
2,公立
2,原著
2,做事
3,态势
2,身影
2,芝麻
2,现身
2,实名制
2,不足以
22,软件产品
22,赛扬
22,多边形
2,回报率
2,交谈
3,权益
2,预留
2,浮动
2,卖掉
2,创造性
2,灿烂
2,时尚
2,来电
2,南北
2,会计
2,传给
2,钱包
2,花钱
2,奏效
2,抱怨
2,名列
2,全球性
2,蜈蚣
2,毒蛇
2,迈进
2,趋向
2,所致
2,连锁
2,孤儿
2,脉冲
2,投资公司
2,观看
2,来源于
2,像是
2,荣誉
2,历时
2,主观
2,高低
2,颠覆
2,难免
2,水面
2,手册
2,索要
2,首相
2,小王
2,家伙
3,市民
2,多久
2,力气
2,阴影
2,细致
2,美国第
2,摧毁
2,法律责任
2,回去
2,王国
2,讲解
2,艺术家
3,局长
2,工程项目
2,口头
2,防务
2,二大
2,具体化
2,战斗
2,经济建设
2,体会
2,人气
2,阿里巴巴
2,出任
2,上周五
2,通告
2,环球
2,面条
2,执着
2,耐心
2,开办
2,一开
2,再现
2,幸免
2,生产力
3,女士
2,白色
2,不宜
2,停车场
2,做起
2,专家学者
2,综合性
2,春天
2,足迹
2,缩水
21,客户机
21,宏病毒
2,男性
2,潜入
2,后代
2,信箱
2,过渡
2,不该
2,一句话
3,鼓励
2,火焰
2,外来
2,华人
2,高尚
2,放过
2,数千
2,多层次
2,之家
2,增至
2,回避
2,时空
2,嫌疑
2,印巴
2,凭证
2,玩笑
3,司法
2,急需
2,安全管理
2,企事业
2,设在
2,高价
2,双向
2,董事会
2,合作关系
2,东海
2,高层次
2,高出
2,渗透
2,有待
2,定制
2,倾斜
2,起步
2,金属
2,上限
2,县城
2,出手
2,战胜
2,首发
2,阻断
2,发病
2,土壤
2,摆在
2,全过程
2,欢乐
2,不许
2,高兴
2,入手
2,难点
2,省直
2,说道
2,迁移
2,痛苦
2,看见
2,画家
2,好事
2,姓名
2,前列
2,新西兰
3,查处
2,出资
2,现任
2,大门
2,个案
2,位居
2,创办
20,磁盘
2,反对派
2,抗议
2,右边
2,火爆
2,涌现
2,右翼
2,杀手
2,迫切
2,讲述
2,本土
2,卸载
2,系统性
2,时报
2,中国企业
2,黑暗
2,年末
2,道理
2,资助
2,经济型
2,壮大
2,人和
2,近年
2,小型
2,谈及
2,海湾战争
2,少将
2,上表
2,管线
2,陌生
2,赋予
2,一根
2,汉语
2,气候
2,高峰
2,推迟
2,萎缩
2,早上
3,官员
2,倡导
2,称号
2,主办
2,审判
2,无奈
2,经济学
2,着眼
2,变革
2,畸形
2,向前
2,重组
2,拨打
2,开创
2,国民经济
2,多元化
2,上世纪
2,首位
2,开支
2,作案
2,加工
2,优惠政策
3,区域
2,培训中心
2,提及
2,趋于
2,房间
2,宪法
2,展现
2,导入
2,借鉴
2,弘扬
19,金钻
19,表达式
19,线程
2,发动
2,条款
2,书面
2,菲律宾
2,西路
2,小孩
2,疾病
2,年时
2,上班
2,西德
2,之际
2,年间
2,无辜
2,双边
2,大城市
2,参观
2,职权
2,产业发展
2,放宽
2,省市
2,感受
2,变动
2,困境
2,长远
2,情节
2,雕塑
2,宣扬
2,分级
2,校园
2,中旬
2,地震
2,物品
2,月初
2,央视
2,激发
2,增值
2,转让
2,涨停
2,演讲
2,航空
2,提起
2,马来西亚
2,向上
2,指挥部
2,纪录
2,总监
2,兄弟
2,谢谢
2,年轻人
2,装修
18,键入
18,赋值
18,数据传输
18,宿主
18,半导体业
2,针对性
2,便捷
2,年中
2,高新技术
2,考验
2,热情
2,全国人大
2,导演
2,百姓
2,正义
2,统计数据
4,城市
2,地铁
2,流动
2,敌人
2,酷
2,解读
2,节目
2,公交
2,公益
2,中华民族
2,可爱
2,营销
2,申报
2,回归
2,航母
2,豪华
2,担忧
2,贬值
2,乐观
2,不负
2,平等
2,诈骗
2,知识产权
2,人群
2,中原
2,优惠
2,右手
2,缓解
2,获奖
2,舆论
2,加拿大
2,人生
2,效益
2,施工
2,巩固
2,过剩
17,驱动器
17,空格
17,微软公司
17,存盘
17,口令
2,日晚
2,虚假
2,道德
2,谈话
2,工商
2,降至
3,贷款
2,幸福
2,树立
2,心理
2,供给
2,北约
2,四川
2,友好
2,伙伴
2,自觉
2,财务
2,邀请
2,运输
2,省级
2,光明
2,比赛
2,韩国
2,财经
2,现状
2,暴力
2,智慧
2,院长
2,争议
2,杭州
16,适配器
16,软盘
16,甲虫
16,源代码
16,德鲁奇
16,对话框
16,升技
16,体系结构
16,主存
2,以色列
2,作风
2,赔偿
2,举措
2,收获
2,对外
2,公民
2,下方
2,存款
2,波动
2,来到
2,建成
2,审理
2,研究院
2,事项
2,死亡
2,基地
2,统筹
2,高于
2,证券
2,协商
2,房子
2,谈判
2,职业
2,新兴
15,罗技
15,网络编程
15,永中
15,杀毒软件
15,明盒
15,整型
2,纠纷
2,新增
2,发放
2,回落
2,苏联
2,贸易
2,废物
2,斗争
2,社会主义
2,走势
2,工资
2,转型
14,昆腾
14,可测
14,单击
14,主频
14,串口
2,艺术
2,导弹
2,保险
2,维持
2,执法
2,融资
2,医院
2,央行
13,控制台
13,小影霸
13,伪品
2,下跌
2,专项
2,力度
12,郭士纳
12,联机
12,编辑器
12,电脑配件
12,拓扑
12,安规
12,华海
2,和平
11,金网霸
11,视窗
11,米氏
11,白鲨
11,本机
11,指示灯
11,括号
11,增量式
11,台式
2,落实
10,通式
10,载频
10,解偏
10,行货
10,美国在线
10,网口
10,网关
10,硬件行情
10,源文件
10,梅捷
10,标识符
10,机芯
10,方程组
10,报文
10,报价单
10,微分
10,彩显
10,导航者
10,富士通
10,子类
10,太平洋电脑市场
10,多态性
10,内聚
10,乐盲
9,缩进
9,科图
9,电路板
9,电视业
9,电脑城
9,清晰度
9,普通型
9,时隙
9,数据结构
9,擦写
9,康柏
9,并口
9,品牌机
9,双飞
9,信令
9,低功耗
9,以太网
9,个人版
8,连接器
8,跳线
8,赛迪网
8,设计模式
8,秘技
8,曼迪
8,显示设备
8,显示卡
8,显像管
8,微处理器
8,循环体
8,尼姆达
8,小巧
8,图形处理
8,双屏
8,加速卡
8,初学者
7,金辰
7,递归
7,返修
7,过程改进
7,软硬
7,转速
7,转接卡
7,解压
7,表单
7,自环
7,网络互联
7,缺省
7,程序开发
7,瑞星
7,球面
7,源程序
7,源兴
7,枚举
7,杀毒
7,机架
7,数组
7,戴尔
7,开发工具
7,应如
7,常量
7,寄存器
7,埃文
7,可扩展性
7,变换器
7,原配
7,华胜
7,分销商
7,兼容机
7,二进制
6,麦克尼
6,陈盈豪
6,防毒
6,邮电部
6,质量保证
6,计次
6,莫里斯
6,范型
6,编写者
6,纹理
6,研制开发
6,电脑系
6,理器
6,求职信
6,正式版
6,晶体管
6,收信
6,控件
6,建模
6,工具软件
6,寻址
6,字符串
6,图像设计
6,图像处理
6,句柄
6,南桥
