121,联合国
142,叙利亚
55,芝加哥
40,潘基文
42,仙台
50,局势
93,国际
34,布里斯班
51,瑞典
100,世界
55,澳洲
78,欢迎
41,秘书长
22,紫水晶
60,全球
48,抱抱
36,旋律
26,白杨
20,横滨
18,长崎
28,缅甸
47,地区
24,南亚
35,人口
32,慈善
16,发展目标
48,国家
22,水资源
32,同城
21,国界
30,之路
17,戛纳
50,嘻嘻
31,峰会
38,美食
13,教科文组织
38,经济
48,工作
67,中国
18,涂上
33,医生
14,庆州
36,举行
20,秋色
47,进行
36,发展
40,提供
19,难民
45,问题
38,需要
11,吴登盛
12,韩国旅游
11,韩国明星
22,领导人
12,常驻
20,冲突
25,增长
19,品尝
22,眼泪
28,文化
25,介绍
18,千年
32,鼓掌
23,道路
25,代表
38,时间
16,观光
23,韩国
24,儿童
33,美国
24,组织
25,联系
21,阅读
21,报告
18,全世界
29,日本
10,世界各国
10,拉面
25,机会
22,得到
17,危机
22,合作
16,和平
23,行动
24,调查
23,旅游
21,青年
17,指出
11,索马里
9,小坑
16,餐厅
24,社会
19,兔子
16,卫生
17,东盟
21,图片
23,视频
10,伊拉克
8,失学
30,生活
26,这是
18,举办
22,教育
23,学校
9,方舟
19,目标
27,给力
19,报名
18,死亡
25,获得
9,到尾
17,馋嘴
14,瑞士
8,淡水
16,日至
21,同学
21,继续
13,温泉
13,暴力
10,人道主义
17,享受
13,能源
16,位于
14,设施
10,调查组
14,表演
11,有名
18,超过
15,讨论
16,恭喜
15,造型
11,伦理
9,联合国教科文组织
23,安全
11,芬兰
13,工人
17,解决
6,联合国儿童基金会
6,杨们
14,前往
11,观赏
10,旧金山
13,礼品
16,博览会
23,赞
11,援助
13,美味
15,有效
13,人数
21,旅行
11,旅游局
12,商务
9,人道
19,看到
19,今年
16,帮助
6,安东
6,全南
15,包括
14,夏天
16,人员
9,家政
15,人们
15,结束
16,历史
19,情况
11,移民
11,圣彼得堡
15,时尚
15,童鞋
8,肉桂
12,控
17,可爱
19,第一
12,需求
15,最大
15,准备
13,志愿者
5,联合国宪章
9,劳工
11,上升
6,文盲
9,国道
14,体验
6,怒放
12,大奖
20,北京
14,家庭
11,强调
12,著名
11,领取
12,军事
6,仰光
18,朋友
10,生物
9,题材
13,持续
13,将于
14,主要
11,中奖
13,人民
13,工作人员
14,声音
13,之间
18,喜欢
15,影响
7,议程
15,努力
5,雪国
9,留学
10,第八
10,带上
9,转变
9,评估
5,登堡
10,博物馆
10,澳大利亚
13,比较
12,集团
5,修女
12,共同
15,学生
5,有中文
5,全球性
5,丹宁
7,游轮
10,面临
15,成为
16,了解
5,豪斯
5,法里
6,普罗旺斯
11,具有
5,中非共和国
14,相关
9,贫困
9,猜猜
12,导致
12,阳光
14,服务
14,选择
10,推动
12,能够
7,展望
8,粮食
9,植物
10,奖品
13,萌
6,中东
16,城市
10,区域
11,公园
7,样本
9,行走
5,南亚地区
11,漂亮
11,总统
10,哼
7,柿子
12,计划
8,景点
10,意义
14,发生
8,参赛
8,拜拜
11,会议
13,电影
10,创造
11,俄罗斯
5,大阪
8,派对
11,平台
11,发表
7,喷泉
8,大使
9,歌曲
11,苹果
4,阿比
10,回忆
13,方式
6,皮带
9,地球
10,协会
9,比例
9,统计
15,感谢
8,小镇
8,首都
10,加强
7,清单
7,友好
11,关系
10,宣传
9,地点
12,私信
9,办公室
9,政治
4,联合国难民署
9,生产
10,作品
13,老师
8,艺术家
11,数据
9,就业
8,意大利
11,环境
4,识别器
8,中文
7,住宿
7,名言
10,最佳
6,更衣室
9,发出
9,机构
7,古老
5,布里斯
10,酒店
7,遗产
5,分歧
4,西尔
15,不要
5,经济体
4,刀鱼
9,设置
9,考试
11,要求
6,花海
9,慢慢
12,小伙伴
6,激光
13,发布
8,观看
6,中期
8,南宁
6,至关重要
8,疾病
4,毕加索
10,错过
4,群马县
6,饮用水
9,得意地笑
5,回声
9,家人
4,海地
5,轮值
5,昆士兰
16,心
12,小时
5,工作机会
8,季节
12,公司
12,网络
8,确保
4,阿德
8,鼓励
10,改变
4,登入
4,指称
4,僵局
10,项目
8,热情
6,龙虾
8,周边
4,史册
8,史上
6,战乱
7,参观
8,促进
5,邻国
5,免费下载
6,探访
8,法国
6,中方
4,黎巴嫩
4,载入
6,选举
6,穿梭
10,专家
8,购物
5,国际会议
8,大会
12,偷笑
7,访问
5,神社
7,会见
8,都可
7,抵达
4,遇害
4,伊斯坦布尔
8,之旅
8,形式
10,无法
12,围观
10,最近
12,发现
8,公共
9,事件
5,面食
8,选手
4,济州
4,丽水
11,早安
8,确定
6,教堂
8,太阳
7,已有
6,火星
11,注意
7,威胁
10,地方
7,美景
6,干预
6,实验室
7,部长
6,巴士
7,语言
9,方面
6,新西兰
6,料理
3,美食菜谱
8,传统
6,滋味
9,保护
8,面的
5,可持续发展
7,呼吁
6,时节
9,过去
7,好吃
9,技术
4,扫盲
4,公约
4,敦促
10,生命
8,减少
9,吃惊
6,期限
4,班节
4,国际劳工组织
7,负责人
5,外科
8,避免
9,先生
4,北极
6,名叫
7,满足
5,尝尝
9,显示
6,网址
10,重要
6,回国
6,展览
7,缓解
4,海牙
10,出现
6,小白
4,全罗南道
3,理儿
3,包卷
6,本地
6,公正
8,年轻
6,总部
4,北欧
6,好心情
5,祝大家
4,船票
4,包容性
6,普及
7,基础
7,双方
7,欧洲
5,有近
6,长寿
7,开幕
9,投资
6,豪华
6,节日
6,设立
6,唱歌
3,小学教育
3,学龄儿童
3,卫生保健
5,获奖者
7,科学
6,百年
10,照片
7,蛋糕
7,挑战
7,英语
7,召开
7,广西
7,天都
8,美女
6,医疗
8,网站
7,令人
5,当局
4,奶头
8,价格
8,政府
4,阿童
4,赫尔辛基
9,近日
6,京东
5,杏仁
3,逃往
3,瑞典人
3,大菜
6,总理
7,机场
4,孤儿院
8,行为
3,频传
6,应对
7,去年
4,发展局
5,设有
9,免费
3,澳洲人
8,记得
8,系列
4,空格
6,劳动
27,发微
5,失业
7,条件
6,发放
3,百货公司
3,主厨
3,三宫
6,攻击
5,逃离
7,达到
6,应急
6,清洁
3,来头
7,经历
6,材料
8,媒体
8,进入
4,小方
11,谢谢
5,日出
3,鲍尔
3,服务生
3,小泽
3,喜鹊
3,半成品
5,北美
5,帮转
4,猴子
6,成员
6,巨大
3,通都
3,能效
3,中东地区
6,登陆
4,泰迪
8,期待
8,中心
7,寻找
8,车辆
5,护照
4,市集
5,一波
5,餐饮
6,明确
3,滑爽
6,神马
3,密歇根
3,沙特阿拉伯
8,精彩
6,战略
5,主管
6,开发
6,主席
5,优先
6,微风
5,指定
3,城市交通
6,震惊
5,立场
5,种子
5,第十届
4,流利
7,秋季
6,特色
5,专访
7,文章
3,漆树
3,丙肝
6,授权
5,供应
4,病例
3,歧义
4,水源
4,东亚
5,第六
5,途径
5,协助
4,海盗
5,舞蹈
7,设计
5,探索
6,开放
3,全权
3,乐平
5,星期
6,平均
5,乐乐
5,发言人
5,有助于
6,来到
5,药物
8,健康
5,权益
5,赢取
3,焰火
3,叙利亚人
3,互利
6,保证
7,不错
3,齐大
7,专业
9,爱你
5,合影
3,理事国
6,游客
6,人类
6,小小
4,松江
5,抓紧
3,确诊
3,妖孽
5,社交
6,鲁迅
4,法语
3,美食家
3,凯迪
4,新任
6,分析
8,美好
5,岗位
3,甩甩手
3,河马
6,唯一
4,当选
7,比赛
5,周六
4,展台
6,论坛
6,互动
6,风险
4,要好
3,仰卧起坐
4,更具
5,舒服
4,致力于
7,时代
6,责任
5,袭击
4,新发
3,夢夢
5,通报
3,联合国安理会
4,厚度
4,精彩视频
6,吃货
4,容纳
8,泪
8,记者
3,水合
3,优秀奖
3,世界银行
7,下午
3,富士山
8,推荐
4,饥饿
5,相比
4,河流
6,方便
5,复杂
3,悉尼大学
5,民众
6,小学
4,游艇
3,社会经济
4,合作伙伴
5,走过
3,武术
5,年轻人
5,加快
6,证明
7,东西
3,勋章
5,日报
5,纪念
4,题为
5,注册
6,想要
3,墨尔本
9,新浪
5,参考
3,双边
4,你懂的
6,早上
4,谴责
5,涉及
6,申请
4,复苏
5,处于
5,稳定
6,晚上
7,觉得
6,增加
6,实现
5,舞台
5,禁止
4,享有
6,创意
4,邀请函
4,灾难
6,空间
5,目的
4,海豚
4,致电
4,繁荣
3,短跑
4,预定
5,紧张
5,上一
6,正常
5,中国人
5,维护
5,尊重
6,是不是
5,相当
4,遭受
4,极端
3,温室
3,三国志
4,象征
5,迅速
4,点心
5,数字
6,不断
5,资源
4,指纹
3,喂养
3,远足
4,平民
4,氛围
4,恶劣
5,出发
5,颜色
4,正宗
3,孤岛
5,看吧
4,悉尼
4,水上
4,尽力
5,下降
2,罗托鲁
2,知心话
2,电信展
2,旅日
2,性别平等
2,康家
2,同文
2,促进就业
2,会员国
2,人才库
4,大自然
3,毋庸置疑
3,医疗服务
5,良好
6,保持
6,法律
6,存在
4,事项
8,点击
4,诗人
3,新宿
3,包饭
3,世界遗产
4,干事
6,造成
3,专业人员
4,化武
5,主题
4,伴随
7,天气
6,思考
4,风筝
4,大国
4,包包
4,舌尖
5,措施
4,艺术节
5,雪
5,采访
5,联合
4,临近
3,营养不良
8,美丽
6,事情
5,亲亲
5,同意
2,通才
2,城市之声
2,加可
2,冰屋
4,小组
4,夺得
6,月份
5,到来
6,部门
3,学联
3,头衔
4,师生
4,住在
5,理由
5,博文
3,斯德哥尔摩
4,看不到
5,杂志
8,手机
3,短缺
3,抠鼻屎
6,正式
5,飞机
5,肯定
4,进展
3,节庆
5,休息
2,黑鹰
2,阿乐
2,谈何
2,脆弱性
2,维多利
2,抽选
2,匹萨
4,感染
3,蜜糖
5,产生
4,赠送
6,交通
4,好消息
4,可能性
5,我要
4,浮云
3,年的历史
4,在内
7,人生
4,妇女
4,面包
5,作用
3,经济合作
4,性别
4,担任
6,故事
2,陈辰
2,西口
2,羞羞
2,署长
2,小囡
2,克拉克
2,克己
2,何让我
2,下酒菜
4,黑暗
4,坚定
5,艺术
4,前来
5,新疆
3,避难
3,非物质文化
3,关东
2,鹿肉
2,贸易合作
4,奢侈品
2,地基
4,新闻发布会
4,走到
4,背景
3,综合征
3,乡土
4,所在
3,议题
3,艺术馆
3,洪灾
3,招商银行
3,庆典
4,农业
2,绿园
2,海岬
2,手工艺品
2,屠龙刀
2,就业局
2,和服
2,便溺
4,着急
3,低谷
4,人气
5,太开心
5,标准
3,报酬
4,东京
5,实施
4,公平
3,缺水
2,黄大
2,未明
2,参赞
2,出口国
2,中国海
3,阿富汗
3,重申
3,转运
4,二天
5,开展
5,节目
3,甜点
4,有趣
3,韩式
5,意见
3,决议
6,广州
2,贫民窟
2,许以
2,纪念活动
2,法兰
2,探亲访友
3,中文版
4,全文
4,隧道
4,手段
3,递交
5,以为
3,露天
2,采样
2,欧拉
2,剧增
5,只能
3,细则
4,公主
3,致辞
3,职员
4,舒适
3,有约
4,整体
2,龙马
2,阿蒙
2,登船
2,报道组
2,小聪
2,发展计划
4,上传
4,有所
2,大布
2,瞭望台
3,武力
4,多种
3,小礼
3,导游
2,除草
2,译制
2,大黑
2,图示
4,资料
3,小麦
4,影片
4,多名
2,拉美
2,加利福尼亚
2,凯恩
3,参见
3,亚太
2,艾克斯
4,镜头
4,屏幕
3,约有
3,价位
4,回顾
3,增进
3,部副
3,夜景
2,铁桥
2,逾越
2,稻草人
2,弓箭手
2,小册子
2,在岗
2,主席国
4,原则
4,万人
3,童心
3,王国
3,恶化
5,拥有
2,难民营
2,屁屁
2,减半
5,医院
3,收录
5,能力
4,博士
3,金鱼
2,鲱鱼
3,放缓
3,扎实
3,奶酪
4,回答
4,推进
2,罪过
2,甩卖
2,房总
2,巴鲁
5,粉丝
4,明年
3,报考
2,韩国政府
2,水族馆
2,朴槿惠
2,教育中心
2,卢卡斯
3,惬意
4,神秘
3,中风
2,婶婶
5,系统
4,广播
3,到期
4,仪式
3,可口
3,上岗
4,纽约
3,跨境
5,直接
2,开篇
3,爵士
4,很大
3,胶囊
3,食谱
2,惩罚性
4,新鲜
3,桃子
4,资金
4,亚欧
2,营地
2,脱节
3,橙子
4,握手
2,入籍
3,全长
3,可以使
4,经验
4,程度
3,交换
4,利益
2,贫困地区
3,笔试
4,事业
3,有福
4,顶
2,日内瓦
4,流行
4,欣赏
4,农村
3,浏览
3,原文
4,观点
4,魅力
3,生效
3,曼谷
3,文具
3,万名
2,伯伯
3,日到
4,降低
2,软糖
2,申敏儿
2,斯里兰卡
2,参议员
2,体面
3,事务
4,男女
3,进程
3,五官
5,报道
2,路痴
4,测试
4,又是
4,建筑
2,秋声
2,嫩豆腐
2,商务部长
2,亚诺
4,女神
3,武装
4,味道
5,内容
2,博尔特
4,登记
4,优秀
3,心脏病
3,贫穷
3,艺术品
4,年来
5,感觉
4,行驶
4,爱上
2,赛跑
4,第一次
5,音乐
3,相聚
4,消费
5,男子
5,威武
3,宽度
3,发达
2,清洁工
4,交流
3,行程
2,倚天剑
3,外国人
2,国际移民组织
4,营养
3,几率
4,导演
2,谋生
3,荷兰
2,戀戀
3,赏月
2,热气球
2,冷血
3,跳舞
3,旨在
5,产品
5,旅途
4,浪漫
5,加油
3,汇报
2,民俗村
2,张哥
3,饰演
3,研究所
3,场面
4,说明
3,土耳其
3,做鬼脸
2,倒台
3,漫步
3,叶子
2,首脑
4,周一
4,理解
3,北部
4,在线
3,难免
3,文字版
2,议会
2,时来
3,店铺
2,鲍威尔
2,疟疾
3,实地
2,朗德
4,铁路
3,发售
3,年第
2,主人公
3,聚集
3,剧院
4,一家
3,返回
3,牌子
4,大道
3,亚博
4,开通
2,行政管理
3,可谓
2,马里
3,码头
3,折扣
4,恢复
2,松仁
2,使节
2,崩潰
4,微笑
3,玩具
2,求是
2,政府军
2,持平
3,事实上
4,名字
4,小心
2,狂飙
2,周年庆典
3,放开
3,乐队
2,内战
4,食品
3,角落
3,证书
4,自然
3,最为
4,记录
2,世界旅游组织
3,冬季
3,南部
3,入口
2,菜谱
4,政策
5,市场
4,打击
3,糖尿病
3,群体
3,指控
2,常任
3,家园
3,为期
4,社区
3,华人
3,守护
2,黄金海岸
2,讨论会
2,李纪恒
2,地热
2,印第安
3,新兴
4,治疗
4,行业
3,揭晓
4,多人
4,建设
3,减速
4,提前
2,失业率
4,不到
2,海湾大桥
2,明知
3,开幕式
3,精致
3,晋级
3,负担
3,还好
2,国务卿
3,面试
3,宝贵
3,运气
4,食物
3,翻译
4,研究
2,滑雪场
2,凌驾
3,协调
3,遭到
4,周末
2,手贱
3,约会
3,财政
2,流血
3,友谊
3,东部
3,病人
4,女生
2,广西壮族自治区
3,领先
4,日前
3,爆发
3,居住
2,白昼
2,澳新
2,密集型
2,澳人
3,切克
2,军医
2,咖啡店
3,宠物
3,耳朵
2,化身
3,海鲜
3,将对
3,病毒
3,完了
4,宣布
3,签证
3,同行
4,高速
2,叙利亚政府
3,波动
3,赞啊
4,品牌
3,重要性
3,贸易
3,贡献
2,约旦
2,三溪
3,上面
3,巧克力
3,鉴定
3,普遍
2,纲要
2,横道
3,精美
3,没错
3,合适
3,乐观
4,最美
2,备忘录
3,资格
3,无聊
2,知情
3,葡萄酒
3,女童
2,名胜
3,第九
5,信息
4,酷
2,大屠杀
2,互为
4,第二
3,获奖
3,夏日
3,眼球
2,居高不下
2,化验
5,三星
3,偷乐
4,公布
3,智商
3,伙伴
2,脸谱
2,禅寺
2,嘈杂
2,可再生
3,扩大
3,谅解
3,勇气
3,到达
3,符合
3,火车
3,午餐
2,合作关系
2,便利化
3,机制
2,午夜
2,升水
3,生态
3,物品
3,自行车
2,文化旅游
2,扁平化
2,恐怖主义
2,八重
3,设计师
3,讲述
4,一名
2,候选人
3,不喜欢
3,优势
2,电话卡
3,发挥
3,一座
3,第四
3,数量
3,休闲
3,信心
2,辟谣
2,亮色
3,夏季
3,有意思
3,说是
3,称为
3,用于
3,地下
4,官方
3,好看
27,片品村
2,滑雪
2,波浪
2,常高
2,大利
3,有限
4,用户
2,苦练
2,疫情
2,男孩子
2,幽静
2,加餐
3,大连
2,无糖
3,邀请
3,商品
5,开学
3,集体
3,跟着
3,拍照
3,最多
2,王室
3,黄鸭
3,世纪
3,是由
2,驻华
3,多云
2,文化部
2,国际组织
3,高度
3,费用
2,考点
2,义诊
3,排名
3,截止
2,死亡率
2,充斥
3,绿色
3,下去
3,结合
3,公民
3,每一个
3,规则
2,增长率
2,司长
3,围脖
2,干旱
2,二氧化碳
3,路线
3,反应
3,事实
2,燥热
2,上三
3,吃饭
2,浅薄
2,最大化
2,日程
2,劳工节
3,出生
2,筛选
2,梧桐
2,换装
3,在家
3,局长
3,样子
3,早餐
3,领域
2,菜肴
2,稻草
2,减免
3,年代
3,培训
3,语音
2,香甜
2,流域
2,开进
3,为主
2,特制
3,有奖
4,电话
2,青年人
3,状况
3,犯罪
2,小菜
3,形象
2,燃料
2,关切
3,认真
3,幸运
3,好友
3,范围
3,阴险
2,才艺
2,前所未有
2,赞誉
2,胆量
2,看热闹
2,严峻
3,空气
3,消费者
2,酷暑
2,简短
2,献上
2,段话
2,山下
2,大眼睛
2,别致
2,坚实
3,指数
2,照相机
2,民俗
3,身份
3,考虑
3,高峰
2,艾滋病
2,微弱
3,娱乐
3,支付
2,高危
2,茶馆
3,兴趣
2,取一
4,企业
2,悠久
3,摄影
2,回覆
3,迎来
2,时差
2,七夕
4,学习
3,近期
3,礼物
2,汇集
2,宗旨
2,夜空
2,想来
2,峡谷
2,味儿
2,合作项目
3,辛苦
3,关键
3,人士
2,联络
2,派送
2,振兴
3,真相
2,香槟
3,意识
2,著称
2,红线
2,一览
2,土壤
2,多彩
2,里可
2,我吃
2,厨师
3,速度
2,玩意儿
4,网友
2,急性
2,面具
2,特产
2,富裕
2,保险公司
3,启动
3,引发
3,财经
2,杰克
3,状态
2,宜家
2,唱片
2,齐聚
2,汉堡
2,于此
3,伤害
3,认识
3,害羞
2,大厨
2,养活
2,韵味
2,胡同
2,好囧
3,过来
3,帐号
2,运转
2,老字号
2,港口
2,增大
3,团队
2,近距
3,金融
3,适合
3,交易
3,创新
4,幸福
2,远去
2,国际旅游
2,机型
2,展位
2,发车
3,扩散
2,直达
2,特别关注
3,女性
2,小店
2,大发
3,等待
2,游览
3,附近
2,打扫
3,违法
2,选项
2,参展
2,临时工
2,烟花
2,洪水
2,诗歌
2,趴在
2,年至
2,片刻
2,布丁
2,气象局
2,外来
2,凸显
2,报销
3,自由
2,风味
2,功课
2,人事
2,元起
2,面孔
2,志愿服务
2,出没
2,原版
2,世界经济
2,老实
2,听取
2,供应链
3,回家
2,炎热
3,离开
2,情景
3,咨询
2,长城
3,爸爸
2,之名
2,穿过
3,感动
2,肝癌
2,立体
2,小宝
2,博里
2,升至
2,出于
2,入场
2,保密
2,强劲
3,好好
2,家伙
3,广场
2,餐桌
2,残疾
2,亲友
2,赋予
2,娜姐
2,虚拟
2,渔民
2,实习生
2,谈谈
2,复印件
2,曼德拉
2,马拉松
2,出身
2,要点
2,火山
2,显著
2,雕塑
2,一行
3,精神
2,短短
2,有力
2,可将
3,公开
2,无辜
2,餐馆
2,地带
2,模型
2,条款
2,恐龙
2,前途
2,灰色
2,气氛
2,饼干
2,年间
2,及其他
2,工艺
2,入境
2,便捷
2,重温
2,官方网站
2,游玩
2,前景
2,为生
2,填写
2,可怜的
2,实惠
2,被迫
3,价值
2,新快报
2,水面
2,无情
2,马上就
2,气体
2,中文网
3,时光
2,馒头
2,变革
2,研讨会
2,团结
2,面向
2,糖果
2,出国
2,购物中心
2,假日
2,劳动者
2,可通
2,讲解
2,心目中
2,形势
2,徒步
1,龙小
1,齐鸣
1,魯迅
1,风情画
1,陆海空
1,金绿
1,违例
1,边聊边
1,试产
1,译员
1,裁军
1,蜷川
1,薄脆
1,美茵
1,穆然
1,牛群
1,比都
1,柿饼
1,明治维新
1,日增
1,届电影
1,尔及
1,始祖鸟
1,奇跡
1,圣索
1,国防大学
1,叶美樹
1,卫生健康
1,公然挑衅
1,伊达
1,丰碑
1,专利技术
1,上宾
2,爱生
2,涂鸦
2,求关注
2,只不过
3,今晚
2,五天
2,之人
3,汗
2,选出
2,最新消息
2,散步
2,外交
2,国际机场
3,相信
2,占据
2,蛋白
2,条规
2,困境
2,寿命
2,穷人
2,包含
2,生涯
3,下来
3,汽车
2,创建
2,定于
2,财务
3,上午
2,探讨
2,简历
2,热闹
2,倒数
2,糟糕
2,美术馆
2,欺负
2,女孩子
2,灯光
2,最长
2,增速
2,不靠
2,许是
2,流传
2,归来
2,硬件
2,梦幻
2,秋日
2,大规模
2,强化
2,人次
2,乐园
2,不通
2,国民
2,会展中心
2,度假
2,苹果公司
2,取钱
2,三国
2,营业
2,网页
2,半岛
2,精心
2,预订
2,隐私
2,外界
2,小火
2,围绕
1,雏鸟
1,质素
1,覆盆子
1,莱塔
1,舍恩伯格
1,胡志明市
1,胖嘟嘟
1,特丽
1,浇汁
1,李鑫
1,斯兰市
1,悲剧性
1,德川
1,张坤
1,帕劳
1,小千
1,国际台
1,凯恩斯
1,军事化
1,内比都
1,佩吉
1,会庆
1,于哪里
2,闲置
2,欺骗
2,考验
2,热水
2,适用
2,签署
2,对外
3,处理
2,崩溃
2,定为
2,萝卜
2,明信片
2,螃蟹
2,生意
2,合法
2,分配
2,成人
2,清华
2,活跃
3,女孩
2,路过
2,叔叔
2,一幕
2,哥们
2,连接
2,之家
3,学院
2,说好
2,学术
2,元素
2,体会
2,坚守
2,点滴
2,陷入
2,延长
1,马超
1,青年参考
1,雷鸟
1,陈武
1,阿塞拜疆
1,访者
1,讴歌
1,蔓延到
1,舞池
1,维新
1,科学系
1,福临
1,盖浇饭
1,特产品
1,湖景区
1,沼气
1,油轮
1,栖身
1,日出版
1,文庆
1,教派
1,挂毯
1,扑空
1,战争与和平
1,感染者
1,尔顿
1,宗教文化
1,孟加拉国
1,夫斯基
1,大英雄
1,声名
1,声光
1,吼叫
1,同地
1,出浴
1,冰盖
1,任内
1,人間
1,万人死于
2,前提
2,为人
3,中秋
2,李克强
2,报纸
2,眼前
2,床上
2,手工
2,快报
2,上来
2,大街
3,成功
2,效率
2,非洲
2,红酒
2,好朋友
2,愤怒
2,冲动
2,批准
2,部队
2,早点
2,快快
2,动手
2,晚会
2,足以
2,差距
2,啤酒
4,上海
2,房间
2,视野
3,官网
2,类型
1,韩屋
1,跃出
1,谈判桌
1,菲亚
1,聚齐
1,翠柏
1,纳尔逊
1,精神卫生
1,步出
1,查房
1,月历
1,料理店
1,孙春龙
1,国际学生
1,四驱车
1,医疗点
1,前進
1,全功
1,代尔
1,亲自动手
2,场所
2,建成
2,不好意思
2,周二
2,看点
2,拥抱
2,学生会
2,噢耶
2,组成
2,留言
2,关闭
2,帅气
2,评选
1,比哈尔邦
1,房啦
1,宫城县
1,关性
2,娃娃
1,阻扰
1,种类多
1,熔炉
1,开港
1,团组
1,史学家
1,下船
2,突出
2,悲剧
2,行人
2,想想
3,全国
2,一道
2,平等
1,阿雅
1,迅雷不及掩耳之势
1,轿子
1,独立日
1,牛排馆
1,武宁
1,李稻葵
1,普斯
1,旋涡
1,文部
1,成婚
1,弥合
1,年龄组
1,工薪
1,宫城
1,客满
1,国际货币基金组织
1,动作游戏
1,出乎
1,冠状
1,修道院
2,赛季
2,具备
2,言论
2,口味
2,点评
2,权利
2,顶级
2,修复
2,伤亡
2,力度
2,用心
4,孩子
3,带来
2,周刊
2,纪录
2,天堂
2,破坏
2,大厦
1,鱼汤
1,香槟酒
1,藏红花
1,维克托
1,留影
1,畅畅
1,流行文化
1,洒满
1,早熟
1,意大利人
1,外溢
1,外商
1,坂本
1,哥特
1,和实
1,可持续性
1,中国国际广播电台
1,东亚地区
2,高温
2,完整
2,低于
2,角色
2,冬天
2,规范
2,告别
2,马路
2,想法
2,表明
2,祝贺
2,诞生
2,看出
2,成就
2,首届
2,牛肉
2,发给
2,进口
2,高级
1,麻小
1,通胀率
1,跑上
1,花火
1,牙买加
1,烧酒
1,未卜
1,时值
1,日盛
1,打击犯罪
1,成果展示
1,恍然
1,广播剧
1,工作区
1,多领
1,外交部长
1,地支
1,吓呆
1,出人意料
1,儿童教育
1,停息
1,东非
2,摄影师
2,运动员
2,规模
2,提问
2,创作
2,土豆
2,见到
2,车祸
2,竟是
2,核心
2,起床
2,不适
1,门厅
1,配制
1,警灯
1,警报器
1,童工
1,盖饭
1,狩猎
1,特派团
1,流来
1,棘手
1,李文
1,朝鲜半岛
1,昂丝
1,旷野
1,旅行网
1,房屋出租
1,大坝
1,吟诵
1,及信息
1,南半球
1,别向
1,不无
2,住房
2,推广
2,可惜
2,新加坡
1,威登
2,大一
1,改进型
1,境外旅游
1,余可以
1,鲜鱼
1,马士革
1,金饰品
1,蹂躏
1,购物者
1,贝卢
1,精品店
1,斯科尼
1,报考者
1,心理辅导
1,德国政府
1,强于
1,夫君
1,基尼
1,双亲
1,加菲
1,列宁
1,中餐厅
1,一马
2,承担
2,坐在
2,用来
2,携带
2,巴黎
1,表演区
1,波斯菊
1,差异性
1,公园区
1,传讯
1,以政治
2,过度
2,车道
2,展开
2,神器
2,竞争
2,年底
1,跟踪报道
1,自新
1,称道
1,涌来
1,浓重
1,洋娃娃
1,枪击
1,易受
1,古训
1,历年来
1,凯悦
1,上头
2,可怕
1,李明博
1,書屋
2,战争
2,红色
2,小时候
2,乡村
18,蓝花楹
2,渠道
2,房产
2,损失
2,景区
2,课程
1,饮食文化
1,金饰
1,近在咫尺
1,近况
1,薄荷糖
1,简要
1,牵涉
1,涵涵
1,浆果
1,新南
1,政府工作
1,意料
1,实地调查
1,十国
1,办公区
1,下任
1,一将
2,勇敢
2,证实
1,百济
1,洋基
1,哥儿们
2,天空
2,感冒
1,超快
1,资源共享
1,豆包
1,登门
1,玛德
1,特使
1,爵士乐
1,比赛结果
1,族群
1,新航
1,拜会
1,小学校
1,图钉
1,吉田
1,叛乱
1,受难
1,卡大
1,华服
1,互信
2,早晨
2,增强
2,同事
2,远离
3,大学
2,年度
1,小茴香
1,大墙
2,进步
1,路易威登
1,要道
1,畜牧
1,杂念
1,录音棚
1,寿星
1,地雷
1,咽下
1,吸尘器
1,决策者
1,五百年
1,乐手
1,中国外交部
2,登录
2,印度
2,做法
1,古奇
2,春天
1,路易
1,芬兰人
1,节奏感
1,皮艇
1,猪排
1,欧洲人
1,宠儿
1,原动力
1,出逃
1,先期
2,沟通
2,接触
1,隐私权
1,耐克
1,经济贸易
1,眼镜店
1,活动安排
1,带路
1,小摊
1,密布
1,千禧
1,光州
1,专机
2,遗憾
2,奋斗
2,重大
2,门票
2,监督
1,访华
1,花环
1,礼花
1,時代
1,外省
2,牛奶
2,想起
2,路口
2,含有
2,回到
2,机动车
2,因素
1,鳗鱼
1,高材生
1,西南地区
1,网络直播
1,维生
1,米其林
1,斯洛文尼亚
1,撒哈拉
1,俊男
1,互惠
1,一星
2,伟大
1,美洲驼
1,中晚餐
2,必要
1,压轴戏
1,期日
1,医疗站
1,达沃斯
1,轻型
1,空运
1,曾于
1,教诲
1,地下室
1,剥削
1,别烦我
1,东北人
2,风格
2,观众
1,荒漠化
1,太平洋地区
1,中国首家
1,松德
1,奥黑尔
1,特别推荐
1,扇子
1,尼斯
1,周小
1,号召力
1,区位
1,伊利诺伊州
1,两极
2,防止
2,培养
2,时报
2,承诺
1,身世
1,港区
1,安吉丽娜
1,叶草
1,凯莉
1,木屐
2,确认
2,对此
1,艾滋病毒
1,继承人
1,秘鲁
1,生殖器
1,熬成
1,民主党
1,实乃
1,公众人物
1,中立
2,质疑
2,联盟
2,一句话
2,听到
1,家庭暴力
2,漫画
2,完善
2,尝试
2,俱乐部
1,鲜包
1,特尼
1,住到
2,不爱
2,新品
2,男生
2,里面
1,苏丹
1,电影人
1,广电总局
1,到会
2,意思
2,负责
1,胖妞
1,尔德
1,土著
1,估价
2,传播
2,警惕
1,晴空
1,应景
1,如用
1,大方向
1,加勒比
1,人山人海
2,身份证
2,阶段
2,答案
2,看着
1,项以
1,谭盾
1,文化部长
1,天维
1,南法
1,临场感
1,饥荒
1,盖章
1,版面
1,滑板
1,朱莉
1,年末
1,中包
2,感到
2,最爱
2,雨天
1,攻击性
1,感覺
1,哀悼
1,丧生
2,凌晨
1,远扬
1,茶有
1,茶室
1,联结
1,探路
1,拉尔夫
1,交通便利
1,万马
1,肠子
1,石让
1,广播体操
1,奶水
1,国泰
1,决出
1,亚历山大
2,走进
2,态度
2,放在
1,饱受
1,到访
2,趋势
1,雇主
1,政客
1,德语
2,上涨
2,患者
2,居民
2,办法
1,童养媳
1,卢迈
2,水平
1,辍学
1,财政部长
1,绵羊
1,曲子
1,日星
1,国际法
2,质量
2,变化
3,提醒
1,澳大
1,流过
2,关心
2,人民币
2,回应
1,蠟燭
1,弱势群体
1,应征
2,珍惜
2,充满
2,达人
2,时刻
1,饭团
1,反作用
1,健行
1,不相上下
1,盲从
1,河畔
1,允浩
2,周五
2,中学
2,温暖
1,象徵
1,冷冽
1,获知
1,舞者
1,缓和
1,场馆
2,全新
1,三叶草
1,部族
1,诸神
1,误用
1,皮箱
1,幕府
1,取水
1,佐以
2,可怜
1,海产
1,帕亚
1,集会
1,进退
1,悠游
1,在线视频
2,风景
1,战事
1,微妙
1,小心翼翼
1,跨国
1,七日
2,毕业
2,情绪
1,弦歌
1,张律
1,表述
1,福来
1,免于
2,思想
2,重点
1,江口
1,从业者
1,领导力
1,赛道
2,明星
2,水果
1,香奈儿
1,军装
2,不知
1,小宝宝
1,女演员
1,外长
1,拉巴
1,博都
1,军官
1,伯爵
1,万似
1,面谈
1,连结
1,迈尔
1,自民党
1,缺血性
1,王陵
1,炸锅
1,江户
1,氏族
1,山崩
1,俯冲
1,法兰克福
1,水电
1,截肢
1,座谈
1,偏见
1,何洁
1,人质
1,青春片
1,里程碑式
2,动态
2,信号
2,有没有
1,德斯
1,可信
1,人行
2,疯狂
2,发布会
1,肝硬化
1,永明
1,曹操
1,长崎市
1,密西根
1,咸水
1,亲善
1,高昂
1,萨斯
1,小号
1,古董
2,睡觉
1,博鳌
2,客户
1,国际金融公司
1,包装材料
2,衣服
2,每一
2,拒绝
1,菜单
1,网罗
1,周报
1,童装
2,职业
2,压力
1,联和
1,结核病
1,磨盘
1,望见
1,拉脱维亚
1,开脱
1,名园
1,受惊
1,克里斯托弗
1,大百科
2,科技
1,闲聊
1,茜茜
1,吉祥物
2,感受
2,德国
2,累
1,鸡尾酒
1,雷克
1,幽谷
1,非主流
1,开拍
1,高龄
2,主任
2,咖啡
2,购买
1,意在
1,除草剂
1,阿部
1,镜框
1,蓄水
1,脚手架
1,母语
1,朗姆
1,基辅
1,内加
1,于山
1,为患
1,丘陵
1,拉迪
1,疑云
2,力量
1,好笑
1,失业金
2,单位
1,我错了
1,哈尔滨人
1,早婚
1,首饰
2,天下
2,获取
2,领导
1,顺位
1,送检
1,赶早
1,秋田
1,滑倒
1,水幕
1,斯克
1,数以万计
1,慈善家
1,密密
1,安泰
1,医疗保健
1,纽约时报
2,互联网
1,神奈川县
2,笑哈哈
1,扬声器
1,皆宜
1,照发
1,主将
1,个火
1,世界妇女大会
1,二十年
1,华尔街日报
2,不想
2,警察
1,松岛
1,到爆
1,分辨率
1,七年
1,香瓜
1,领来
1,页岩
1,露水
1,避难所
1,覆盖率
1,疾患
1,独具
1,游网
1,手帕
1,山口
1,学习交流
1,一峰
2,女儿
1,有罪
2,气温
1,主义
2,宝贝
1,配音
1,表决
1,现年
1,白茫茫
1,风物
1,预装
1,药材
1,欢迎光临
1,日用
1,换气
1,展示馆
1,富饶
1,天公
1,大岛
1,原创作品
1,业者
1,泛滥
2,每日
1,女婿
2,一生
1,白米
1,最高点
1,华贵
1,专长
1,罪行
1,青蒜
1,近郊
1,设限
1,行政部门
1,筑巢
1,水母
1,台长
1,到今
1,不同寻常
1,湘玉
1,钱吗
2,群众
2,广东
1,视频直播
1,齐聚一堂
1,边缘化
1,绿树成荫
1,等同
1,民俗文化
1,日本国
1,旅游活动
1,布鲁
1,乘船
1,热播
1,绑架
1,驶过
1,紧抱
1,空气清新
1,爆满
1,抗击
1,往常
1,古典音乐
1,北极光
1,全人类
1,价值链
1,中央商务区
2,资讯
1,母乳
1,头版
2,方法
1,过来人
1,西北部
1,组件
1,深入到
1,水来
1,放假啦
1,对折
1,客运量
1,天等
1,东段
1,不详
2,身体
1,驶近
2,容易
2,生日
2,经典
1,铁轨
1,美称
1,牡蛎
1,弧线
1,容许
1,奥尼尔
1,参看
1,原意
1,卡塔尔
1,出席活动
1,乔木
1,丰田
1,娱乐圈
1,千与千寻
1,鞭炮
1,闲适
1,长老
1,菜叶
1,腰痛
1,网络平台
1,纹路
1,竹竿
1,盐分
1,果酱
1,新闻系
1,奖赏
1,大都会
1,大汗淋漓
1,大功率
1,他指
2,宝宝
2,坚持
2,最高
1,配菜
1,透亮
1,福祉
1,社会福利
1,研究机构
1,理发店
1,烤制
1,河岸
1,栖息
1,未知数
1,寄予
1,和风
1,全州
1,凯迪拉克
1,运往
1,车来
1,美洲
1,糕点
1,神山
1,扑鼻
1,干红
1,布鲁克
1,多层
1,塔利班
1,受热
1,中央政府
1,报读
1,花花
1,趣闻
2,成都
1,雪碧
1,盛名
1,珀斯
1,桃李
1,新闻媒体
1,强加
1,对头
1,土豆泥
1,厚望
1,会期
1,中英文
1,东岸
1,世界卫生组织
2,值得
2,习惯
1,触觉
1,矿工
1,溢出
1,温习
1,比率
1,李一
1,文化交流
1,复明
1,在世
1,县市
1,危重
1,剧团
1,分布式
1,出产
1,内饰
1,神经病
1,变态
2,香港
1,起降
1,神韵
1,浴场
1,时装秀
1,旅行者
1,情境
1,地方特色
1,国际商务
1,原住民
1,能参
1,羔羊
1,畅想
1,往返机票
1,彩灯
1,庇护
1,就任
1,反差
1,参赛者
1,鲸鱼
1,车也
1,起自
1,爱立信
1,湿气
1,栋梁
1,建筑师
1,将士
1,地缘
1,去取
1,出土
1,冷汗
1,一瞬
1,同感
1,生日会
1,爱惜
1,投影
1,愈演愈烈
1,心到
1,外传
1,亲历
1,主题公园
1,万年前
1,杨杨
1,阵亡
1,路程
1,诊疗
1,矿山
1,用作
1,应尽快
1,升空
1,前列
1,元旦
1,世道
2,梦想
1,青龙
1,遗留
1,真空
1,大明湖
1,多样性
1,壁画
1,喷发
1,古建筑
1,假面
1,专家学者
1,万到
1,馆长
1,顶端
1,蓝图
1,菲尔
1,江水
1,岛国
1,学人
1,大巴车
1,善心
1,可导
1,中欧
1,饮茶
1,食醋
1,观景
1,温哥华
1,旅游资源
1,捕捞
1,待续
1,异国
1,工种
1,屏障
1,仲夏
1,亮起
1,产业化
2,笑
2,能量
1,送行
1,装饰品
1,着重
1,深切
1,武士
1,新闻出版
1,招揽
1,投递
1,惠及
1,小道
1,靓照
1,里程碑
1,配以
1,迅猛
1,耶稣
1,而定
1,水产
1,本田
1,时令
1,妇科
1,多者
1,保有
1,人大常委会
1,世外桃源
1,高品质
1,风扇
1,郊外
1,电子邮件
1,新潮
1,小雪
1,小叶
1,厚厚
2,爱情
1,飞过
1,霸主
1,菲尔德
1,涌入
1,桂冠
1,林肯
1,有所不同
1,影视剧
1,合唱团
1,助威
1,京都
1,丰盛
1,驶离
1,言和
1,荒谬
1,州立
2,男人
1,陈列
1,酸酸
1,迈向
1,基石
1,喜庆
1,发烧友
1,双层
1,随行
1,诸如
1,街角
1,电车
1,活生生
1,应邀
1,年长
1,头骨
1,冰棍
1,桥面
1,山中
1,小虎
1,发展战略
1,出海
1,交易会
1,两头
1,配乐
1,夏斌
1,壮丽
1,农贸市场
1,佳肴
1,鱿鱼
1,种族
1,游行
1,涌现
1,来访
1,幸存者
1,周年纪念
1,危及
1,南航
1,加有
1,院子
1,闭幕
1,走廊
1,荣幸
1,晨光
1,所用
1,山城
1,保护区
1,传真
1,罢工
1,笼罩
1,熟知
1,湖滨
1,洋溢
1,恰当
1,开采
1,催生
1,鼻血
1,表格
1,有特色
1,日大
1,外墙
1,坐上
1,鱼类
1,领导者
1,配有
1,筹集
1,灯塔
1,善举
1,作品展
1,香草
1,静谧
1,远大
1,英国人
1,比重
1,显眼
1,拍得
1,怕人
1,小牛
1,子爱
1,原味
1,不可或缺
1,一重
1,附图
1,迈克尔
1,迁移
1,跃升
1,牛津
1,权限
1,慷慨
1,年到
1,同等
1,出镜
1,其他国家
1,黄油
1,留下来
1,搬到
1,排便
1,招牌菜
1,恬静
1,孤儿
1,冰激凌
1,做为
1,丫丫
1,不菲
1,预案
1,职业技能
1,绘制
1,源泉
1,提案
1,小青
1,咖啡厅
1,魄力
1,高质量
1,酿成
1,跑道
1,贯穿
1,空港
1,水都
1,止血
1,日式
1,事关
1,诚邀
1,狂奔
1,法西斯
1,欧阳
1,棱角
1,强硬
1,小站
1,吸引人
1,华侨
1,制品
1,曼联
2,担心
1,集团公司
1,斩获
1,接过
1,执照
1,店员
1,应付
1,发力
1,劳动力
1,馈赠
1,金融街
1,近代
1,良性
1,职能
1,督查
1,游人
1,折射
1,应用程序
1,广播电台
1,太郎
1,鸟儿
1,菜花
1,芋头
1,第一站
1,环境保护
1,牢固
1,爆棚
1,烟火
1,满月
1,敏锐
1,年半
1,山谷
1,山羊
1,始发
1,合作社
1,取名
1,准考证
1,蜜月
1,树叶
1,彼得
1,崇高
1,在建
1,匆忙
1,交流合作
1,驶往
1,闻到
1,照常
1,灰心
1,老张
1,月圆
1,惊慌
1,布衣
1,宛如
1,取悦
1,三重
1,潜能
1,房源
1,情调
1,悄无声息
1,平平安安
1,干线
1,原产地
1,光彩
1,高雅
1,领到
1,芬芳
1,致残
1,统计数据
1,研究报告
1,新奇
1,接听
1,成名
1,佳品
1,互补
1,苏格兰
1,续航
1,油腻
1,教给
1,上镜
1,动武
1,赞赏
1,约翰逊
1,标志性
1,村落
1,成品
1,协同
1,为人民服务
1,中表
1,行列
1,相隔
1,热门话题
1,抑郁症
1,情谊
1,市中心
1,尤为
1,墙体
1,在任
1,街区
1,撒娇
1,想像
1,平日
1,吃上
1,发到
1,扭转
1,帐户
1,增值税
1,后人
1,全力以赴
1,饕餮
1,过世
1,经商
1,流出
1,指点
1,四名
1,制约
1,贵宾
1,身处
1,贝壳
1,葫芦
1,竹林
1,橡皮
1,查阅
1,授课
1,弱势
1,大虾
1,后加
1,以南
1,丑女
1,鲜美
1,追随
1,迫切
1,越过
1,环绕
1,常来
1,立足
1,福特
1,用法
1,情趣
1,引擎
1,大军
1,坟墓
1,喜讯
1,友善
1,供水
1,伤员
1,贫富
1,自然保护区
1,网上报名
1,救护
1,挤出
1,废弃
1,国家统计局
1,动荡
1,九寨
1,中式
1,闪烁
1,道上
1,着眼
1,揭幕
1,展览会
1,供给
1,有意者
1,必不可少
1,巩固
1,喂食
1,升高
1,产量
1,中途
1,良药
1,统筹
1,瞩目
1,春季
1,图来
1,商务部
1,办好
1,东京湾
1,一条街
1,风景线
1,雨伞
1,谦虚
1,现场直播
1,小城
1,世界纪录
1,韩剧
1,法式
1,强力
1,应为
1,好转
1,墨西哥
1,发病率
1,公认
1,喧嚣
1,号外
1,冲刺
1,人参
1,美联储
1,提早
1,天将
1,多发
1,占地
1,音乐人
1,降至
1,噪音
1,能来
1,能开
1,环岛
1,政府部门
1,开窗
1,外国语
1,高出
1,小家伙
1,台阶
1,分裂
1,会谈
1,素食
1,独有
1,晨曦
1,日均
1,快餐
1,将就
1,坐落
1,保有量
1,上空
1,鱼肉
1,社会发展
1,惊叹
1,小路
1,军人
1,关乎
1,传授
1,事迹
1,高薪
1,水质
1,摧毁
1,年期
1,喀什
1,发酵
1,阔别
1,苦苦
1,瞅瞅
1,接纳
1,带感
1,历史文化
1,说服
1,肺癌
1,第一届
1,直径
1,海绵
1,武林
1,弯曲
1,奶油
1,大好
1,辛勤
1,开眼
1,天和
1,中美
1,走遍
1,警报
1,蔓延
1,联邦
1,现场报道
1,彩排
1,亮丽
1,连锁
1,有数
1,实物
1,第六届
1,晴朗
1,发电
1,共和国
1,钱来
1,起航
1,计量
1,崇拜
1,山上
1,选拔
1,身在
1,看重
1,家门
1,甜甜
1,形态
1,发奖
1,丰厚
1,三周
1,着装
1,慈悲
1,跆拳道
1,绚丽
1,框架
1,惨剧
1,宗教
1,反击
1,分发
1,免签
1,任何时
1,采集
1,外部
1,农药
1,战火
1,后卫
1,党委书记
1,能想
1,特有
1,牵头
1,牛排
1,扎堆
1,地标
1,七成
1,阶层
1,旋转
1,外逃
1,加剧
1,丰收
1,油画
1,暖暖
1,总数
1,全景
2,快乐
1,组建
1,糯米
1,尖叫
1,可笑
1,南大
1,五星
1,繁忙
1,石化
1,海景
1,奇特
1,四人
1,口语
1,仅能
1,追寻
1,剥夺
1,前锋
1,中大
1,钱声
1,杰出
1,延误
1,奖项
1,初衷
1,农场
1,罗马
1,立新
1,熟睡
1,冰淇淋
1,公共服务
1,火钳
1,容量
1,原理
1,人权
1,人中
1,饮水
1,足迹
1,开辟
1,占领
1,解决方案
1,灾害
1,早饭
1,防护
1,沐浴
1,一地
1,鸭子
1,美酒
1,天会
1,倡导
1,重生
1,跨界
1,旅馆
1,刘明
1,全方位
1,不具
1,海岸
1,工作者
1,采摘
1,自治区
1,真人
1,梦见
1,无忧
1,新作
1,跟踪
1,方言
1,弹性
1,使馆
1,身着
1,贵重
1,第四届
1,注意到
1,走来
1,赢家
1,省级
1,畅游
1,都比
1,腹泻
1,经济学家
1,盛会
1,物资
1,柏林
1,来得及
1,承办
1,年中
1,亲临
1,期盼
1,婴幼儿
1,医药
1,遵循
1,提神
1,名家
1,构建
1,开来
1,寿司
1,出事
1,壮观
1,鲨鱼
1,跨越
1,日来
1,往年
1,潜力
1,地道
1,国度
1,会场
1,举动
1,下旬
1,签字
1,开会
1,交大
1,闪耀
1,误解
1,笑脸
1,模拟
1,强迫
1,议员
1,玩意
1,步行
1,层面
1,运作
1,痕迹
1,专卖店
1,鸡肉
1,集合
1,长度
1,流失
1,万岁
1,食材
1,通话
1,赶上
1,出走
1,走上
1,坏事
1,转转
1,搭档
1,太阳能
1,故乡
1,怀旧
1,他去
1,高潮
1,客人
1,学业
1,诠释
1,本土
1,宣言
1,夕阳
1,吃法
1,面粉
1,避开
1,点到
1,潘石屹
1,卓越
1,飙升
1,肥皂
1,病情
1,遗址
1,求学
1,宜居
1,万辆
11,新潟
1,首选
1,节约
1,旅行社
1,推迟
1,都爱
1,深化
1,承载
1,商店
1,反对派
1,一堂
1,旗舰店
1,有心
1,转告
1,时隔
1,总能
1,定价
1,原料
1,决策
1,短片
1,步骤
1,时间表
1,一事
1,高血压
1,美美
1,枕头
1,拍手
1,天鹅
1,大城市
1,诚实
1,誓言
1,万家
1,补助
1,战士
1,室外
1,生时
1,现出
1,何弃疗
1,有毒
1,宽松
1,同伙
1,不远
1,用水
1,脱离
1,着手
1,找工作
1,发来
1,倡议
1,人因
1,书籍
1,鸡汤
1,沿海
1,杀害
1,最深
1,学年
1,奔驰
1,总额
1,月初
1,得主
1,再现
1,东南亚
1,钟楼
1,粉色
1,牛牛
1,气候
1,好莱坞
1,珍珠
1,来都
1,学历
1,留学生
1,接力
1,处理器
1,十国集团
1,还原
1,超值
1,聆听
1,皇家
1,充实
1,预算
1,远远
1,运动会
1,取决于
1,经费
1,佳节
1,好评
1,设定
1,艺人
1,放学
1,分布
1,雷雨
1,谈判
1,职位
1,大巴
1,站上
1,一流
1,科目
1,景色
1,文物
1,巡逻
1,婚纱照
1,请求
1,现有
1,昔日
1,展会
1,退役
1,誉为
1,撒花
1,须要
1,车身
1,机械
1,立法
1,生活方式
1,风尚
1,装置
1,美术
1,汇聚
1,场合
1,越南
